id_contrato,idade,renda_mensal,tempo_emprego_anos,score_credito,dividas_ativas,possui_imovel,finalidade,valor_emprestimo,prazo_meses,inadimplente
100001,44,4404.99,3.9,850,1,sim,reforma,21000.0,36,0
100002,28,,12.0,614,0,nao,veiculo,8800.0,48,0
100003,49,,6.3,589,1,nao,reforma,23800.0,36,0
100004,51,5785.56,25.3,572,0,nao,veiculo,22200.0,24,0
100005,18,1412.0,2.0,831,2,nao,reforma,11400.0,24,0
100006,24,4119.29,8.0,730,1,nao,reforma,40000.0,48,0
100007,42,2192.82,,393,1,nao,pessoal,11300.0,48,0
100008,36,,13.3,387,0,nao,negocio,5900.0,24,1
100009,40,3357.3,2.8,532,0,sim,reforma,11500.0,24,0
100010,30,4141.96,0.5,670,1,nao,pessoal,15100.0,24,0
100011,51,1680.78,,636,0,sim,pessoal,6700.0,48,0
100012,49,6043.55,11.5,707,1,sim,reforma,15500.0,48,0
100013,41,5730.77,3.8,617,1,sim,reforma,65300.0,48,0
100014,54,4252.46,6.0,822,2,sim,negocio,9300.0,60,0
100015,46,2467.2,1.2,740,2,nao,reforma,18800.0,48,0
100016,30,1927.99,2.9,650,1,nao,pessoal,1800.0,36,0
100017,44,6842.72,18.9,789,1,nao,pessoal,20300.0,24,0
100018,28,1412.0,4.4,426,0,nao,veiculo,4000.0,24,0
100019,51,7441.86,2.3,629,1,nao,veiculo,29900.0,24,1
100020,39,3362.2,0.4,658,1,nao,negocio,9500.0,12,0
100021,38,3453.11,2.1,718,1,nao,reforma,27800.0,12,0
100022,32,1412.0,5.6,417,4,nao,negocio,4300.0,12,1
100023,55,3822.74,4.6,606,0,sim,educacao,7200.0,24,1
100024,38,5101.1,3.7,692,2,nao,reforma,10000.0,60,0
100025,35,1684.94,12.3,702,2,nao,veiculo,4400.0,36,0
100026,36,4678.07,3.8,794,0,nao,veiculo,25300.0,24,0
100027,46,4175.5,1.2,739,0,sim,veiculo,25200.0,24,0
100028,44,,2.2,632,2,sim,educacao,4600.0,36,0
100029,45,6294.82,9.3,728,1,sim,pessoal,13600.0,60,0
100030,45,1412.0,0.4,614,1,sim,negocio,2600.0,24,0
100031,66,5014.51,14.3,659,1,sim,veiculo,14800.0,60,0
100032,35,8562.95,3.8,743,4,nao,veiculo,53400.0,60,0
100033,34,7665.27,7.9,634,0,nao,pessoal,29700.0,48,0
100034,30,4094.02,14.0,687,0,nao,pessoal,19900.0,36,0
100035,47,3403.69,5.6,765,1,sim,veiculo,18600.0,24,0
100036,54,2921.13,3.3,733,3,sim,pessoal,7200.0,12,0
100037,39,3116.92,,800,1,nao,pessoal,5100.0,48,0
100038,30,4455.89,3.5,943,2,nao,pessoal,11000.0,60,0
100039,30,,4.4,731,3,nao,pessoal,12100.0,48,0
100040,48,6158.09,2.5,580,0,sim,negocio,30900.0,12,0
100041,49,13259.48,6.0,707,0,sim,veiculo,48700.0,12,0
100042,47,3883.55,0.4,701,1,nao,veiculo,24000.0,24,0
100043,32,1617.4,,720,2,nao,negocio,6200.0,60,0
100044,43,1837.61,5.3,834,1,sim,veiculo,5300.0,12,0
100045,41,5772.61,3.4,421,1,sim,negocio,7900.0,24,0
100046,43,3725.54,3.0,837,2,sim,negocio,28000.0,36,0
100047,50,6712.14,7.2,881,0,sim,reforma,22200.0,12,0
100048,43,2870.75,6.2,714,1,nao,veiculo,7700.0,12,0
100049,48,6411.07,0.5,717,0,sim,educacao,21100.0,12,1
100050,41,,7.4,609,2,sim,pessoal,29700.0,36,1
100051,43,2573.32,0.5,641,3,nao,veiculo,16300.0,24,0
100052,48,3256.44,,731,1,sim,pessoal,9200.0,12,0
100053,23,1558.24,2.5,722,0,nao,pessoal,7200.0,36,0
100054,36,10620.48,4.3,734,1,nao,pessoal,77600.0,48,0
100055,34,3292.74,7.2,721,0,sim,negocio,14200.0,48,0
100056,32,4829.4,5.5,757,1,sim,pessoal,18200.0,48,0
100057,37,2678.08,0.6,742,0,sim,veiculo,2700.0,36,0
100058,58,2323.56,9.9,507,0,sim,veiculo,17200.0,48,0
100059,30,2905.19,9.8,748,2,sim,veiculo,5500.0,12,0
100060,52,7593.69,5.4,882,2,sim,educacao,8700.0,24,0
100061,20,2165.77,1.4,637,1,nao,educacao,2600.0,48,1
100062,36,2203.05,1.3,835,2,nao,reforma,4600.0,24,0
100063,42,4147.93,16.7,521,1,nao,reforma,19400.0,24,0
100064,47,5286.98,1.0,636,1,sim,educacao,37100.0,12,0
100065,49,10125.34,5.5,557,2,sim,veiculo,43500.0,60,0
100066,50,5034.05,16.6,819,1,sim,veiculo,49900.0,60,0
100067,36,5067.42,2.0,853,1,nao,pessoal,13900.0,12,0
100068,34,5156.88,1.0,627,0,sim,pessoal,15700.0,24,0
100069,50,2197.9,2.0,792,0,sim,negocio,2500.0,24,0
100070,38,2142.88,10.6,855,0,nao,educacao,5300.0,24,0
100071,25,1704.59,9.0,636,2,nao,veiculo,1800.0,24,0
100072,26,1507.22,2.9,657,0,nao,pessoal,2400.0,24,0
100073,29,5052.3,,735,1,nao,reforma,25800.0,48,0
100074,46,4663.68,15.3,530,0,nao,negocio,5900.0,60,0
100075,42,3978.19,1.4,654,1,sim,negocio,5400.0,12,1
100076,48,1412.0,3.4,919,1,sim,reforma,1700.0,24,0
100077,35,10883.71,7.6,575,1,nao,reforma,60700.0,48,0
100078,42,2328.57,18.3,751,0,sim,pessoal,21800.0,24,0
100079,48,12549.49,15.3,708,2,sim,pessoal,42000.0,24,0
100080,36,1602.48,4.9,619,0,nao,pessoal,9900.0,24,0
100081,45,2516.42,2.6,669,1,sim,veiculo,4400.0,36,0
100082,32,1412.0,7.2,868,0,nao,negocio,10300.0,24,0
100083,36,4339.7,0.9,712,0,sim,negocio,9900.0,12,0
100084,35,1917.58,19.0,732,1,sim,pessoal,10000.0,48,0
100085,26,1738.11,1.8,848,0,nao,veiculo,6000.0,24,0
100086,46,1868.98,4.8,602,2,nao,pessoal,2100.0,60,0
100087,34,5324.27,0.1,504,1,nao,veiculo,11000.0,36,1
100088,40,,3.4,870,1,sim,educacao,21400.0,12,0
100089,46,10771.4,,658,2,sim,educacao,12400.0,24,0
100090,45,2698.02,2.5,756,0,nao,negocio,11300.0,60,0
100091,48,4579.24,4.2,541,1,sim,veiculo,6900.0,12,1
100092,39,1811.8,0.8,691,5,nao,reforma,8800.0,24,1
100093,35,2922.63,5.1,497,0,nao,negocio,4500.0,24,0
100094,39,2767.91,11.9,648,1,nao,reforma,12600.0,60,1
100095,20,3723.36,1.8,556,0,nao,pessoal,21300.0,60,0
100096,23,5266.16,7.0,526,0,nao,pessoal,16700.0,48,1
100097,24,5263.96,2.4,601,1,nao,pessoal,17600.0,24,1
100098,28,2025.54,2.6,342,1,nao,pessoal,17300.0,24,1
100099,45,6812.87,,489,2,nao,veiculo,14900.0,12,1
100100,29,3183.86,3.7,742,0,nao,reforma,8100.0,12,0
100101,35,2939.46,4.9,685,0,nao,pessoal,15100.0,60,0
100102,56,2806.62,11.6,500,1,sim,pessoal,12700.0,36,1
100103,36,2613.45,10.7,711,1,nao,pessoal,7900.0,24,0
100104,49,10694.69,1.7,526,1,nao,educacao,18100.0,48,0
100105,29,3862.89,3.2,734,1,nao,pessoal,24200.0,12,0
100106,38,4006.91,12.3,625,1,nao,pessoal,6700.0,36,0
100107,29,2823.86,0.3,598,1,nao,reforma,38800.0,24,1
100108,36,13652.53,1.1,628,1,sim,veiculo,23300.0,36,0
100109,50,8494.49,0.5,973,2,sim,pessoal,15300.0,24,0
100110,19,1911.57,2.6,541,0,nao,educacao,8200.0,12,1
100111,45,3384.37,2.7,669,0,nao,veiculo,16500.0,60,0
100112,43,3422.05,0.0,742,1,sim,veiculo,6700.0,60,0
100113,33,3716.53,6.7,515,0,nao,reforma,35900.0,36,0
100114,23,2046.78,7.0,433,1,nao,pessoal,8700.0,48,1
100115,41,,3.5,562,0,nao,pessoal,14500.0,24,0
100116,34,7716.64,1.0,739,1,nao,veiculo,34000.0,24,0
100117,43,1869.33,13.4,596,2,nao,pessoal,13500.0,24,1
100118,40,2002.34,11.1,610,1,nao,pessoal,18400.0,12,1
100119,59,3176.96,4.7,758,1,sim,pessoal,12500.0,36,0
100120,37,2829.61,,535,2,nao,veiculo,4600.0,48,1
100121,28,9665.26,4.3,628,0,nao,educacao,15900.0,48,0
100122,42,6606.44,3.4,443,1,nao,veiculo,9900.0,36,0
100123,43,6471.78,6.8,682,2,sim,negocio,15400.0,36,0
100124,56,3583.21,14.6,670,1,sim,veiculo,12800.0,36,0
100125,50,3540.22,6.3,743,2,nao,veiculo,14100.0,60,1
100126,44,,12.0,491,1,sim,pessoal,12100.0,24,0
100127,58,6370.12,12.4,615,1,sim,pessoal,6400.0,36,0
100128,26,4108.38,,474,2,nao,pessoal,14300.0,60,0
100129,32,,5.3,608,1,nao,pessoal,31700.0,36,1
100130,29,2904.86,,833,0,sim,reforma,1900.0,48,0
100131,35,3250.39,3.9,598,0,nao,pessoal,14900.0,36,0
100132,23,3305.09,1.4,462,0,nao,pessoal,59500.0,60,1
100133,48,6630.81,2.5,552,0,nao,educacao,36900.0,60,1
100134,37,1602.81,,431,2,sim,pessoal,6700.0,36,1
100135,22,4449.18,6.0,472,2,nao,negocio,13200.0,12,1
100136,28,3183.91,0.1,727,2,nao,educacao,12800.0,36,0
100137,44,2174.23,,452,2,sim,pessoal,19100.0,24,1
100138,50,1412.0,0.2,681,2,sim,pessoal,4000.0,24,0
100139,64,3844.34,13.8,643,2,nao,negocio,27500.0,36,0
100140,75,9188.05,26.4,571,0,sim,educacao,42500.0,36,0
100141,45,9882.18,2.9,670,0,sim,negocio,91800.0,60,0
100142,28,3915.09,12.0,518,3,sim,pessoal,26300.0,12,0
100143,18,8237.71,0.1,749,1,nao,veiculo,32300.0,24,0
100144,43,3760.14,8.9,549,3,sim,pessoal,14200.0,36,1
100145,30,5581.46,7.9,590,0,nao,veiculo,16200.0,36,0
100146,35,2741.7,14.9,574,0,sim,pessoal,17200.0,24,0
100147,33,2584.5,,730,1,nao,reforma,6300.0,24,0
100148,38,2507.67,0.2,711,1,nao,veiculo,9400.0,24,0
100149,53,1412.0,13.0,300,1,sim,educacao,4400.0,60,0
100150,42,7729.2,2.0,673,0,nao,pessoal,12100.0,24,0
100151,38,2557.64,19.6,413,1,nao,negocio,10200.0,36,0
100152,28,2072.16,12.0,596,1,nao,pessoal,2900.0,60,1
100153,20,1507.11,1.8,626,0,nao,negocio,4000.0,12,0
100154,34,3102.89,8.0,594,2,nao,reforma,16200.0,60,0
100155,39,9712.14,1.1,705,1,sim,pessoal,37600.0,48,0
100156,61,13108.22,1.3,734,0,sim,educacao,50300.0,36,0
100157,42,1527.49,21.9,539,0,nao,veiculo,3200.0,60,0
100158,52,3410.01,8.4,535,1,sim,pessoal,22400.0,12,1
100159,34,,15.1,635,2,nao,pessoal,4000.0,60,0
100160,26,5400.73,2.4,439,1,nao,negocio,28900.0,24,1
100161,28,3769.75,4.5,578,0,nao,negocio,28800.0,24,1
100162,31,2357.62,6.7,815,2,nao,veiculo,3300.0,12,0
100163,66,4312.75,5.6,444,3,sim,pessoal,11800.0,36,1
100164,30,2540.99,10.2,596,2,nao,pessoal,6600.0,24,0
100165,50,10069.36,2.9,563,2,sim,pessoal,41500.0,24,0
100166,29,4406.89,13.0,901,0,nao,reforma,8800.0,12,0
100167,51,5989.84,2.3,570,1,sim,veiculo,10400.0,24,0
100168,45,1412.0,3.0,578,0,nao,veiculo,4800.0,24,1
100169,38,3508.72,,506,2,sim,educacao,8800.0,48,0
100170,40,11711.42,3.5,641,0,nao,negocio,37600.0,36,0
100171,32,7025.95,5.8,675,2,nao,pessoal,42000.0,48,0
100172,45,1424.41,5.3,525,1,sim,veiculo,1900.0,48,0
100173,35,2957.58,1.8,769,0,nao,veiculo,9700.0,12,0
100174,25,1597.8,0.7,675,1,nao,pessoal,3900.0,24,1
100175,25,7929.35,7.3,751,0,nao,veiculo,28100.0,48,0
100176,42,4355.58,4.8,597,0,sim,pessoal,10700.0,36,0
100177,59,2716.58,8.4,672,1,sim,pessoal,4700.0,36,1
100178,42,3880.22,0.5,612,2,nao,educacao,17200.0,12,1
100179,39,1412.0,4.4,829,0,sim,pessoal,26100.0,24,0
100180,43,2119.85,1.4,655,2,nao,reforma,7000.0,36,0
100181,56,4227.9,3.9,641,1,sim,pessoal,9600.0,48,0
100182,43,6130.0,2.0,580,2,nao,reforma,13900.0,60,0
100183,35,1412.0,1.3,573,2,nao,reforma,8700.0,36,0
100184,53,3360.29,0.3,671,2,sim,educacao,6900.0,48,1
100185,45,6855.04,1.7,747,1,sim,pessoal,52300.0,36,0
100186,58,1865.19,12.0,551,2,sim,veiculo,2400.0,60,0
100187,42,4319.56,1.2,656,2,nao,negocio,17000.0,60,0
100188,25,3208.33,5.2,664,0,nao,pessoal,16700.0,24,0
100189,24,7835.83,8.0,687,2,nao,pessoal,43300.0,24,1
100190,60,3651.31,12.9,418,0,sim,pessoal,19400.0,60,0
100191,61,3770.78,1.9,520,0,sim,negocio,15500.0,36,1
100192,38,5825.31,2.1,462,0,nao,pessoal,40700.0,36,0
100193,35,1694.29,0.4,644,1,nao,pessoal,3300.0,48,0
100194,58,3669.94,,523,0,sim,negocio,8700.0,24,0
100195,27,2473.42,11.0,575,4,nao,veiculo,6800.0,60,0
100196,29,3022.06,8.6,485,1,nao,pessoal,25800.0,36,1
100197,48,6474.08,3.2,588,0,sim,veiculo,30000.0,60,1
100198,35,4766.17,1.7,494,3,nao,pessoal,25100.0,36,0
100199,40,2467.05,17.2,739,0,nao,veiculo,7800.0,24,0
100200,38,3924.22,2.0,702,1,nao,pessoal,22400.0,60,0
100201,44,8834.51,0.0,660,0,sim,veiculo,12200.0,36,0
100202,57,2623.24,0.2,601,2,sim,reforma,7200.0,48,0
100203,41,4079.01,5.8,375,0,sim,pessoal,12500.0,24,1
100204,48,3650.79,32.0,580,3,sim,veiculo,9600.0,36,0
100205,18,2704.63,2.0,541,0,nao,negocio,7800.0,48,1
100206,39,1501.69,7.1,672,2,nao,veiculo,7300.0,48,0
100207,30,7178.23,9.9,721,1,nao,negocio,29000.0,60,0
100208,25,2020.96,3.4,682,0,sim,negocio,14500.0,48,0
100209,29,5735.53,3.1,804,1,sim,pessoal,5700.0,24,0
100210,36,2526.61,5.3,566,1,nao,veiculo,21600.0,60,0
100211,51,2937.72,11.2,561,0,sim,educacao,7000.0,60,0
100212,24,5947.76,1.9,775,1,nao,reforma,45800.0,60,0
100213,40,6432.96,,662,1,nao,educacao,17500.0,60,0
100214,34,3894.23,15.8,608,0,nao,pessoal,17000.0,48,1
100215,36,5404.7,2.5,880,0,sim,negocio,9900.0,48,0
100216,52,3535.86,0.6,715,0,sim,pessoal,6000.0,36,1
100217,46,3957.74,5.6,615,1,sim,reforma,19600.0,24,0
100218,56,2879.94,11.6,551,0,sim,negocio,2000.0,60,0
100219,38,5984.78,3.2,812,1,nao,veiculo,10100.0,24,0
100220,32,2313.73,10.6,667,1,sim,veiculo,12800.0,36,0
100221,37,8143.45,0.0,643,1,nao,reforma,22200.0,24,1
100222,43,3236.09,0.5,728,2,nao,negocio,6700.0,24,0
100223,42,3851.2,3.1,754,0,nao,veiculo,33600.0,48,0
100224,27,4823.75,2.8,711,1,nao,reforma,52000.0,36,1
100225,41,3815.76,,755,1,sim,pessoal,13400.0,36,0
100226,43,3268.15,11.3,699,0,nao,pessoal,24600.0,36,0
100227,70,4076.13,7.1,712,2,sim,pessoal,35500.0,48,0
100228,63,6775.15,2.6,545,0,sim,veiculo,23500.0,24,0
100229,30,2294.62,0.9,875,2,nao,veiculo,5900.0,36,0
100230,37,3356.66,1.7,480,0,nao,pessoal,12400.0,24,0
100231,22,2984.84,6.0,680,1,nao,pessoal,4400.0,60,0
100232,33,5518.37,1.8,466,0,nao,pessoal,27200.0,12,1
100233,44,3684.03,18.9,627,0,sim,negocio,10600.0,60,0
100234,54,11203.5,5.6,566,0,sim,pessoal,40600.0,12,0
100235,31,3069.97,9.5,658,1,sim,veiculo,11000.0,12,0
100236,32,2972.83,2.3,684,1,nao,educacao,6300.0,60,1
100237,18,2548.62,1.1,516,0,nao,negocio,8700.0,36,0
100238,38,1764.44,,636,2,nao,reforma,2700.0,24,0
100239,27,1796.88,6.6,821,0,nao,pessoal,4700.0,36,0
100240,34,2593.13,0.4,469,2,sim,pessoal,4700.0,24,0
100241,29,6092.43,0.8,529,1,nao,pessoal,12600.0,12,0
100242,39,3615.52,11.8,752,1,sim,educacao,3300.0,12,0
100243,19,2177.01,1.4,650,0,nao,pessoal,5900.0,24,0
100244,22,,1.9,660,1,nao,pessoal,27300.0,24,0
100245,66,9726.06,2.4,773,1,sim,pessoal,37900.0,36,0
100246,25,6171.4,2.8,537,3,nao,veiculo,41400.0,60,1
100247,27,1987.85,1.3,572,0,nao,pessoal,3900.0,24,0
100248,62,3155.9,4.1,556,2,sim,veiculo,8300.0,24,0
100249,75,11237.05,11.1,595,0,sim,pessoal,68200.0,12,0
100250,26,3580.76,10.0,814,0,nao,veiculo,11900.0,60,0
100251,36,3069.28,5.6,419,1,sim,pessoal,12000.0,12,1
100252,44,5777.75,8.4,485,3,sim,veiculo,71900.0,24,0
100253,61,,1.5,462,1,sim,reforma,21700.0,60,1
100254,28,2351.57,0.6,822,2,nao,veiculo,6200.0,36,0
100255,37,4059.54,4.0,560,0,nao,pessoal,7800.0,24,0
100256,49,6828.35,18.1,598,1,sim,reforma,20100.0,48,1
100257,45,2078.19,10.9,430,0,nao,veiculo,13400.0,12,1
100258,35,3537.94,2.0,606,0,nao,veiculo,17500.0,24,0
100259,38,1972.04,1.7,753,0,sim,pessoal,16300.0,36,1
100260,24,1776.82,3.9,673,4,nao,negocio,7700.0,60,0
100261,37,2639.72,3.8,626,0,nao,veiculo,2400.0,60,0
100262,37,4677.64,4.3,437,1,nao,veiculo,23900.0,36,1
100263,43,3225.09,3.7,597,1,nao,pessoal,12000.0,24,0
100264,33,2401.11,5.0,659,1,nao,reforma,8400.0,36,0
100265,46,4090.35,13.7,511,2,nao,pessoal,29700.0,60,1
100266,52,2205.23,,725,4,sim,reforma,6500.0,48,0
100267,42,4820.83,1.8,755,1,sim,pessoal,23900.0,12,0
100268,44,7251.34,9.9,571,2,sim,pessoal,13300.0,60,0
100269,41,3605.47,6.5,734,0,nao,reforma,5100.0,60,0
100270,40,3331.23,0.8,626,2,sim,veiculo,8100.0,24,0
100271,31,4108.91,2.4,789,0,nao,pessoal,11900.0,48,0
100272,44,1412.0,6.6,904,0,nao,educacao,6900.0,60,0
100273,39,4946.63,11.1,498,1,sim,negocio,9000.0,24,0
100274,65,22821.4,19.5,740,1,sim,veiculo,150000.0,60,0
100275,59,3873.62,4.7,810,0,sim,reforma,7600.0,24,0
100276,45,3684.51,2.0,514,0,sim,veiculo,12200.0,24,0
100277,31,5036.69,2.0,565,0,sim,veiculo,17800.0,60,0
100278,27,7855.27,4.7,564,4,nao,reforma,32900.0,60,0
100279,54,7084.39,6.5,623,2,sim,reforma,32500.0,12,1
100280,43,1412.0,1.6,594,1,sim,pessoal,19200.0,60,0
100281,46,5420.27,5.3,614,0,nao,pessoal,13200.0,48,0
100282,19,,3.0,749,0,nao,veiculo,49400.0,60,0
100283,51,5835.76,1.6,394,1,sim,reforma,19400.0,36,1
100284,45,2084.7,4.7,513,1,sim,veiculo,13200.0,60,0
100285,27,3710.84,3.3,727,1,nao,pessoal,17000.0,48,0
100286,34,1716.61,,712,0,nao,veiculo,6900.0,48,1
100287,43,7584.56,3.9,502,0,sim,reforma,10800.0,36,1
100288,41,2226.16,5.5,713,1,nao,pessoal,5900.0,24,0
100289,36,3704.21,1.3,812,0,sim,negocio,7200.0,24,0
100290,39,2297.17,3.5,634,0,sim,veiculo,6100.0,12,0
100291,37,2664.01,0.9,509,0,nao,educacao,5700.0,60,0
100292,42,8623.46,,754,2,nao,pessoal,22100.0,36,0
100293,58,4386.64,1.3,864,2,sim,veiculo,12000.0,36,0
100294,18,2058.67,2.0,525,0,nao,negocio,5700.0,24,0
100295,37,1916.5,1.2,645,0,nao,veiculo,5600.0,48,1
100296,42,1412.0,1.8,782,0,nao,pessoal,2800.0,36,0
100297,44,1955.64,0.8,655,3,nao,negocio,7000.0,60,1
100298,36,3781.85,3.0,413,1,nao,veiculo,7700.0,12,1
100299,19,4872.64,1.3,698,0,nao,reforma,11900.0,24,0
100300,44,2859.74,15.7,513,0,sim,pessoal,9700.0,24,0
100301,61,9830.21,,475,3,sim,negocio,7300.0,12,1
100302,22,2000.23,6.0,415,0,nao,negocio,31200.0,48,1
100303,50,3635.53,,795,1,sim,veiculo,17400.0,48,0
100304,36,1963.78,,531,2,nao,pessoal,8300.0,36,1
100305,39,6349.49,4.7,683,2,sim,veiculo,16200.0,48,0
100306,27,10073.25,11.0,715,0,nao,pessoal,37300.0,60,0
100307,36,1412.0,4.8,661,0,sim,veiculo,2400.0,48,0
100308,56,3425.59,4.3,679,2,sim,reforma,16100.0,48,1
100309,47,8055.97,6.2,690,0,sim,pessoal,10300.0,36,0
100310,61,,2.4,658,1,sim,negocio,3100.0,36,0
100311,54,5659.51,8.1,541,0,sim,reforma,12900.0,24,1
100312,45,7701.9,9.9,530,0,nao,veiculo,66700.0,24,1
100313,61,4326.19,11.6,626,2,sim,veiculo,7800.0,12,0
100314,45,5324.41,6.1,624,2,nao,educacao,22800.0,36,0
100315,50,10915.22,5.1,696,2,sim,veiculo,11100.0,24,0
100316,36,10384.05,20.0,783,1,nao,negocio,36900.0,36,0
100317,41,3639.81,8.2,685,2,sim,pessoal,36100.0,60,0
100318,32,2528.01,16.0,535,3,nao,pessoal,11900.0,24,0
100319,52,2498.45,9.3,356,0,nao,veiculo,2500.0,24,0
100320,26,5367.05,10.0,540,1,nao,pessoal,19300.0,36,0
100321,49,1928.99,5.5,465,3,nao,veiculo,5100.0,36,0
100322,38,3167.9,2.4,545,4,sim,veiculo,23100.0,24,1
100323,54,4384.79,0.2,671,0,sim,pessoal,14500.0,36,0
100324,49,3110.62,4.3,651,0,sim,pessoal,4600.0,12,0
100325,62,4833.46,0.5,882,0,sim,pessoal,15600.0,36,0
100326,49,16809.71,12.3,703,0,sim,pessoal,38700.0,36,0
100327,21,2736.71,3.3,888,1,nao,pessoal,2600.0,36,0
100328,39,2897.89,9.8,733,0,sim,pessoal,9100.0,60,1
100329,26,5481.51,3.0,781,0,nao,negocio,19200.0,24,0
100330,34,3961.02,8.5,593,2,nao,pessoal,17400.0,36,1
100331,58,9145.81,13.5,500,4,sim,pessoal,58900.0,24,1
100332,48,4444.92,9.7,582,1,nao,negocio,13100.0,60,0
100333,32,,2.0,638,1,nao,educacao,4200.0,24,0
100334,28,1412.0,8.8,558,0,nao,pessoal,3000.0,36,0
100335,40,1527.98,5.9,510,5,nao,negocio,5300.0,36,1
100336,25,1412.0,2.2,694,1,sim,negocio,10200.0,60,1
100337,32,4174.01,2.5,509,0,nao,reforma,14600.0,36,0
100338,44,1839.85,1.6,441,1,nao,veiculo,5900.0,36,1
100339,54,8266.65,7.9,494,2,sim,veiculo,25100.0,36,1
100340,47,4085.4,10.5,610,3,sim,negocio,14200.0,48,1
100341,18,2448.11,2.0,511,2,sim,veiculo,27000.0,12,0
100342,44,2446.85,18.3,610,0,sim,educacao,8100.0,24,0
100343,41,5302.91,1.5,718,0,nao,pessoal,15800.0,24,0
100344,45,2527.38,5.1,715,0,nao,reforma,9100.0,36,0
100345,59,2410.19,0.1,554,1,sim,negocio,5600.0,36,0
100346,18,5382.82,2.0,470,2,nao,pessoal,7400.0,60,0
100347,33,4168.69,5.0,565,0,sim,pessoal,5100.0,36,0
100348,47,3530.97,12.9,725,3,sim,educacao,8000.0,24,0
100349,21,4163.78,5.0,756,3,nao,reforma,29600.0,36,0
100350,58,4164.41,7.8,686,0,nao,reforma,29400.0,36,0
100351,44,4804.63,10.7,796,1,sim,negocio,8600.0,36,0
100352,50,2644.27,3.0,865,0,nao,pessoal,8400.0,36,0
100353,33,10711.09,5.8,577,0,nao,reforma,40600.0,48,0
100354,50,3012.8,9.6,833,1,nao,reforma,6800.0,60,0
100355,53,9751.98,2.6,606,3,nao,pessoal,74800.0,12,1
100356,43,3470.14,3.3,773,2,nao,pessoal,19200.0,48,0
100357,43,6001.3,2.0,732,1,sim,reforma,26100.0,60,0
100358,43,5765.52,3.4,383,3,sim,reforma,21000.0,24,1
100359,30,6208.39,1.0,514,2,nao,reforma,8500.0,48,0
100360,38,2292.49,2.6,481,0,sim,veiculo,18100.0,12,1
100361,38,6577.03,0.6,408,2,nao,reforma,32600.0,36,0
100362,45,10861.22,1.9,754,1,nao,pessoal,48600.0,24,0
100363,52,3594.41,4.6,909,0,sim,pessoal,8100.0,24,0
100364,27,3239.25,2.8,607,0,nao,veiculo,7700.0,36,0
100365,38,2729.42,6.6,751,1,sim,reforma,12900.0,36,0
100366,58,3425.07,5.7,833,0,sim,educacao,23200.0,24,0
100367,31,8576.69,4.7,667,3,nao,veiculo,84500.0,36,0
100368,30,1901.81,0.3,637,0,sim,educacao,4300.0,36,0
100369,42,2268.09,14.7,608,1,sim,negocio,7200.0,12,0
100370,50,10050.85,2.9,710,2,nao,veiculo,10000.0,60,0
100371,40,5250.38,6.0,754,1,sim,veiculo,4200.0,60,0
100372,56,13301.34,9.3,700,0,nao,negocio,63800.0,24,0
100373,50,3234.65,1.8,696,1,sim,pessoal,6800.0,60,0
100374,50,4442.05,1.1,633,0,sim,reforma,4800.0,60,0
100375,47,2793.83,,433,1,nao,veiculo,4900.0,36,0
100376,68,,12.2,757,3,sim,veiculo,19300.0,60,0
100377,38,1412.0,,473,2,sim,negocio,6200.0,48,1
100378,18,4081.01,,721,0,nao,pessoal,5300.0,60,0
100379,59,,,738,0,sim,pessoal,36400.0,12,0
100380,35,3404.51,8.3,492,0,nao,pessoal,7800.0,48,1
100381,41,3038.35,0.3,561,1,sim,negocio,12500.0,24,0
100382,56,2533.36,7.7,916,2,sim,pessoal,9100.0,48,0
100383,21,4366.14,1.2,630,2,nao,reforma,15200.0,24,0
100384,25,1624.77,0.4,481,0,nao,pessoal,3200.0,48,1
100385,21,3877.46,0.6,744,2,nao,veiculo,13400.0,60,0
100386,30,10340.64,7.4,540,4,nao,veiculo,42500.0,36,1
100387,45,8905.72,0.7,390,0,nao,pessoal,27700.0,36,0
100388,46,1737.51,2.4,708,1,sim,veiculo,6500.0,12,0
100389,43,2865.86,9.4,521,1,sim,pessoal,19400.0,24,0
100390,23,3795.2,3.5,682,1,nao,pessoal,10000.0,60,1
100391,18,2693.83,0.2,534,1,nao,veiculo,14000.0,48,1
100392,41,1744.28,1.3,732,2,sim,veiculo,5400.0,48,0
100393,34,4291.58,1.8,664,1,nao,pessoal,35300.0,60,1
100394,46,3954.16,3.9,303,4,nao,veiculo,6000.0,36,1
100395,48,11635.51,20.0,690,5,sim,veiculo,89000.0,36,0
100396,42,3312.91,4.0,602,1,nao,negocio,8400.0,24,1
100397,49,7798.07,5.1,824,1,nao,reforma,96900.0,12,1
100398,43,1917.79,3.7,691,2,sim,negocio,8700.0,60,1
100399,46,2258.88,1.1,738,0,sim,veiculo,13200.0,60,0
100400,32,5038.73,3.6,548,0,sim,educacao,16000.0,24,0
100401,38,6606.38,22.0,537,1,nao,pessoal,34800.0,36,0
100402,42,2249.12,5.5,637,0,nao,veiculo,11800.0,36,0
100403,50,4199.24,10.2,593,0,sim,veiculo,13500.0,48,0
100404,35,1643.6,4.6,814,1,nao,reforma,9100.0,36,0
100405,46,3598.82,22.8,620,0,nao,negocio,1700.0,24,0
100406,37,,1.2,481,3,nao,reforma,13600.0,48,0
100407,39,2898.6,2.8,532,0,sim,pessoal,10300.0,48,0
100408,50,3613.56,4.2,765,0,sim,reforma,17100.0,12,0
100409,18,1504.16,1.7,618,1,nao,reforma,9400.0,36,0
100410,24,2136.57,3.0,611,0,nao,pessoal,6400.0,36,0
100411,22,7805.66,6.0,778,1,sim,pessoal,21600.0,60,0
100412,18,2914.59,2.0,521,2,nao,reforma,17200.0,60,0
100413,32,1952.23,4.1,349,1,nao,pessoal,13600.0,36,1
100414,49,3449.92,1.2,529,1,sim,pessoal,18800.0,24,0
100415,37,1494.5,0.7,671,0,sim,negocio,4800.0,60,1
100416,42,2179.98,6.7,608,1,nao,negocio,35200.0,24,1
100417,53,8756.96,1.1,437,0,sim,veiculo,32100.0,36,1
100418,56,3831.65,10.8,772,2,sim,negocio,15300.0,24,0
100419,39,10416.15,8.5,661,2,sim,negocio,97100.0,24,0
100420,56,3932.28,12.5,691,1,sim,veiculo,34400.0,60,0
100421,41,3692.21,5.3,695,1,sim,reforma,19800.0,24,0
100422,30,4700.3,2.4,471,0,sim,negocio,9600.0,48,0
100423,33,1412.0,3.2,679,2,nao,reforma,5300.0,48,1
100424,22,3322.13,3.2,758,3,nao,pessoal,15900.0,48,0
100425,29,3175.29,13.0,788,0,nao,pessoal,35900.0,12,0
100426,36,8052.3,4.6,734,1,nao,veiculo,150000.0,36,1
100427,50,7044.42,0.5,707,0,sim,pessoal,17200.0,60,0
100428,61,2221.39,3.8,414,0,sim,pessoal,13000.0,24,0
100429,23,5960.27,0.8,638,0,nao,veiculo,12800.0,12,0
100430,45,3405.47,0.1,516,1,nao,pessoal,11100.0,48,1
100431,28,1958.02,6.0,807,0,nao,pessoal,4100.0,48,1
100432,46,,2.6,787,0,sim,negocio,42200.0,36,0
100433,38,3255.87,1.1,516,0,sim,pessoal,13100.0,24,0
100434,18,6525.88,2.0,634,0,nao,reforma,27200.0,24,0
100435,51,4997.83,12.8,672,0,sim,veiculo,18000.0,24,0
100436,33,3840.77,1.9,757,1,nao,negocio,16800.0,36,0
100437,34,5697.84,4.1,422,0,nao,pessoal,25500.0,60,1
100438,27,5796.95,7.8,353,2,sim,pessoal,13400.0,48,1
100439,32,5213.35,1.3,645,1,nao,reforma,6600.0,48,1
100440,45,8587.96,1.7,311,0,nao,veiculo,13600.0,36,1
100441,38,5087.36,7.7,661,0,nao,educacao,6800.0,48,0
100442,44,4267.94,15.4,717,0,nao,pessoal,16800.0,36,0
100443,44,7694.21,6.9,801,5,sim,pessoal,16500.0,60,0
100444,56,3941.92,33.3,559,2,sim,pessoal,24800.0,36,0
100445,36,3621.62,1.7,661,3,nao,reforma,14600.0,24,0
100446,22,7650.38,,725,2,nao,pessoal,8900.0,36,0
100447,53,10111.97,10.9,487,1,sim,pessoal,27700.0,24,0
100448,36,3540.05,1.7,759,0,nao,reforma,3500.0,36,0
100449,53,3229.12,3.1,676,2,nao,pessoal,5700.0,60,1
100450,45,8796.92,8.0,561,0,sim,pessoal,22900.0,48,0
100451,38,,19.9,658,0,nao,pessoal,11200.0,24,0
100452,44,4629.7,1.7,622,2,sim,educacao,50200.0,48,0
100453,63,3471.66,17.6,741,0,sim,veiculo,19000.0,12,0
100454,65,4973.35,2.9,593,0,sim,veiculo,14300.0,36,0
100455,41,3721.3,5.1,670,2,nao,veiculo,30700.0,24,1
100456,42,2642.48,3.0,559,0,nao,negocio,5200.0,36,0
100457,53,4448.8,2.8,518,0,sim,pessoal,12800.0,60,1
100458,30,,1.7,662,0,nao,pessoal,22300.0,12,0
100459,44,3165.96,5.1,523,0,sim,negocio,5700.0,48,0
100460,40,6122.08,1.4,744,1,nao,veiculo,32300.0,48,0
100461,44,7907.26,27.5,717,1,nao,negocio,33000.0,48,0
100462,30,5632.64,8.2,541,0,nao,reforma,28100.0,60,0
100463,21,2513.56,2.9,668,2,sim,reforma,25900.0,36,1
100464,18,4243.22,,540,1,nao,veiculo,19500.0,12,1
100465,27,3317.23,5.6,431,0,nao,pessoal,12500.0,48,1
100466,34,1759.57,4.0,562,0,sim,negocio,2500.0,36,0
100467,36,5148.15,4.4,633,1,nao,veiculo,20400.0,60,0
100468,63,4490.81,6.2,708,1,sim,pessoal,11800.0,48,0
100469,53,17255.19,2.9,659,1,sim,pessoal,56100.0,48,0
100470,28,7176.99,12.0,758,0,nao,veiculo,18900.0,24,0
100471,44,5754.92,1.3,512,1,sim,pessoal,27100.0,36,0
100472,35,4030.13,0.1,591,1,nao,pessoal,7800.0,60,1
100473,37,3937.03,0.1,854,2,sim,pessoal,15600.0,36,0
100474,42,2192.57,1.9,389,0,sim,negocio,4100.0,36,1
100475,47,1543.95,13.1,581,1,sim,veiculo,1800.0,48,0
100476,36,2200.6,0.7,501,0,nao,pessoal,6300.0,12,0
100477,53,4036.66,5.3,615,1,sim,pessoal,18700.0,48,1
100478,26,1412.0,1.1,584,1,nao,educacao,3100.0,12,0
100479,40,2760.53,7.8,718,0,sim,reforma,10500.0,60,0
100480,71,3616.38,1.0,673,0,sim,pessoal,10200.0,36,0
100481,43,3419.82,0.2,470,0,sim,negocio,6400.0,24,0
100482,57,2879.78,2.1,564,1,sim,pessoal,14100.0,48,0
100483,41,3121.09,0.3,640,0,sim,pessoal,7400.0,60,0
100484,47,10370.09,2.2,736,1,nao,pessoal,45400.0,24,0
100485,39,5299.62,11.1,956,0,nao,negocio,7700.0,12,0
100486,38,2674.65,,731,4,nao,educacao,10200.0,36,0
100487,31,3222.55,10.3,508,0,nao,reforma,16400.0,36,1
100488,45,3873.21,8.4,628,1,sim,veiculo,16700.0,24,0
100489,30,2165.73,14.0,664,2,nao,pessoal,12900.0,36,0
100490,48,2659.56,,572,2,nao,pessoal,13700.0,36,1
100491,53,7224.3,2.7,701,2,sim,pessoal,30300.0,60,0
100492,44,3089.6,11.6,345,1,nao,negocio,18000.0,60,1
100493,37,1970.52,13.4,712,0,nao,reforma,5500.0,12,0
100494,45,3841.76,7.6,578,4,sim,veiculo,18400.0,48,1
100495,36,3794.46,0.4,626,0,nao,negocio,13500.0,36,1
100496,51,1412.0,3.3,831,2,sim,pessoal,15000.0,36,0
100497,18,2737.95,2.0,476,1,nao,pessoal,11300.0,24,1
100498,36,5731.78,14.1,675,4,nao,veiculo,9300.0,48,0
100499,18,,0.0,743,4,nao,negocio,14600.0,60,0
100500,22,10117.59,1.3,662,2,nao,pessoal,20000.0,24,1
100501,56,8246.36,10.8,430,0,sim,pessoal,44700.0,12,1
100502,51,9194.22,5.4,816,1,nao,pessoal,50400.0,36,0
100503,31,15608.46,0.6,613,0,nao,negocio,37900.0,60,1
100504,22,4503.59,6.0,571,1,nao,pessoal,8500.0,48,1
100505,18,3062.73,2.0,600,1,nao,reforma,11600.0,24,0
100506,33,5859.81,12.9,590,0,nao,negocio,11900.0,60,0
100507,69,,20.4,485,1,sim,reforma,6400.0,36,0
100508,45,4174.04,0.5,661,2,sim,pessoal,10800.0,36,1
100509,33,2402.02,3.9,562,2,nao,pessoal,12200.0,12,1
100510,46,4948.91,,727,1,sim,pessoal,7100.0,12,0
100511,21,2044.36,4.4,707,1,nao,educacao,4600.0,36,1
100512,36,2437.14,10.0,851,1,nao,educacao,36000.0,60,0
100513,41,4727.63,25.0,612,1,nao,pessoal,53400.0,48,0
100514,39,3413.42,23.0,536,2,sim,veiculo,24700.0,60,0
100515,49,1420.97,6.4,449,1,sim,pessoal,5100.0,36,0
100516,44,1747.82,7.6,925,2,sim,veiculo,9600.0,36,0
100517,48,2160.17,14.7,726,0,nao,veiculo,6000.0,36,0
100518,32,2084.66,0.1,550,2,nao,negocio,1400.0,24,0
100519,51,5204.87,1.2,860,1,nao,veiculo,12900.0,12,0
100520,60,4674.29,1.3,816,1,sim,pessoal,12300.0,60,0
100521,28,5785.1,10.3,464,4,sim,veiculo,20600.0,12,1
100522,29,4935.14,13.0,542,3,nao,negocio,23100.0,60,1
100523,56,7472.34,3.8,623,0,sim,veiculo,70400.0,60,0
100524,38,5086.56,0.9,501,1,sim,educacao,18100.0,12,1
100525,57,4650.55,7.1,627,1,sim,veiculo,8900.0,12,0
100526,35,6432.73,1.5,733,2,nao,veiculo,20000.0,48,0
100527,57,6871.2,4.3,461,1,sim,veiculo,35400.0,36,1
100528,42,,0.8,678,0,nao,negocio,15300.0,36,0
100529,43,7745.89,4.5,792,0,sim,veiculo,16700.0,24,0
100530,59,,4.6,692,1,sim,veiculo,6800.0,60,0
100531,36,3030.97,5.6,630,0,nao,educacao,5300.0,36,1
100532,29,2757.03,5.8,553,2,nao,pessoal,5700.0,36,1
100533,35,6624.21,2.8,748,2,nao,pessoal,29800.0,60,1
100534,45,9336.43,14.2,487,1,nao,pessoal,20400.0,48,1
100535,21,1412.0,0.8,672,1,nao,veiculo,4000.0,48,0
100536,48,8822.67,,643,0,nao,educacao,31200.0,60,0
100537,34,1822.91,4.0,786,4,nao,veiculo,6200.0,60,0
100538,54,,0.4,564,0,sim,veiculo,4300.0,60,0
100539,18,2461.48,0.9,575,1,nao,pessoal,10500.0,60,0
100540,31,2808.79,0.9,479,0,nao,negocio,5700.0,24,0
100541,20,1412.0,0.6,697,1,nao,pessoal,13300.0,60,0
100542,30,4723.58,,585,0,nao,pessoal,13000.0,60,0
100543,43,5594.28,2.2,528,0,sim,educacao,28200.0,36,0
100544,38,6499.38,,540,2,nao,negocio,35300.0,48,0
100545,37,2834.82,5.4,710,1,nao,pessoal,8000.0,36,0
100546,38,3561.61,13.8,497,1,nao,veiculo,7000.0,36,1
100547,42,3744.8,5.8,508,0,nao,educacao,20300.0,24,1
100548,28,8148.05,4.0,757,1,nao,pessoal,12100.0,48,0
100549,48,1412.0,,618,1,nao,negocio,2300.0,24,0
100550,48,2398.55,2.1,764,3,sim,pessoal,12100.0,36,0
100551,45,3946.01,3.9,593,0,sim,veiculo,12200.0,60,0
100552,47,,0.8,640,0,sim,pessoal,5100.0,12,0
100553,44,3376.52,4.5,660,3,sim,pessoal,8800.0,60,0
100554,64,3866.38,7.6,820,1,sim,pessoal,8400.0,36,1
100555,39,2564.41,6.4,810,0,nao,pessoal,33200.0,60,0
100556,36,3684.35,2.2,790,0,nao,negocio,23800.0,24,1
100557,31,4726.8,,558,2,nao,veiculo,10100.0,12,0
100558,28,2827.62,7.2,512,1,nao,pessoal,8200.0,36,0
100559,25,2411.4,9.0,739,0,nao,veiculo,12100.0,36,0
100560,29,2977.76,0.7,819,0,nao,pessoal,5800.0,48,0
100561,39,3666.97,1.8,791,0,sim,reforma,9200.0,36,0
100562,44,1494.43,3.6,642,1,nao,veiculo,4400.0,36,0
100563,41,4854.32,10.5,735,3,sim,veiculo,10000.0,60,0
100564,31,2610.95,4.1,737,1,nao,reforma,17600.0,24,0
100565,51,8293.78,6.1,659,0,sim,veiculo,18900.0,24,0
100566,49,5677.74,1.0,665,1,sim,educacao,18500.0,60,0
100567,38,6927.65,1.3,653,2,sim,veiculo,26000.0,24,1
100568,32,1942.91,8.8,538,1,nao,pessoal,17600.0,36,1
100569,47,3275.67,9.6,551,2,nao,pessoal,10900.0,36,1
100570,42,1922.74,1.9,549,1,sim,pessoal,24300.0,24,0
100571,23,2042.32,7.0,432,1,nao,negocio,5800.0,24,1
100572,39,7331.02,0.2,659,1,nao,educacao,22500.0,12,0
100573,43,8725.0,1.8,635,1,sim,negocio,53600.0,24,0
100574,29,1734.76,1.6,739,2,nao,reforma,19200.0,24,1
100575,42,2959.59,1.0,804,0,nao,negocio,8800.0,12,1
100576,23,2886.46,0.3,812,2,nao,veiculo,21200.0,60,0
100577,56,5718.72,,824,0,sim,reforma,33300.0,60,0
100578,55,1574.23,6.9,542,3,sim,veiculo,3500.0,24,0
100579,37,1489.93,3.5,454,0,nao,negocio,5200.0,36,0
100580,44,5094.79,5.2,761,4,sim,negocio,17400.0,36,0
100581,18,1412.0,2.0,820,3,nao,reforma,2700.0,12,0
100582,26,2452.75,8.6,842,1,nao,educacao,9500.0,12,0
100583,36,,,703,2,nao,negocio,14300.0,48,0
100584,27,3994.3,0.2,380,1,nao,pessoal,17500.0,12,1
100585,49,3794.41,14.6,688,2,sim,veiculo,13800.0,60,0
100586,64,3388.87,3.3,712,3,sim,reforma,7900.0,48,0
100587,26,4990.13,10.0,803,2,nao,reforma,75800.0,48,1
100588,30,3865.14,14.0,826,1,nao,veiculo,15400.0,60,0
100589,43,2697.2,17.8,758,0,sim,veiculo,20600.0,12,0
100590,59,4230.88,5.7,564,2,sim,pessoal,19300.0,36,0
100591,25,3819.84,0.5,506,0,nao,negocio,33000.0,24,1
100592,43,9905.63,27.0,709,1,sim,reforma,21800.0,36,0
100593,62,,5.0,537,0,sim,reforma,21200.0,24,0
100594,20,5624.79,2.2,832,2,nao,pessoal,15000.0,12,0
100595,25,2211.41,7.6,418,2,nao,pessoal,5500.0,48,1
100596,35,2633.87,2.2,714,0,nao,veiculo,10800.0,24,0
100597,34,3050.4,1.8,682,0,nao,pessoal,9200.0,12,0
100598,50,,8.9,613,4,sim,pessoal,5700.0,60,1
100599,43,2211.47,1.1,520,0,sim,pessoal,6500.0,12,1
100600,19,5701.74,3.0,372,0,nao,pessoal,15800.0,24,1
100601,46,6463.17,4.9,571,2,sim,pessoal,38400.0,12,1
100602,33,2899.21,6.2,573,1,nao,reforma,4300.0,36,0
100603,55,5897.94,7.5,785,1,sim,veiculo,15200.0,60,0
100604,32,3829.88,1.7,538,2,nao,veiculo,8500.0,60,0
100605,32,5033.65,10.7,699,1,nao,negocio,27500.0,48,0
100606,46,,9.3,472,0,sim,veiculo,4800.0,36,0
100607,49,3786.19,1.7,702,3,sim,negocio,24800.0,60,0
100608,45,3810.41,16.4,349,0,nao,pessoal,13000.0,48,0
100609,20,4064.06,4.0,912,2,nao,pessoal,19100.0,60,0
100610,46,2814.08,23.9,622,0,sim,pessoal,19100.0,24,0
100611,28,1412.0,4.7,300,1,nao,negocio,2400.0,36,1
100612,43,2123.65,0.2,547,0,sim,negocio,6400.0,12,0
100613,23,2910.61,7.0,526,1,nao,veiculo,13100.0,36,0
100614,45,4074.68,10.5,555,2,nao,educacao,16100.0,60,0
100615,30,8341.1,1.6,593,2,nao,pessoal,13400.0,48,0
100616,25,4263.01,3.3,554,2,sim,veiculo,22700.0,48,1
100617,49,4290.13,0.7,534,1,nao,pessoal,15500.0,24,0
100618,43,,2.6,489,0,sim,veiculo,14300.0,24,1
100619,33,6295.66,7.9,747,2,nao,pessoal,19300.0,60,0
100620,57,2995.47,10.2,796,1,sim,veiculo,1600.0,24,0
100621,35,3253.07,1.6,607,3,nao,veiculo,15800.0,12,1
100622,40,2045.63,13.4,638,0,nao,veiculo,10200.0,24,1
100623,43,,4.4,494,2,nao,pessoal,22800.0,48,0
100624,33,,10.3,649,1,nao,veiculo,6100.0,36,0
100625,46,2694.3,2.6,670,0,sim,pessoal,6800.0,12,0
100626,34,3260.17,0.7,611,2,sim,pessoal,20700.0,48,0
100627,35,4650.91,9.4,691,4,nao,veiculo,12700.0,48,1
100628,56,3610.21,1.2,680,1,sim,pessoal,12800.0,36,0
100629,28,2399.89,4.0,503,1,nao,veiculo,6900.0,24,0
100630,18,1953.79,0.1,795,0,nao,pessoal,8300.0,24,0
100631,59,4993.27,1.5,613,2,sim,veiculo,7900.0,36,0
100632,71,3403.25,10.3,858,1,sim,veiculo,10600.0,24,0
100633,35,2737.89,2.7,695,0,nao,pessoal,18500.0,12,1
100634,18,1412.0,2.0,896,0,nao,pessoal,2900.0,60,0
100635,36,,9.7,793,3,nao,veiculo,11000.0,60,0
100636,37,3256.67,9.8,670,1,sim,educacao,21400.0,12,0
100637,38,3049.8,7.3,546,0,nao,pessoal,16700.0,36,1
100638,27,3545.13,1.2,549,1,sim,pessoal,16300.0,36,0
100639,47,6062.88,4.6,709,1,sim,educacao,26800.0,36,0
100640,46,5848.22,,659,1,nao,pessoal,25600.0,36,0
100641,22,4022.44,,563,2,nao,pessoal,12300.0,36,0
100642,48,3556.63,9.0,748,0,sim,pessoal,24100.0,36,0
100643,65,3033.79,9.7,645,1,sim,negocio,8000.0,12,0
100644,42,2144.59,8.3,749,0,nao,veiculo,4100.0,48,0
100645,36,2566.13,1.4,513,1,sim,pessoal,3900.0,36,0
100646,38,3679.55,2.6,770,0,nao,veiculo,8900.0,12,0
100647,47,2607.33,3.8,705,1,nao,pessoal,6300.0,24,1
100648,19,2996.18,3.0,796,1,nao,pessoal,6800.0,24,0
100649,42,2239.16,3.9,767,1,nao,negocio,3900.0,24,0
100650,35,1412.0,1.5,629,1,sim,veiculo,6200.0,12,1
100651,62,6503.46,11.1,619,2,sim,reforma,12900.0,36,0
100652,38,2804.02,2.4,872,0,sim,negocio,13600.0,36,0
100653,60,2615.08,1.8,602,1,sim,pessoal,14100.0,36,0
100654,27,1741.31,2.0,737,0,nao,pessoal,28500.0,24,0
100655,47,5070.57,7.1,590,1,nao,pessoal,13500.0,48,0
100656,44,8290.6,6.3,398,0,sim,reforma,26400.0,60,0
100657,30,2647.04,3.3,480,2,nao,veiculo,5900.0,36,0
100658,42,3382.26,8.2,693,0,nao,veiculo,5900.0,36,0
100659,55,7471.23,3.1,731,0,sim,pessoal,20300.0,60,0
100660,36,1412.0,13.4,693,3,nao,pessoal,3100.0,36,0
100661,20,8507.57,4.0,789,0,nao,veiculo,14600.0,36,0
100662,40,14282.76,2.1,691,0,nao,pessoal,57600.0,48,0
100663,29,1412.0,,539,2,nao,educacao,2600.0,24,0
100664,36,3370.33,12.9,717,3,nao,negocio,16600.0,12,1
100665,39,2479.45,3.9,662,0,nao,negocio,14500.0,48,0
100666,20,2493.17,4.0,565,1,nao,veiculo,5200.0,36,0
100667,21,,2.6,701,0,nao,pessoal,18800.0,36,0
100668,46,6213.62,,650,0,sim,veiculo,27700.0,12,0
100669,34,3263.56,0.7,561,1,nao,pessoal,10900.0,60,0
100670,18,1696.59,1.3,617,2,nao,negocio,2000.0,48,0
100671,49,3731.36,4.9,824,5,sim,reforma,4700.0,24,0
100672,43,5110.03,0.5,820,0,sim,pessoal,46000.0,24,0
100673,31,1744.94,,664,3,nao,educacao,13500.0,36,1
100674,24,1412.0,,647,1,nao,pessoal,12900.0,12,1
100675,50,12399.67,10.6,454,1,sim,educacao,132300.0,36,0
100676,44,2733.52,0.4,864,2,nao,veiculo,21800.0,60,0
100677,69,3842.48,0.1,775,1,sim,negocio,15500.0,48,0
100678,45,,16.6,738,1,sim,negocio,15500.0,60,0
100679,45,5318.04,5.8,344,0,nao,pessoal,12300.0,24,0
100680,38,9650.58,3.5,645,1,nao,veiculo,39000.0,12,0
100681,50,5700.91,3.5,623,2,sim,pessoal,31200.0,60,0
100682,48,1761.35,2.4,729,1,sim,educacao,9800.0,60,0
100683,55,1935.55,1.2,581,2,nao,veiculo,6300.0,36,0
100684,34,,10.1,610,0,sim,negocio,2900.0,24,0
100685,35,3032.01,16.1,721,3,sim,negocio,4300.0,48,0
100686,34,1412.0,5.7,539,1,nao,pessoal,6600.0,12,1
100687,49,6437.32,14.4,565,1,nao,pessoal,16600.0,60,0
100688,58,2280.02,3.9,665,1,sim,reforma,11900.0,48,0
100689,34,7893.56,0.6,814,0,nao,pessoal,13300.0,24,0
100690,35,9564.93,,745,1,nao,pessoal,75800.0,24,0
100691,44,3395.27,0.6,780,1,nao,veiculo,6800.0,12,0
100692,37,4580.52,7.1,648,0,sim,veiculo,38900.0,48,0
100693,51,2104.53,5.0,834,0,sim,veiculo,2900.0,12,0
100694,18,3945.76,1.9,414,0,nao,pessoal,19800.0,36,0
100695,30,2512.12,3.6,903,1,nao,pessoal,5000.0,24,0
100696,31,1840.04,15.0,920,2,sim,pessoal,6400.0,36,0
100697,18,2388.07,2.0,699,0,nao,reforma,15900.0,48,0
100698,28,2492.33,11.8,748,0,nao,veiculo,15000.0,24,0
100699,29,2727.82,1.5,635,0,sim,veiculo,5800.0,24,0
100700,38,6136.83,7.7,613,0,sim,negocio,14900.0,24,0
100701,53,2690.54,4.9,561,1,sim,negocio,3700.0,60,1
100702,37,9343.13,0.9,634,0,nao,pessoal,11200.0,36,0
100703,28,1553.64,,712,3,nao,educacao,3300.0,24,0
100704,39,8952.59,18.8,695,0,sim,pessoal,18800.0,36,0
100705,53,2369.27,4.6,898,2,nao,reforma,3400.0,24,0
100706,28,3218.21,9.8,653,0,nao,pessoal,10000.0,48,0
100707,29,2491.12,1.4,446,1,nao,pessoal,8600.0,24,0
100708,47,3325.88,10.0,854,0,sim,negocio,11500.0,60,0
100709,37,5590.81,5.4,481,1,sim,veiculo,12100.0,36,0
100710,48,9263.55,12.7,567,1,nao,pessoal,22900.0,36,1
100711,40,7167.72,2.5,675,2,nao,negocio,20700.0,24,1
100712,48,3249.54,3.9,694,1,nao,pessoal,18600.0,24,0
100713,28,3563.42,11.8,452,1,nao,pessoal,8300.0,12,1
100714,40,2422.15,7.3,543,0,sim,veiculo,3100.0,60,0
100715,37,2085.54,3.1,447,1,nao,reforma,6000.0,60,1
100716,25,1647.07,0.8,721,0,nao,reforma,4400.0,24,1
100717,21,2300.14,0.8,794,3,nao,veiculo,3100.0,60,0
100718,48,4657.44,25.4,481,2,sim,veiculo,12800.0,36,0
100719,36,1412.0,,769,0,nao,veiculo,2900.0,48,0
100720,28,3138.95,3.6,761,0,nao,veiculo,10500.0,60,0
100721,39,8476.26,4.4,554,1,sim,pessoal,38200.0,60,1
100722,54,,29.3,382,0,sim,pessoal,19500.0,36,0
100723,18,,2.0,501,1,nao,reforma,9700.0,36,0
100724,22,1412.0,5.0,563,0,nao,educacao,4100.0,48,0
100725,29,4200.68,1.2,840,1,nao,veiculo,12500.0,24,0
100726,58,1412.0,1.9,625,0,sim,pessoal,4100.0,24,1
100727,43,7089.81,0.3,509,0,nao,reforma,22100.0,60,0
100728,49,3647.35,1.9,659,0,sim,pessoal,5600.0,12,0
100729,26,8586.26,4.1,472,1,nao,veiculo,10000.0,36,0
100730,27,1412.0,1.7,707,2,nao,veiculo,9700.0,24,1
100731,45,6518.45,5.8,513,3,nao,veiculo,25900.0,36,1
100732,41,3563.47,0.0,532,1,sim,pessoal,9000.0,24,0
100733,47,3349.15,2.6,689,0,sim,negocio,22200.0,60,1
100734,38,1713.55,0.9,868,1,sim,pessoal,33400.0,48,0
100735,43,5342.72,1.8,926,1,sim,pessoal,7600.0,12,0
100736,42,5523.32,0.0,505,2,sim,veiculo,18900.0,24,1
100737,49,10949.51,2.8,562,1,sim,educacao,57200.0,12,0
100738,50,7214.47,7.4,707,0,nao,educacao,9500.0,12,0
100739,21,2110.65,2.9,792,3,nao,veiculo,3000.0,36,0
100740,18,1612.03,0.9,359,0,nao,veiculo,10000.0,24,0
100741,52,1952.27,9.1,651,1,sim,veiculo,6600.0,36,0
100742,54,9317.88,6.3,577,2,sim,pessoal,21500.0,24,0
100743,28,2098.84,7.1,390,2,nao,pessoal,2700.0,24,1
100744,18,6320.17,0.3,466,1,nao,veiculo,26900.0,60,1
100745,41,5026.9,5.8,566,1,nao,veiculo,7600.0,60,1
100746,51,4968.45,,648,0,sim,reforma,9400.0,12,0
100747,62,3500.42,7.0,771,1,sim,negocio,6900.0,36,0
100748,46,5718.16,,686,3,sim,veiculo,16300.0,12,0
100749,36,3525.87,6.8,763,0,nao,reforma,6400.0,48,0
100750,29,2662.52,2.5,643,0,nao,negocio,5300.0,60,0
100751,40,5460.83,0.7,548,0,sim,pessoal,33700.0,48,0
100752,36,3285.28,3.7,616,2,sim,veiculo,12700.0,48,0
100753,28,2075.7,0.5,730,0,nao,reforma,7300.0,60,0
100754,65,5763.62,4.4,774,0,sim,veiculo,26200.0,12,0
100755,61,4000.7,1.3,621,1,sim,negocio,7400.0,48,0
100756,54,5422.53,1.2,519,1,sim,veiculo,23600.0,12,1
100757,29,2541.41,1.1,684,0,nao,negocio,11500.0,12,1
100758,50,2131.11,10.1,702,2,nao,pessoal,4000.0,36,0
100759,48,10543.12,9.3,800,0,nao,educacao,52800.0,24,0
100760,45,9210.03,4.4,552,0,sim,pessoal,37100.0,12,0
100761,55,6737.87,4.6,553,2,nao,pessoal,27600.0,12,1
100762,48,3280.14,22.5,738,2,sim,pessoal,31200.0,60,0
100763,49,3477.45,11.5,587,0,nao,veiculo,13100.0,24,0
100764,48,8683.83,,582,1,sim,pessoal,17500.0,36,0
100765,44,3203.73,5.9,803,0,nao,pessoal,12100.0,24,0
100766,19,2006.92,0.0,462,4,nao,reforma,7100.0,60,1
100767,41,10545.96,8.2,907,2,sim,veiculo,19000.0,12,0
100768,33,3341.23,,560,4,sim,veiculo,3500.0,36,0
100769,25,8183.33,,753,1,nao,veiculo,27500.0,36,0
100770,60,1920.42,3.2,626,2,sim,negocio,11800.0,48,0
100771,61,5510.54,9.7,675,0,sim,reforma,34200.0,60,0
100772,56,12945.61,1.7,606,1,sim,veiculo,53700.0,12,0
100773,43,3913.52,0.8,751,0,sim,educacao,35100.0,12,0
100774,56,3583.93,0.8,595,0,sim,negocio,13900.0,24,0
100775,40,1959.2,0.3,566,1,nao,veiculo,6100.0,36,0
100776,42,6906.02,13.1,876,1,sim,pessoal,27300.0,60,0
100777,27,2080.65,8.6,644,2,nao,pessoal,4700.0,24,0
100778,45,3734.12,17.5,552,0,sim,reforma,6100.0,60,0
100779,41,1909.87,9.0,446,1,nao,negocio,3700.0,12,1
100780,24,7185.67,6.7,883,1,nao,pessoal,18900.0,12,0
100781,39,6949.31,3.0,568,3,sim,veiculo,40900.0,48,1
100782,39,3618.59,2.7,908,1,sim,pessoal,5300.0,48,0
100783,62,2196.53,4.7,692,1,sim,veiculo,4300.0,12,0
100784,51,9644.72,8.0,659,1,nao,negocio,54700.0,60,0
100785,40,3045.11,1.4,662,2,nao,educacao,8600.0,12,0
100786,43,2096.38,6.1,928,0,sim,negocio,6500.0,60,0
100787,41,1428.82,2.4,355,1,sim,veiculo,4000.0,24,1
100788,38,2551.55,10.8,668,1,sim,reforma,28500.0,12,1
100789,27,1427.89,3.0,606,2,nao,negocio,7000.0,60,0
100790,38,2584.24,3.3,612,2,nao,reforma,10500.0,24,0
100791,31,5038.91,6.8,659,1,nao,negocio,19900.0,36,0
100792,25,2516.82,5.6,605,1,nao,pessoal,11300.0,60,1
100793,46,4835.13,,664,1,sim,pessoal,51300.0,24,0
100794,45,2642.76,0.7,637,0,sim,pessoal,7400.0,48,0
100795,19,2945.71,3.0,469,1,nao,negocio,11400.0,36,1
100796,39,10590.44,0.5,690,0,nao,pessoal,37700.0,24,0
100797,52,3421.21,1.6,733,2,nao,educacao,20600.0,12,0
100798,53,5119.71,2.1,570,1,nao,veiculo,49800.0,24,0
100799,52,1751.76,1.9,883,1,nao,reforma,4300.0,36,0
100800,40,8592.22,0.4,814,1,sim,reforma,39500.0,24,0
100801,30,2541.29,2.8,750,3,nao,veiculo,9900.0,48,0
100802,27,5663.52,3.6,748,0,nao,pessoal,8600.0,36,0
100803,44,3637.05,10.8,644,0,nao,reforma,22800.0,24,0
100804,45,5507.03,10.3,788,1,sim,negocio,49200.0,60,0
100805,55,5993.76,16.0,844,0,sim,pessoal,34300.0,36,0
100806,53,3231.09,16.3,745,1,sim,pessoal,7700.0,60,0
100807,38,6636.15,6.6,566,0,nao,negocio,10300.0,36,0
100808,25,2038.11,,635,2,nao,pessoal,10500.0,60,0
100809,36,5454.82,2.1,715,1,nao,pessoal,10000.0,60,1
100810,43,3106.39,2.3,749,2,nao,negocio,6000.0,36,0
100811,38,4411.61,0.9,630,1,sim,educacao,17500.0,36,0
100812,33,2660.37,0.2,566,1,nao,pessoal,14500.0,12,0
100813,43,3957.29,0.5,846,4,nao,negocio,11300.0,36,0
100814,34,1922.54,0.6,501,1,nao,reforma,5900.0,36,1
100815,32,3882.18,16.0,518,0,nao,pessoal,12700.0,36,0
100816,44,3987.75,4.4,467,4,nao,veiculo,8100.0,24,0
100817,35,2610.84,1.7,517,1,sim,negocio,7300.0,60,0
100818,43,,2.1,802,1,sim,reforma,5000.0,12,0
100819,43,4144.47,1.1,807,2,nao,veiculo,22600.0,48,0
100820,26,2234.35,,630,0,nao,veiculo,41700.0,60,1
100821,34,3234.63,3.0,705,1,nao,pessoal,11700.0,12,0
100822,57,2383.59,13.1,639,1,sim,reforma,17000.0,36,0
100823,26,11394.16,10.0,485,1,nao,pessoal,34100.0,36,0
100824,18,,1.8,928,0,nao,educacao,7800.0,60,0
100825,18,3253.79,2.0,819,0,nao,pessoal,44000.0,60,0
100826,40,7095.5,5.3,686,3,nao,pessoal,15000.0,36,0
100827,40,1412.0,6.4,529,0,nao,pessoal,8700.0,60,0
100828,39,1412.0,3.2,611,0,nao,educacao,5600.0,24,0
100829,55,3326.93,11.4,550,1,sim,veiculo,23700.0,24,0
100830,18,1412.0,2.0,653,0,nao,veiculo,4700.0,36,0
100831,45,3453.97,5.4,680,1,sim,veiculo,6000.0,48,1
100832,59,4640.27,5.0,596,1,sim,veiculo,10900.0,24,0
100833,26,5202.69,0.8,451,1,nao,negocio,74700.0,48,1
100834,35,1878.94,1.6,917,1,sim,pessoal,8000.0,12,0
100835,31,4168.53,1.7,671,0,nao,pessoal,53900.0,24,0
100836,29,3287.92,0.3,699,0,nao,negocio,9200.0,60,0
100837,36,4304.95,2.8,585,0,nao,veiculo,23100.0,48,1
100838,57,3113.62,5.1,437,2,nao,veiculo,5000.0,36,1
100839,62,8867.44,9.4,629,0,nao,pessoal,31600.0,48,0
100840,36,3359.21,0.1,598,0,nao,negocio,44600.0,36,1
100841,63,10995.23,,732,0,sim,negocio,24000.0,12,0
100842,40,2411.1,15.7,758,1,nao,veiculo,5600.0,36,0
100843,61,6235.24,2.2,739,1,sim,pessoal,35900.0,60,0
100844,39,3563.13,0.6,768,2,nao,pessoal,13400.0,24,0
100845,42,3179.89,8.7,874,2,sim,pessoal,34700.0,12,0
100846,44,5510.73,3.1,691,4,sim,veiculo,16700.0,48,0
100847,78,3515.27,6.1,783,1,sim,veiculo,12800.0,36,0
100848,50,1412.0,2.2,704,1,nao,veiculo,6000.0,24,0
100849,32,1412.0,4.6,393,3,nao,pessoal,2600.0,36,0
100850,52,8343.59,17.6,620,3,sim,pessoal,13400.0,60,0
100851,36,6995.58,2.4,527,0,sim,negocio,10600.0,24,0
100852,34,9803.78,,670,0,nao,pessoal,4700.0,24,1
100853,51,4104.24,5.7,537,0,sim,negocio,13700.0,36,0
100854,40,1829.15,9.9,719,0,nao,veiculo,2900.0,36,0
100855,43,3056.6,9.5,768,0,sim,pessoal,7700.0,12,0
100856,40,3747.47,5.2,796,0,nao,veiculo,24200.0,36,0
100857,44,2236.81,,851,1,sim,negocio,4400.0,36,0
100858,45,9741.28,,422,1,sim,educacao,51600.0,36,0
100859,18,9596.0,0.5,484,0,nao,pessoal,13000.0,36,0
100860,48,5281.64,0.6,1000,2,sim,pessoal,12300.0,24,0
100861,28,3200.82,5.2,771,1,nao,veiculo,31800.0,24,0
100862,23,1476.55,0.8,669,1,nao,pessoal,4000.0,60,0
100863,39,8619.22,4.4,644,1,nao,pessoal,65300.0,36,0
100864,41,3927.42,5.5,633,1,sim,negocio,56500.0,24,0
100865,32,2889.83,,389,0,nao,reforma,7900.0,36,1
100866,50,5399.5,2.9,540,1,sim,educacao,12700.0,24,0
100867,24,2211.47,4.6,625,3,nao,veiculo,2100.0,60,0
100868,35,3809.65,6.8,547,1,nao,pessoal,15900.0,48,1
100869,33,1551.47,12.0,564,2,nao,pessoal,6800.0,12,1
100870,39,6694.95,0.9,973,0,nao,educacao,37200.0,12,1
100871,43,3635.14,10.4,607,2,sim,veiculo,29300.0,12,0
100872,28,6090.45,4.7,676,3,nao,veiculo,11500.0,12,0
100873,49,3672.42,0.6,672,5,sim,pessoal,39500.0,36,0
100874,41,3494.2,3.2,717,2,nao,veiculo,10300.0,24,0
100875,18,1437.41,2.0,578,1,nao,pessoal,6300.0,48,0
100876,18,,2.0,802,3,nao,pessoal,14300.0,36,0
100877,40,2300.41,4.5,698,2,sim,negocio,5100.0,12,0
100878,37,2753.43,15.5,473,2,nao,reforma,4700.0,12,0
100879,39,3684.12,4.1,626,0,nao,negocio,14600.0,12,1
100880,40,3980.76,4.9,618,0,nao,negocio,7800.0,36,0
100881,43,1506.4,0.9,612,3,sim,veiculo,4600.0,36,0
100882,51,3649.97,3.9,706,1,nao,pessoal,10000.0,24,0
100883,27,4921.58,11.0,723,1,nao,veiculo,13900.0,12,0
100884,26,2546.86,4.7,707,0,nao,pessoal,3000.0,60,0
100885,27,2808.5,2.4,684,2,nao,educacao,1500.0,36,0
100886,43,4209.72,1.1,651,1,sim,educacao,24400.0,36,0
100887,55,3866.63,2.1,360,1,sim,veiculo,26600.0,24,1
100888,35,1993.66,2.2,741,1,nao,veiculo,1500.0,12,0
100889,18,2744.58,0.8,703,2,nao,pessoal,12300.0,48,0
100890,20,4982.43,4.0,512,2,nao,pessoal,19900.0,48,0
100891,30,1853.34,2.5,676,0,nao,pessoal,2900.0,24,0
100892,33,2791.55,1.4,724,2,nao,negocio,16700.0,24,1
100893,35,1643.55,2.4,792,0,nao,pessoal,11400.0,36,0
100894,40,6249.86,1.2,706,2,nao,negocio,41300.0,24,1
100895,36,3379.88,9.7,682,1,sim,veiculo,33700.0,60,0
100896,53,2596.21,2.9,763,2,sim,veiculo,16600.0,36,0
100897,32,3564.36,0.0,600,3,nao,pessoal,7600.0,60,0
100898,30,1704.3,3.3,694,0,nao,pessoal,6000.0,24,0
100899,46,2252.08,6.7,559,1,sim,veiculo,9900.0,36,0
100900,22,1412.0,0.0,784,2,nao,veiculo,12300.0,24,0
100901,45,2187.87,2.8,431,2,sim,veiculo,6600.0,60,1
100902,41,7945.05,6.4,746,0,sim,pessoal,19000.0,36,0
100903,38,2432.13,0.8,642,4,nao,pessoal,3200.0,48,0
100904,59,5355.29,1.7,766,0,sim,pessoal,31600.0,12,0
100905,33,2165.38,5.5,539,1,nao,reforma,8600.0,36,0
100906,65,6292.79,22.5,652,1,sim,reforma,13100.0,36,1
100907,37,2046.3,2.2,648,1,sim,pessoal,11400.0,24,0
100908,25,3161.48,9.0,696,1,nao,educacao,9000.0,48,0
100909,41,3877.08,12.2,504,3,nao,pessoal,6100.0,36,1
100910,27,11433.47,,723,2,nao,educacao,88900.0,36,0
100911,31,,3.4,400,0,nao,veiculo,4800.0,24,0
100912,45,2839.31,0.6,553,0,sim,reforma,10800.0,48,1
100913,47,5856.55,,437,2,nao,pessoal,19200.0,12,1
100914,33,11117.9,0.4,748,0,nao,reforma,14600.0,36,0
100915,52,1691.07,24.4,692,0,sim,reforma,7200.0,60,0
100916,54,2607.25,8.1,699,1,sim,pessoal,6000.0,24,0
100917,57,3637.76,2.6,832,6,sim,pessoal,35000.0,60,0
100918,46,3160.97,2.6,599,2,sim,reforma,20200.0,60,0
100919,56,3450.94,6.3,719,0,sim,veiculo,13800.0,24,0
100920,18,1412.0,2.0,649,3,nao,reforma,1100.0,12,1
100921,36,7696.86,5.0,629,3,nao,pessoal,19300.0,48,0
100922,30,1510.89,2.1,810,1,nao,pessoal,3600.0,60,0
100923,41,3373.32,7.4,911,1,sim,reforma,24400.0,24,0
100924,33,6096.82,2.3,584,1,sim,pessoal,23700.0,60,0
100925,38,3580.07,18.5,748,2,nao,pessoal,15200.0,24,0
100926,63,2418.13,2.9,681,3,sim,pessoal,15600.0,24,0
100927,38,1733.62,0.8,683,0,nao,educacao,16100.0,60,0
100928,45,3466.54,4.1,672,0,nao,pessoal,29100.0,24,0
100929,37,2372.66,6.5,597,2,nao,veiculo,11500.0,48,0
100930,41,,,300,1,sim,veiculo,12500.0,12,1
100931,40,1722.89,,840,1,nao,veiculo,7800.0,24,0
100932,45,6152.3,3.4,550,1,nao,pessoal,21100.0,60,0
100933,54,4415.91,4.0,609,3,sim,pessoal,24800.0,24,0
100934,60,4600.07,7.6,611,3,nao,pessoal,11500.0,48,0
100935,44,8597.88,0.2,538,1,nao,negocio,51700.0,60,1
100936,47,3158.18,7.7,671,0,sim,reforma,11400.0,48,0
100937,26,2103.81,1.1,634,1,sim,educacao,9300.0,60,0
100938,39,2724.23,0.4,547,2,nao,educacao,4700.0,60,0
100939,51,3727.63,0.5,659,2,sim,pessoal,11100.0,12,0
100940,50,3941.77,4.9,636,1,sim,reforma,18000.0,36,0
100941,43,2438.03,15.1,761,4,nao,veiculo,7600.0,36,0
100942,51,1412.0,0.6,466,0,sim,educacao,1200.0,48,0
100943,46,2920.53,5.4,535,0,sim,negocio,4900.0,48,0
100944,54,5050.9,17.2,734,1,sim,veiculo,21700.0,24,0
100945,43,4149.61,10.4,557,0,nao,reforma,35800.0,48,0
100946,36,6878.44,2.1,523,1,nao,pessoal,20900.0,36,1
100947,44,11409.44,9.6,563,0,sim,negocio,29800.0,48,0
100948,18,4251.42,1.4,627,1,nao,pessoal,28000.0,36,0
100949,45,8415.23,17.5,627,0,sim,veiculo,29600.0,24,0
100950,18,4268.85,0.1,613,0,nao,negocio,23300.0,48,0
100951,19,,3.0,506,1,nao,pessoal,21300.0,36,0
100952,45,10887.62,1.4,741,1,nao,veiculo,29900.0,60,0
100953,46,6708.78,5.0,812,3,sim,veiculo,38400.0,48,0
100954,26,,,392,0,nao,veiculo,24200.0,60,0
100955,31,2988.85,2.4,438,0,nao,pessoal,8600.0,48,0
100956,56,4050.85,7.2,770,0,sim,pessoal,7200.0,60,0
100957,34,2883.26,0.4,844,2,nao,veiculo,3700.0,24,0
100958,67,5831.94,31.7,363,0,sim,veiculo,8100.0,36,0
100959,40,2505.8,4.7,746,2,sim,negocio,6000.0,12,0
100960,45,3541.49,0.4,853,2,sim,educacao,15000.0,36,0
100961,59,1412.0,1.8,528,1,sim,veiculo,1800.0,60,0
100962,42,9823.76,9.1,845,2,nao,pessoal,13200.0,48,0
100963,28,2852.28,0.6,617,3,nao,negocio,12500.0,36,1
100964,39,4730.47,7.8,681,0,sim,pessoal,42400.0,48,0
100965,40,8302.7,6.1,546,1,nao,negocio,55800.0,24,1
100966,24,3600.09,1.0,770,2,nao,negocio,4200.0,60,0
100967,37,7962.69,11.7,748,0,nao,negocio,35300.0,24,0
100968,31,1690.14,11.6,864,1,nao,pessoal,10500.0,24,0
100969,51,15490.37,1.8,827,0,nao,pessoal,40300.0,12,0
100970,40,6771.41,5.5,639,1,nao,reforma,20600.0,60,0
100971,37,4036.75,6.0,1000,3,sim,veiculo,17300.0,36,0
100972,39,,2.9,816,3,nao,veiculo,37800.0,36,0
100973,43,2024.5,0.6,710,0,nao,veiculo,8900.0,24,0
100974,47,3428.24,5.0,510,0,sim,reforma,18500.0,12,0
100975,28,7125.78,,441,0,nao,pessoal,28400.0,12,0
100976,28,1412.0,4.0,452,0,nao,pessoal,3400.0,12,0
100977,53,5640.16,1.7,519,0,sim,reforma,15100.0,36,0
100978,35,,0.0,819,1,sim,pessoal,10300.0,24,0
100979,23,8890.78,7.0,703,0,nao,reforma,23600.0,36,0
100980,45,1647.12,10.9,560,2,sim,educacao,8100.0,36,0
100981,46,9636.65,7.5,622,0,sim,negocio,21200.0,36,0
100982,22,2181.86,4.2,606,3,nao,educacao,14500.0,60,1
100983,43,3010.84,4.1,744,2,nao,veiculo,5800.0,12,0
100984,49,2094.62,2.9,526,2,sim,negocio,8300.0,36,1
100985,44,2139.57,0.7,685,0,nao,veiculo,12400.0,12,1
100986,48,5068.88,17.0,679,2,sim,educacao,23200.0,60,0
100987,23,1632.57,1.5,530,1,nao,pessoal,1900.0,60,1
100988,44,5847.88,0.4,846,1,sim,reforma,22200.0,12,0
100989,36,2469.47,1.6,602,5,sim,pessoal,5600.0,12,1
100990,34,1781.69,2.4,511,1,nao,pessoal,2800.0,12,1
100991,50,,2.9,751,0,sim,veiculo,12400.0,12,1
100992,58,4987.08,3.5,647,1,sim,pessoal,8300.0,24,0
100993,62,3557.71,,693,1,sim,pessoal,14400.0,24,0
100994,56,4222.71,20.4,486,1,sim,educacao,35400.0,24,0
100995,39,,6.5,746,1,nao,veiculo,22700.0,12,0
100996,44,7058.66,19.2,922,2,sim,reforma,21500.0,24,0
100997,49,3458.8,1.5,476,1,sim,educacao,11000.0,24,0
100998,41,2120.58,6.6,686,0,nao,veiculo,12800.0,36,0
100999,42,3970.75,1.2,538,1,sim,negocio,11600.0,60,0
101000,50,5368.34,6.8,990,2,sim,pessoal,14200.0,24,0
101001,39,1648.82,0.8,801,1,sim,pessoal,3300.0,24,0
101002,31,2050.19,1.2,677,0,nao,pessoal,4200.0,60,1
101003,35,2366.0,1.1,480,1,nao,educacao,14200.0,24,1
101004,48,3621.47,3.5,512,1,sim,pessoal,9500.0,12,0
101005,40,2450.35,7.9,737,1,nao,veiculo,12000.0,36,0
101006,44,5741.93,0.1,463,0,sim,veiculo,29400.0,24,0
101007,48,1679.27,12.6,467,3,nao,educacao,3300.0,36,1
101008,36,1491.51,0.8,641,0,nao,educacao,3200.0,48,0
101009,49,3413.83,6.1,657,1,sim,pessoal,16900.0,36,0
101010,45,3571.72,2.2,689,1,nao,pessoal,13600.0,60,0
101011,25,1412.0,0.4,583,0,sim,reforma,4400.0,24,0
101012,57,2968.18,1.8,760,1,sim,negocio,13700.0,24,0
101013,34,2784.75,0.8,528,2,nao,pessoal,17900.0,24,1
101014,20,2323.01,1.7,721,3,nao,reforma,7900.0,36,0
101015,27,,0.0,668,2,nao,pessoal,8600.0,48,0
101016,28,2237.84,8.5,718,1,sim,pessoal,8400.0,48,0
101017,41,8489.44,8.7,794,1,sim,pessoal,18300.0,24,0
101018,37,4706.25,12.5,581,3,nao,educacao,17900.0,60,1
101019,36,2281.25,8.6,554,1,sim,reforma,8000.0,24,0
101020,47,4232.38,24.8,421,1,sim,veiculo,9100.0,60,0
101021,44,4166.73,0.3,378,1,sim,reforma,11400.0,12,1
101022,44,7591.43,0.3,617,1,nao,veiculo,21900.0,48,0
101023,45,2827.65,0.7,626,1,sim,pessoal,15400.0,36,0
101024,47,6127.71,2.7,499,0,sim,educacao,12700.0,36,0
101025,18,,2.0,527,3,nao,pessoal,6200.0,48,0
101026,36,8076.82,0.5,838,2,sim,negocio,22600.0,36,0
101027,18,5695.12,2.0,754,2,nao,educacao,28000.0,36,0
101028,40,4150.12,10.2,476,2,nao,reforma,22500.0,60,0
101029,40,3223.74,14.8,582,1,nao,veiculo,13200.0,24,0
101030,53,5475.56,1.8,693,0,sim,educacao,29400.0,36,0
101031,54,3752.47,10.6,559,0,sim,pessoal,26400.0,48,0
101032,42,9595.3,3.5,535,3,nao,veiculo,36900.0,24,1
101033,34,3625.13,0.7,596,0,nao,pessoal,7800.0,24,0
101034,46,3180.93,0.7,782,1,sim,reforma,10600.0,12,0
101035,34,2696.47,2.1,794,2,nao,reforma,4200.0,24,0
101036,40,1911.0,2.6,544,3,nao,pessoal,8500.0,48,0
101037,52,5628.08,,700,0,nao,pessoal,14700.0,36,0
101038,33,2184.87,,639,2,nao,veiculo,8200.0,24,0
101039,50,7580.98,5.0,509,0,sim,negocio,25200.0,36,0
101040,48,1993.85,,601,2,sim,reforma,5500.0,24,1
101041,29,3498.46,1.1,476,0,nao,veiculo,14000.0,60,0
101042,52,7801.25,7.6,791,0,nao,negocio,25300.0,48,0
101043,48,1412.0,3.8,842,1,sim,educacao,3400.0,24,1
101044,41,11427.92,6.0,587,1,nao,reforma,20700.0,24,0
101045,31,2648.14,4.7,556,0,nao,veiculo,11500.0,60,0
101046,30,,5.5,777,0,sim,veiculo,6100.0,36,0
101047,34,4754.2,5.3,798,1,nao,pessoal,48800.0,24,0
101048,47,5990.38,,495,1,sim,educacao,45400.0,36,0
101049,29,3792.32,,621,2,nao,pessoal,5100.0,24,0
101050,45,6808.82,0.8,632,1,sim,reforma,34700.0,60,0
101051,25,4116.3,0.7,540,1,nao,negocio,28500.0,60,1
101052,38,9587.58,4.0,690,2,sim,veiculo,23600.0,24,0
101053,41,5019.32,1.8,549,0,sim,pessoal,21700.0,48,0
101054,69,12209.46,,570,1,sim,pessoal,39600.0,60,0
101055,23,,0.2,627,0,nao,reforma,26000.0,24,0
101056,58,1534.95,3.5,446,0,sim,pessoal,4100.0,60,0
101057,42,16009.95,9.3,373,2,sim,pessoal,103000.0,36,0
101058,45,2868.44,2.6,759,0,sim,pessoal,9200.0,24,0
101059,41,8572.53,2.0,544,1,nao,veiculo,24800.0,60,0
101060,45,3992.4,,918,0,sim,veiculo,20600.0,48,0
101061,38,6524.62,2.6,896,1,nao,pessoal,39200.0,24,0
101062,57,2837.71,18.4,574,1,sim,reforma,2400.0,36,0
101063,35,4957.56,2.2,944,2,nao,veiculo,3000.0,36,0
101064,54,,,762,0,sim,veiculo,15500.0,48,0
101065,32,8074.34,8.0,556,1,sim,negocio,19000.0,24,0
101066,39,4686.68,0.1,304,1,nao,pessoal,7400.0,36,1
101067,27,5317.59,6.4,729,0,nao,veiculo,14900.0,60,0
101068,45,1412.0,6.1,644,1,sim,pessoal,28300.0,60,0
101069,57,3953.48,,696,1,sim,pessoal,6200.0,24,1
101070,39,4614.76,0.8,610,2,nao,reforma,27500.0,60,1
101071,38,4116.37,2.9,491,2,nao,reforma,9100.0,12,1
101072,27,5391.85,11.0,584,2,nao,reforma,7900.0,48,1
101073,37,2942.12,2.6,732,0,nao,negocio,7100.0,24,0
101074,21,3005.58,1.0,594,0,sim,educacao,4500.0,60,0
101075,29,6246.46,13.0,593,0,nao,pessoal,8500.0,60,0
101076,43,1412.0,2.4,442,0,sim,reforma,3200.0,60,1
101077,56,5730.51,0.2,652,1,sim,reforma,10400.0,24,0
101078,74,3448.79,4.1,495,1,sim,reforma,11100.0,48,0
101079,33,2076.71,6.0,759,0,nao,veiculo,8000.0,24,0
101080,57,4986.63,1.6,545,2,sim,negocio,10900.0,36,1
101081,43,7562.27,3.2,602,1,sim,veiculo,38600.0,60,0
101082,38,6446.34,,921,0,nao,educacao,15100.0,48,0
101083,45,3652.25,5.7,600,1,nao,veiculo,11700.0,36,0
101084,41,6096.23,4.7,583,1,nao,educacao,5800.0,12,0
101085,41,6070.56,0.4,716,0,sim,veiculo,22300.0,36,0
101086,35,3349.13,1.0,408,0,sim,pessoal,45300.0,12,1
101087,23,2055.97,7.0,803,1,nao,veiculo,11600.0,12,0
101088,21,2063.2,5.0,769,0,nao,veiculo,6500.0,60,0
101089,48,6436.61,4.6,708,0,nao,pessoal,11200.0,36,0
101090,37,3515.55,12.3,300,0,sim,reforma,32800.0,12,1
101091,33,1929.31,3.2,606,5,nao,negocio,6100.0,36,1
101092,40,1474.21,3.6,475,2,sim,negocio,3400.0,24,1
101093,50,6548.06,1.3,786,1,nao,veiculo,15500.0,24,0
101094,42,2818.98,3.3,777,1,nao,veiculo,34200.0,60,1
101095,32,4063.13,3.4,690,1,sim,negocio,13200.0,24,0
101096,55,8194.8,0.5,484,1,sim,negocio,37600.0,24,1
101097,59,2017.29,4.5,834,2,sim,pessoal,6300.0,24,0
101098,46,,1.2,606,1,nao,pessoal,13100.0,48,0
101099,52,3772.66,9.9,875,0,sim,pessoal,10200.0,24,0
101100,55,,2.3,675,0,sim,veiculo,42000.0,24,0
101101,54,8192.34,3.8,706,2,sim,educacao,29400.0,60,0
101102,47,1933.99,4.8,580,1,nao,pessoal,2900.0,36,0
101103,47,5496.84,0.5,823,2,sim,reforma,24400.0,24,0
101104,46,7011.94,7.4,719,1,nao,pessoal,22900.0,60,0
101105,27,2868.37,10.1,828,0,nao,pessoal,12600.0,36,0
101106,48,3764.39,2.0,663,3,nao,veiculo,10800.0,60,0
101107,24,3841.81,4.2,634,0,nao,veiculo,9700.0,12,1
101108,30,3993.96,3.4,717,2,nao,pessoal,23900.0,24,0
101109,56,5708.5,2.4,828,1,sim,pessoal,61000.0,12,0
101110,50,5642.72,3.8,772,0,sim,veiculo,6500.0,36,0
101111,58,2414.7,7.0,658,0,sim,negocio,8900.0,24,0
101112,37,6202.95,2.2,399,2,sim,negocio,15700.0,36,0
101113,26,5957.67,2.0,745,5,nao,veiculo,12100.0,24,0
101114,37,3985.74,11.5,453,2,nao,negocio,3800.0,36,1
101115,41,1655.71,0.5,645,0,nao,veiculo,7200.0,24,1
101116,41,3535.67,4.0,625,2,nao,pessoal,9300.0,24,0
101117,54,4611.65,5.4,456,1,sim,veiculo,11700.0,36,1
101118,36,1894.79,10.1,688,1,nao,negocio,13600.0,60,0
101119,44,3192.64,11.2,920,2,sim,reforma,8600.0,60,0
101120,28,1483.24,1.3,599,3,nao,negocio,3900.0,12,1
101121,45,5494.06,11.3,740,1,nao,veiculo,8600.0,36,0
101122,40,4079.91,9.2,946,0,sim,negocio,8300.0,24,0
101123,31,1412.0,0.7,752,2,nao,educacao,11900.0,36,1
101124,37,4365.29,6.5,556,2,nao,educacao,22100.0,24,0
101125,38,3528.61,2.2,671,0,sim,negocio,26700.0,60,0
101126,37,4779.83,4.7,703,0,sim,pessoal,10100.0,60,0
101127,61,3341.16,4.0,826,1,sim,reforma,14500.0,24,0
101128,39,2369.41,10.3,798,2,nao,pessoal,15600.0,24,0
101129,37,2354.7,1.9,300,0,nao,negocio,11700.0,36,1
101130,18,2082.62,2.0,529,2,nao,veiculo,18800.0,36,0
101131,29,3295.95,,631,1,sim,pessoal,14700.0,48,0
101132,37,,19.4,508,1,sim,veiculo,13600.0,12,1
101133,32,3050.62,0.1,300,3,nao,pessoal,2600.0,12,1
101134,57,3283.26,6.6,546,1,sim,veiculo,14800.0,48,0
101135,38,3000.3,22.0,640,1,nao,pessoal,15000.0,36,0
101136,55,16459.62,,572,1,sim,negocio,114700.0,48,1
101137,41,2464.81,6.9,510,1,sim,veiculo,5400.0,24,1
101138,40,2739.88,,645,0,nao,negocio,9400.0,24,0
101139,39,22535.14,,685,2,sim,pessoal,30400.0,12,0
101140,40,4694.33,,579,2,nao,veiculo,6200.0,48,0
101141,61,1939.97,1.3,818,3,sim,negocio,9200.0,36,0
101142,18,4450.86,2.0,648,1,nao,reforma,33300.0,12,0
101143,18,1697.4,2.0,527,0,nao,pessoal,13000.0,24,0
101144,33,5655.02,7.4,494,0,nao,negocio,25700.0,60,0
101145,40,3316.03,,612,2,nao,pessoal,39600.0,36,1
101146,48,3187.69,9.5,785,0,sim,pessoal,8800.0,60,0
101147,46,9634.18,0.9,533,3,nao,reforma,57800.0,60,1
101148,35,4798.37,1.6,717,1,nao,reforma,7600.0,12,0
101149,52,7076.69,3.0,652,1,sim,reforma,3800.0,60,0
101150,52,5263.87,5.8,899,3,sim,pessoal,13800.0,24,0
101151,42,2982.2,1.0,691,2,nao,pessoal,9700.0,48,0
101152,52,5800.28,13.2,549,1,sim,pessoal,23400.0,36,0
101153,43,7486.8,6.6,736,0,nao,veiculo,23400.0,36,0
101154,33,3693.84,4.1,740,0,nao,pessoal,16100.0,48,0
101155,48,10936.29,3.6,588,0,sim,reforma,108700.0,12,1
101156,41,6012.14,1.5,489,1,nao,negocio,32800.0,36,1
101157,40,4184.51,1.0,710,2,nao,negocio,9300.0,24,0
101158,58,4758.72,5.5,648,1,sim,educacao,3700.0,12,1
101159,18,3019.53,1.5,443,1,nao,pessoal,5500.0,36,1
101160,23,1512.49,,673,4,sim,veiculo,11800.0,48,1
101161,26,,10.0,557,6,nao,negocio,7700.0,24,0
101162,36,4016.01,2.1,443,1,nao,pessoal,21100.0,12,0
101163,37,2862.03,0.8,594,2,nao,pessoal,14700.0,60,0
101164,22,3573.73,0.8,807,2,nao,pessoal,12100.0,36,0
101165,28,3257.96,2.9,797,1,sim,reforma,10800.0,48,0
101166,30,5056.45,,763,0,nao,negocio,11900.0,12,0
101167,69,5967.77,,675,2,sim,veiculo,79500.0,36,0
101168,62,,10.3,717,1,sim,veiculo,9000.0,48,0
101169,35,1656.63,5.3,653,1,nao,reforma,11400.0,12,0
101170,36,9521.32,2.8,496,1,nao,negocio,54900.0,36,1
101171,26,2900.57,4.6,522,1,nao,pessoal,14700.0,12,1
101172,18,2678.17,1.1,561,2,nao,reforma,8700.0,12,1
101173,39,3049.78,8.0,822,1,sim,negocio,4400.0,36,0
101174,28,2461.46,2.6,780,0,nao,negocio,4300.0,36,0
101175,39,8607.97,4.0,500,0,nao,veiculo,18900.0,36,0
101176,21,6271.16,5.0,647,0,nao,pessoal,27400.0,36,0
101177,31,4272.43,1.2,588,3,sim,negocio,25500.0,36,0
101178,42,3589.38,0.1,620,2,sim,negocio,15200.0,36,1
101179,44,5470.87,1.9,570,1,sim,pessoal,22400.0,24,1
101180,45,4096.96,11.4,823,2,nao,pessoal,26800.0,24,0
101181,24,2748.83,1.4,638,1,nao,pessoal,2700.0,24,0
101182,50,4990.92,5.0,668,3,sim,reforma,4600.0,60,0
101183,30,2592.17,7.0,669,3,nao,pessoal,3600.0,24,0
101184,48,4664.26,1.4,506,0,nao,pessoal,28400.0,24,0
101185,40,4166.68,7.4,654,1,nao,educacao,4400.0,36,0
101186,23,4193.58,7.0,778,0,nao,pessoal,14600.0,48,1
101187,36,2529.73,0.4,831,0,sim,negocio,5100.0,48,1
101188,44,5751.72,2.5,491,2,sim,veiculo,22100.0,48,0
101189,47,2440.77,0.3,443,0,nao,veiculo,7800.0,24,0
101190,38,2656.67,10.0,648,2,nao,negocio,10800.0,24,0
101191,58,3097.99,7.0,784,1,sim,pessoal,8500.0,60,0
101192,52,2297.99,1.3,687,2,sim,pessoal,12300.0,60,0
101193,37,6290.2,4.9,728,2,sim,veiculo,53000.0,60,1
101194,49,2407.28,2.6,463,0,sim,veiculo,18000.0,60,0
101195,63,2821.47,1.6,566,0,sim,veiculo,7900.0,24,0
101196,64,8265.88,6.0,355,2,sim,negocio,17200.0,24,0
101197,25,2260.63,1.5,621,1,nao,negocio,8900.0,48,1
101198,29,2941.33,2.6,359,0,nao,pessoal,33700.0,36,0
101199,58,2375.11,1.4,813,2,sim,pessoal,8100.0,24,0
101200,27,5024.75,5.6,842,1,nao,veiculo,29100.0,36,0
101201,24,4862.25,1.6,658,2,nao,negocio,27200.0,60,0
101202,34,5212.98,2.3,443,0,sim,pessoal,29000.0,24,1
101203,45,5287.25,3.8,689,3,sim,veiculo,39700.0,24,0
101204,39,3834.08,1.9,882,2,nao,pessoal,6100.0,24,0
101205,32,2539.16,2.7,702,0,nao,negocio,5000.0,24,1
101206,32,2164.1,16.0,794,1,nao,pessoal,7800.0,48,0
101207,31,6801.98,3.3,577,0,nao,veiculo,49800.0,48,1
101208,29,4967.83,2.4,527,1,nao,pessoal,36300.0,24,1
101209,67,2830.19,4.8,631,1,sim,reforma,9600.0,60,0
101210,44,3978.2,8.2,390,2,sim,veiculo,25300.0,36,1
101211,51,3513.45,5.6,934,1,sim,veiculo,9500.0,36,0
101212,34,1866.78,11.6,658,0,nao,pessoal,4000.0,48,0
101213,38,4013.61,7.3,753,0,nao,pessoal,6300.0,60,0
101214,31,2662.44,1.7,580,2,nao,pessoal,8600.0,24,1
101215,18,1658.19,2.0,439,2,nao,educacao,4700.0,36,1
101216,23,1412.0,0.6,825,2,nao,reforma,9000.0,48,0
101217,18,1412.0,2.0,494,2,nao,pessoal,6900.0,60,1
101218,18,2282.65,0.3,685,2,nao,pessoal,8300.0,48,0
101219,26,2992.61,9.0,698,2,nao,veiculo,10800.0,60,0
101220,56,,2.5,650,0,sim,pessoal,7000.0,12,0
101221,39,5266.48,5.9,538,2,sim,educacao,6300.0,36,1
101222,55,3997.27,1.0,621,0,sim,veiculo,6900.0,24,0
101223,45,5402.94,1.3,516,0,sim,reforma,30300.0,36,0
101224,49,3709.41,15.0,745,1,sim,reforma,11900.0,60,0
101225,29,,7.1,714,0,sim,negocio,3400.0,36,0
101226,46,4233.55,1.1,637,1,nao,reforma,33700.0,12,1
101227,49,2048.29,,566,1,sim,pessoal,19900.0,48,1
101228,33,4614.72,8.3,914,1,sim,pessoal,33300.0,12,0
101229,47,2399.72,2.1,471,1,sim,veiculo,10800.0,12,1
101230,47,6657.95,23.4,439,0,sim,pessoal,27700.0,48,0
101231,33,2847.41,,629,1,nao,veiculo,9800.0,60,0
101232,27,5701.02,11.0,606,0,nao,negocio,22000.0,24,1
101233,26,1691.31,2.0,783,1,nao,pessoal,8600.0,36,0
101234,41,2594.1,10.3,724,0,sim,reforma,13900.0,36,0
101235,44,4799.14,1.1,644,3,nao,pessoal,22100.0,12,1
101236,30,6289.66,7.0,705,3,nao,pessoal,3100.0,36,1
101237,40,9313.2,15.0,703,1,nao,pessoal,65000.0,12,0
101238,47,4110.46,3.7,913,2,sim,pessoal,16200.0,60,0
101239,47,11040.21,1.7,673,0,sim,pessoal,17100.0,48,0
101240,59,3533.7,3.6,551,2,nao,negocio,13900.0,24,1
101241,55,7583.57,1.6,666,1,sim,reforma,31800.0,24,0
101242,28,1917.81,8.6,300,2,nao,pessoal,2600.0,24,1
101243,60,5221.43,0.4,636,0,sim,pessoal,12400.0,60,0
101244,34,1412.0,1.0,782,1,nao,negocio,2500.0,60,0
101245,53,2236.22,0.9,718,0,sim,pessoal,4400.0,60,0
101246,41,4868.01,3.6,679,1,nao,pessoal,24000.0,36,0
101247,35,1707.3,0.7,724,1,nao,educacao,4100.0,60,0
101248,18,3541.12,0.7,783,1,nao,veiculo,13100.0,36,0
101249,38,5992.66,7.5,825,2,sim,pessoal,32700.0,24,0
101250,21,2220.89,,698,3,nao,reforma,6000.0,36,0
101251,52,2432.06,5.9,599,0,sim,veiculo,13600.0,36,0
101252,58,3192.67,1.3,339,2,sim,veiculo,25200.0,24,1
101253,30,1942.42,0.2,767,0,nao,pessoal,11300.0,24,0
101254,44,3681.26,1.8,707,0,sim,negocio,18500.0,24,0
101255,31,3539.25,5.5,660,0,nao,veiculo,20700.0,36,0
101256,32,2863.18,2.2,551,0,nao,pessoal,12700.0,24,1
101257,49,10302.35,0.6,765,0,sim,veiculo,60000.0,12,0
101258,40,2507.1,3.8,607,0,nao,veiculo,4300.0,48,0
101259,61,8908.0,7.2,636,0,sim,negocio,29800.0,36,0
101260,34,1958.25,3.3,633,0,sim,pessoal,8700.0,24,1
101261,52,4313.24,23.1,698,2,sim,pessoal,14400.0,60,0
101262,41,7219.04,5.1,491,2,nao,educacao,113400.0,36,0
101263,50,7720.72,3.9,713,1,sim,pessoal,24100.0,24,0
101264,35,2788.8,2.1,546,1,sim,pessoal,3300.0,24,1
101265,39,4996.53,3.1,551,1,sim,educacao,18100.0,24,0
101266,39,4641.81,2.7,755,0,nao,reforma,26700.0,24,0
101267,30,2455.1,,511,1,nao,veiculo,5100.0,60,0
101268,48,5697.09,1.3,755,1,sim,veiculo,19500.0,60,0
101269,48,11308.49,12.5,653,2,sim,veiculo,37900.0,36,0
101270,47,5208.12,4.5,426,2,nao,negocio,17600.0,24,1
101271,58,5658.49,6.9,817,1,nao,reforma,13800.0,12,0
101272,57,5997.52,9.4,680,1,nao,veiculo,40500.0,48,0
101273,36,1592.17,6.9,691,2,nao,educacao,20500.0,60,0
101274,44,,3.0,771,1,sim,pessoal,10600.0,36,0
101275,33,1960.78,0.0,835,1,sim,veiculo,3100.0,60,0
101276,40,,23.2,666,0,nao,reforma,7200.0,24,0
101277,33,11264.19,1.2,720,0,nao,veiculo,91700.0,36,0
101278,59,3605.17,,688,1,sim,veiculo,10800.0,12,0
101279,44,2590.44,6.3,595,0,sim,pessoal,11300.0,36,1
101280,37,6782.18,5.9,434,0,nao,reforma,13700.0,36,0
101281,54,2460.68,0.9,668,1,sim,reforma,25100.0,36,0
101282,18,2189.21,2.0,819,1,nao,negocio,6400.0,48,0
101283,18,5565.56,2.0,716,0,nao,pessoal,22600.0,12,0
101284,50,4242.63,9.9,501,0,sim,negocio,9200.0,24,0
101285,41,1595.42,0.9,783,0,sim,pessoal,3300.0,48,0
101286,43,5192.77,0.6,600,1,sim,reforma,18100.0,36,1
101287,24,2454.05,,368,1,nao,veiculo,9100.0,60,0
101288,40,8686.04,1.1,772,0,nao,veiculo,51000.0,48,0
101289,64,2969.1,1.9,517,0,sim,negocio,3800.0,36,1
101290,50,7387.84,12.7,871,1,nao,veiculo,14600.0,36,0
101291,42,10112.15,0.2,789,2,sim,pessoal,23400.0,48,0
101292,35,2200.61,10.1,610,1,sim,veiculo,8300.0,12,0
101293,35,3159.73,2.3,700,0,sim,veiculo,5600.0,24,0
101294,18,3467.26,2.0,955,1,nao,reforma,11500.0,12,0
101295,43,2402.56,9.6,770,2,nao,veiculo,5700.0,24,0
101296,50,4808.2,8.2,671,2,sim,pessoal,15500.0,60,0
101297,21,2585.53,5.0,1000,2,nao,pessoal,5700.0,36,0
101298,32,2960.78,16.0,655,0,nao,reforma,5600.0,60,1
101299,26,3221.56,3.1,716,2,nao,veiculo,13400.0,60,0
101300,28,3348.72,1.6,518,0,nao,educacao,22900.0,60,0
101301,41,4121.21,1.5,422,0,nao,pessoal,23500.0,48,0
101302,18,2014.29,2.0,603,1,nao,veiculo,13700.0,24,0
101303,47,2960.74,2.8,645,3,sim,negocio,21700.0,24,0
101304,49,3842.99,3.2,683,2,sim,pessoal,12200.0,48,1
101305,37,3510.51,6.6,455,0,nao,veiculo,37800.0,24,1
101306,18,2199.55,,726,5,nao,negocio,12100.0,24,1
101307,28,3847.98,3.5,532,0,nao,pessoal,7600.0,60,0
101308,55,1527.36,7.5,719,2,nao,veiculo,3600.0,48,0
101309,18,1873.6,2.0,762,1,nao,veiculo,7200.0,12,0
101310,36,3048.58,1.6,589,3,nao,pessoal,18100.0,48,1
101311,26,,2.1,515,1,sim,educacao,6000.0,48,1
101312,50,10152.5,7.9,841,1,nao,pessoal,19800.0,60,0
101313,32,,0.6,753,2,sim,negocio,19300.0,48,0
101314,45,,9.0,660,4,nao,veiculo,7800.0,12,0
101315,47,3080.24,2.1,831,3,nao,pessoal,12900.0,48,0
101316,62,4108.19,0.6,651,0,sim,pessoal,14800.0,48,1
101317,38,1865.62,18.4,559,2,sim,educacao,2900.0,36,0
101318,45,3583.2,5.9,510,2,nao,veiculo,36400.0,48,1
101319,22,1772.75,0.0,626,0,nao,pessoal,6300.0,36,0
101320,54,3557.61,0.8,740,1,sim,pessoal,6100.0,60,1
101321,31,1412.0,4.5,821,3,nao,veiculo,5100.0,60,0
101322,33,1844.41,0.3,643,4,sim,pessoal,2300.0,24,0
101323,40,8330.79,2.0,798,0,sim,negocio,36200.0,36,0
101324,21,4619.82,3.3,612,3,nao,pessoal,27100.0,24,1
101325,43,7952.96,10.2,538,1,sim,pessoal,140800.0,24,0
101326,52,8889.83,,470,2,sim,veiculo,33000.0,24,0
101327,44,5635.39,4.7,574,4,nao,pessoal,13300.0,36,0
101328,21,2280.87,5.0,475,3,nao,educacao,9000.0,12,1
101329,39,2081.25,1.0,901,1,nao,negocio,17300.0,48,0
101330,49,7707.43,4.8,697,0,nao,reforma,36400.0,24,0
101331,18,2901.22,2.0,628,1,nao,negocio,16700.0,24,0
101332,27,,4.2,864,0,nao,educacao,69200.0,24,0
101333,51,3390.09,1.0,471,2,nao,pessoal,16100.0,24,1
101334,43,11394.9,4.2,622,2,nao,pessoal,17200.0,12,0
101335,45,3608.97,0.8,900,2,sim,reforma,5300.0,60,0
101336,62,8640.74,3.6,621,1,sim,negocio,11700.0,36,1
101337,46,10109.31,19.8,958,0,sim,educacao,17200.0,60,0
101338,48,2313.03,1.4,742,0,sim,reforma,4200.0,12,0
101339,73,3173.75,9.4,810,1,sim,pessoal,33900.0,24,0
101340,37,2038.55,1.7,814,0,sim,educacao,4700.0,60,0
101341,30,1679.78,5.8,640,3,nao,reforma,6200.0,36,1
101342,45,5677.68,3.7,577,1,sim,negocio,17200.0,12,0
101343,45,3530.75,13.2,625,0,nao,reforma,13900.0,12,0
101344,34,3573.45,1.9,512,0,nao,pessoal,13000.0,60,0
101345,28,4372.4,12.0,631,0,nao,reforma,7200.0,24,0
101346,68,1491.97,1.8,639,1,sim,veiculo,7500.0,36,0
101347,44,7898.28,9.0,860,1,nao,veiculo,18400.0,60,0
101348,31,2761.47,,717,1,nao,reforma,6300.0,48,0
101349,51,5553.8,2.0,947,0,nao,negocio,16200.0,48,0
101350,39,5180.22,8.2,359,2,nao,educacao,29500.0,36,1
101351,37,7647.02,21.0,482,1,nao,pessoal,18400.0,48,1
101352,47,3792.83,4.7,594,2,nao,pessoal,14000.0,36,0
101353,24,1412.0,8.0,834,0,nao,veiculo,6300.0,24,0
101354,44,4016.23,1.3,626,1,nao,reforma,16400.0,36,1
101355,63,4627.66,5.1,449,0,sim,reforma,18300.0,60,0
101356,46,2251.13,11.3,608,2,nao,veiculo,3400.0,24,0
101357,35,3810.94,19.0,484,1,nao,veiculo,14400.0,36,0
101358,34,2846.73,,459,2,sim,educacao,5800.0,36,1
101359,35,1679.07,7.4,900,0,nao,pessoal,2000.0,48,0
101360,37,5205.39,1.6,594,3,nao,veiculo,13800.0,36,1
101361,35,,0.1,663,0,nao,educacao,6600.0,36,0
101362,51,3313.99,2.5,628,2,sim,pessoal,68500.0,12,1
101363,19,2203.59,3.0,607,2,nao,pessoal,13900.0,24,0
101364,50,8175.77,1.7,531,1,sim,reforma,45800.0,24,1
101365,35,3435.8,1.4,600,0,nao,pessoal,9400.0,48,0
101366,45,4108.93,,684,3,nao,veiculo,12900.0,24,0
101367,26,2461.07,,824,0,nao,negocio,40300.0,24,0
101368,56,5345.41,2.1,763,1,sim,pessoal,12800.0,36,0
101369,55,8704.03,0.1,482,0,nao,negocio,35500.0,36,0
101370,52,5917.92,2.4,769,0,nao,pessoal,62500.0,48,0
101371,22,4330.42,4.1,702,1,nao,veiculo,9800.0,48,0
101372,50,5783.96,2.9,559,1,sim,pessoal,22100.0,48,0
101373,45,1841.39,,664,0,sim,reforma,6400.0,24,0
101374,21,1807.19,0.7,714,1,nao,negocio,3700.0,48,0
101375,40,3326.95,0.5,646,1,sim,pessoal,18500.0,24,0
101376,44,2610.91,0.8,702,1,sim,negocio,4700.0,12,1
101377,47,2237.34,2.3,528,0,sim,reforma,12500.0,36,0
101378,42,,0.7,899,0,nao,negocio,6400.0,12,1
101379,43,1835.8,,389,3,sim,reforma,11000.0,12,1
101380,58,3598.7,1.4,715,2,sim,reforma,11200.0,12,0
101381,55,3988.75,0.7,688,1,sim,negocio,17600.0,36,0
101382,18,1810.2,2.0,724,1,nao,reforma,11700.0,24,0
101383,36,3713.76,1.9,548,0,nao,educacao,5600.0,60,0
101384,38,2867.31,2.3,792,2,nao,pessoal,4900.0,24,0
101385,19,5177.51,0.9,626,1,sim,pessoal,25700.0,24,0
101386,41,3445.67,3.2,486,2,sim,reforma,19800.0,36,1
101387,55,6077.8,5.7,498,3,sim,pessoal,23100.0,48,0
101388,27,3553.81,1.5,656,0,nao,veiculo,21600.0,48,0
101389,44,1800.0,,432,4,nao,negocio,5100.0,24,1
101390,29,3103.34,1.0,874,0,sim,reforma,23200.0,48,0
101391,32,1717.12,16.0,776,1,nao,negocio,5800.0,36,0
101392,58,3904.76,1.9,877,3,sim,veiculo,8600.0,60,0
101393,33,2276.73,13.7,864,0,nao,pessoal,18700.0,36,0
101394,46,4905.49,1.4,594,2,sim,pessoal,28200.0,24,0
101395,18,1412.0,2.0,527,2,nao,negocio,3800.0,48,1
101396,62,4177.64,2.9,300,2,sim,veiculo,11300.0,12,0
101397,47,5504.76,5.1,587,1,sim,negocio,27600.0,48,1
101398,38,5996.41,0.5,870,1,nao,pessoal,11500.0,36,0
101399,47,2639.24,3.3,532,0,nao,pessoal,11200.0,24,1
101400,23,3039.53,3.7,613,1,nao,educacao,9600.0,12,0
101401,54,4585.7,23.2,568,0,sim,reforma,18300.0,12,0
101402,36,8327.44,12.0,689,1,nao,veiculo,8700.0,12,1
101403,38,1611.64,4.4,807,2,nao,veiculo,3300.0,36,0
101404,34,2103.55,11.7,440,2,sim,veiculo,8600.0,48,0
101405,33,16038.86,0.3,465,1,nao,educacao,105600.0,12,1
101406,48,3493.76,21.3,833,0,sim,pessoal,11300.0,24,0
101407,43,1412.0,5.3,735,0,sim,pessoal,7600.0,60,0
101408,48,2946.98,12.2,606,2,nao,pessoal,4200.0,24,0
101409,40,1412.0,4.5,862,1,sim,veiculo,3800.0,60,0
101410,46,4539.34,17.0,463,0,sim,educacao,18800.0,12,0
101411,35,5485.66,9.0,761,1,sim,reforma,18500.0,60,0
101412,67,2509.91,16.1,631,0,sim,negocio,13900.0,48,0
101413,21,2258.58,5.0,719,0,nao,reforma,6800.0,12,1
101414,55,6887.25,5.5,330,2,sim,veiculo,20800.0,24,1
101415,56,1582.56,8.1,606,2,sim,veiculo,8200.0,24,0
101416,30,,8.8,736,1,sim,negocio,4000.0,12,0
101417,67,3655.37,8.4,632,1,sim,pessoal,7400.0,24,0
101418,52,2739.78,,803,0,sim,veiculo,12700.0,48,0
101419,52,,12.1,799,1,nao,veiculo,6900.0,48,0
101420,40,1858.44,15.3,515,1,nao,negocio,15200.0,24,0
101421,37,4048.11,2.3,747,0,nao,pessoal,4700.0,48,0
101422,37,3314.48,20.3,511,3,sim,pessoal,9700.0,24,0
101423,45,5321.27,4.0,647,1,nao,reforma,49400.0,12,1
101424,57,4626.87,1.4,725,2,sim,reforma,53000.0,24,1
101425,42,4266.46,1.3,531,1,nao,pessoal,14100.0,24,0
101426,29,1472.37,3.7,742,0,nao,veiculo,10000.0,12,0
101427,50,5433.52,1.3,574,2,sim,veiculo,30300.0,12,1
101428,51,3454.53,2.8,565,2,sim,veiculo,9000.0,24,0
101429,48,3704.52,13.9,732,2,sim,veiculo,17200.0,60,0
101430,49,7301.06,1.1,531,1,nao,pessoal,15200.0,36,0
101431,37,2422.23,5.8,525,2,sim,educacao,3300.0,60,0
101432,29,6858.52,4.7,775,1,nao,veiculo,32500.0,12,0
101433,30,7312.57,0.5,654,0,nao,reforma,35900.0,60,0
101434,20,,2.6,451,0,nao,veiculo,7500.0,12,1
101435,43,2245.06,7.2,751,0,sim,pessoal,7200.0,24,0
101436,39,1412.0,9.9,587,0,nao,reforma,2400.0,12,0
101437,35,6360.55,4.7,458,1,sim,veiculo,16900.0,36,1
101438,18,2976.9,2.0,314,0,nao,pessoal,8000.0,24,1
101439,25,2053.62,9.0,757,0,sim,negocio,11200.0,48,1
101440,53,7902.04,11.5,528,1,sim,negocio,20500.0,48,0
101441,32,2109.36,1.4,478,1,nao,reforma,3500.0,24,1
101442,44,3082.18,2.4,723,0,sim,veiculo,30200.0,48,0
101443,23,4017.38,6.3,745,1,nao,reforma,18900.0,24,0
101444,57,2246.07,4.4,538,2,sim,veiculo,13500.0,12,0
101445,38,3427.29,6.3,759,0,nao,pessoal,17300.0,24,0
101446,43,7008.32,4.3,907,1,nao,veiculo,43100.0,24,0
101447,68,4654.21,6.2,815,2,sim,reforma,21200.0,12,1
101448,58,8229.67,4.5,795,0,sim,veiculo,38100.0,12,0
101449,36,6633.4,,681,1,nao,negocio,25100.0,24,0
101450,33,,15.6,582,1,sim,veiculo,9300.0,60,0
101451,36,1412.0,0.6,633,1,nao,veiculo,8400.0,60,0
101452,46,2164.31,3.0,697,0,nao,veiculo,6500.0,60,0
101453,39,5602.93,5.3,477,2,sim,reforma,21000.0,12,1
101454,35,1497.98,12.6,540,2,sim,pessoal,6500.0,12,1
101455,58,3462.46,4.3,454,3,sim,veiculo,15900.0,36,1
101456,39,4435.41,0.1,671,2,sim,reforma,8400.0,36,0
101457,68,9299.17,11.8,651,2,sim,veiculo,36700.0,24,0
101458,41,2744.92,8.6,555,1,nao,pessoal,5200.0,48,0
101459,61,2908.81,4.1,747,1,sim,reforma,11300.0,60,0
101460,44,3781.34,4.5,504,3,nao,negocio,21100.0,24,0
101461,52,5026.2,2.6,550,2,sim,veiculo,51800.0,60,0
101462,31,3073.85,15.0,741,4,nao,reforma,15200.0,12,0
101463,30,5883.97,0.9,761,2,nao,pessoal,34600.0,36,0
101464,46,2561.89,6.8,537,1,sim,veiculo,4700.0,24,0
101465,52,4427.12,4.6,670,2,nao,pessoal,21400.0,36,0
101466,40,4757.23,5.8,539,0,sim,negocio,8500.0,12,0
101467,25,2482.68,6.5,614,0,nao,pessoal,17900.0,36,1
101468,24,4843.5,8.0,659,0,nao,negocio,8900.0,24,0
101469,23,3266.98,0.4,713,0,nao,veiculo,6400.0,36,0
101470,19,4385.8,3.0,681,2,nao,veiculo,24100.0,48,1
101471,41,4190.29,2.9,676,2,sim,veiculo,40200.0,24,0
101472,54,5097.16,11.1,500,2,sim,pessoal,33700.0,36,0
101473,40,2630.0,2.8,690,1,nao,pessoal,7400.0,60,0
101474,18,1979.2,2.0,712,3,nao,veiculo,3800.0,60,1
101475,38,7137.78,1.5,730,2,nao,reforma,19300.0,60,1
101476,38,5162.98,16.5,546,1,nao,reforma,19500.0,24,0
101477,65,2360.87,7.7,759,1,sim,negocio,7900.0,36,0
101478,23,,0.1,469,0,nao,pessoal,6300.0,48,0
101479,35,1412.0,0.4,584,2,sim,educacao,10700.0,60,0
101480,60,3022.23,1.8,604,0,nao,pessoal,23200.0,24,0
101481,45,6674.02,5.1,476,2,nao,veiculo,72400.0,60,1
101482,47,,2.6,602,2,nao,pessoal,4800.0,36,1
101483,41,4018.33,1.0,669,3,nao,negocio,8700.0,48,0
101484,44,1412.0,,403,2,sim,veiculo,5700.0,36,0
101485,49,3305.99,5.1,589,0,sim,veiculo,11600.0,24,0
101486,30,3979.61,11.2,413,0,nao,pessoal,10600.0,12,1
101487,51,5352.54,2.2,905,3,sim,veiculo,11200.0,24,0
101488,24,5181.49,5.6,668,1,nao,pessoal,10000.0,36,0
101489,44,3466.97,14.6,656,2,sim,reforma,40900.0,36,1
101490,42,3476.39,,670,0,nao,veiculo,5200.0,36,0
101491,33,1648.55,0.7,719,3,nao,pessoal,2300.0,36,0
101492,40,3327.8,10.4,767,2,sim,pessoal,5700.0,36,0
101493,33,1713.77,,437,1,nao,pessoal,6700.0,12,1
101494,27,1412.0,1.1,810,2,nao,veiculo,4200.0,24,0
101495,36,1957.73,0.1,802,0,sim,pessoal,8800.0,36,0
101496,27,7286.54,11.0,631,0,nao,pessoal,16700.0,24,0
101497,44,3353.87,2.2,625,0,sim,pessoal,12400.0,60,1
101498,26,3539.13,3.9,300,2,nao,pessoal,13000.0,60,1
101499,49,3092.72,6.7,478,0,sim,reforma,27800.0,36,0
101500,26,1412.0,,707,0,sim,reforma,14400.0,24,0
101501,33,5739.79,4.6,796,1,nao,pessoal,18300.0,48,0
101502,33,1412.0,1.4,735,2,nao,veiculo,8300.0,24,0
101503,56,3054.22,3.4,630,1,sim,reforma,11800.0,36,0
101504,44,3776.83,4.1,890,0,sim,veiculo,21000.0,60,0
101505,37,4084.29,0.6,771,3,sim,negocio,18000.0,60,0
101506,46,2666.37,11.7,589,0,sim,reforma,14500.0,60,0
101507,18,1412.0,2.0,924,1,nao,veiculo,8200.0,12,0
101508,39,2369.92,1.4,497,0,sim,veiculo,10700.0,36,1
101509,64,2745.17,8.4,449,1,sim,veiculo,10400.0,48,0
101510,42,2489.05,3.1,585,0,nao,pessoal,16300.0,24,0
101511,41,6420.82,1.0,541,0,nao,pessoal,20700.0,48,0
101512,47,2061.23,9.5,593,1,nao,educacao,5100.0,24,0
101513,51,4890.04,7.3,744,1,nao,negocio,6700.0,60,0
101514,18,3054.7,2.0,636,0,nao,negocio,13800.0,36,0
101515,20,4891.16,0.7,639,1,nao,veiculo,25900.0,24,0
101516,43,3578.17,2.2,648,1,sim,negocio,4500.0,60,0
101517,31,5170.08,7.0,339,1,nao,reforma,12500.0,48,1
101518,56,3769.49,2.5,443,2,sim,veiculo,20700.0,36,0
101519,36,4515.66,7.9,590,1,nao,negocio,14500.0,60,1
101520,18,,1.7,530,2,nao,negocio,5100.0,36,1
101521,25,1412.0,1.8,610,1,nao,veiculo,8500.0,36,0
101522,18,3446.19,2.0,823,2,nao,educacao,11300.0,24,0
101523,37,4560.94,2.1,630,2,nao,educacao,20100.0,60,1
101524,38,4728.04,4.3,468,1,nao,reforma,8700.0,36,0
101525,35,2632.78,1.2,537,1,sim,veiculo,11400.0,36,0
101526,53,,2.2,862,2,sim,pessoal,14700.0,60,0
101527,54,3217.9,1.3,839,2,sim,negocio,5200.0,24,0
101528,38,4588.11,7.0,717,0,nao,pessoal,11900.0,48,0
101529,18,,2.0,437,1,nao,pessoal,18900.0,60,1
101530,47,10340.74,1.7,680,0,sim,veiculo,37400.0,12,0
101531,47,3375.08,1.9,690,0,sim,veiculo,7400.0,48,0
101532,44,2717.38,,643,1,nao,pessoal,16100.0,60,0
101533,52,1817.9,11.1,566,1,sim,pessoal,7700.0,36,0
101534,26,7365.08,4.4,593,5,nao,negocio,48300.0,12,1
101535,64,,2.3,557,0,sim,veiculo,10700.0,12,0
101536,28,4131.19,2.7,491,0,nao,negocio,34200.0,12,1
101537,49,22774.97,15.6,818,0,sim,negocio,150000.0,24,0
101538,20,3448.55,1.6,755,4,sim,veiculo,20900.0,36,0
101539,29,1593.71,1.5,603,1,nao,veiculo,7500.0,36,0
101540,58,3720.71,10.6,686,2,sim,pessoal,17500.0,36,0
101541,37,2104.86,2.9,691,0,nao,negocio,9000.0,36,0
101542,50,3333.2,17.3,945,4,nao,reforma,5100.0,48,0
101543,43,3085.3,19.4,753,5,sim,educacao,7500.0,60,0
101544,39,2666.04,1.4,749,2,nao,negocio,8800.0,60,0
101545,56,1925.83,,645,2,sim,pessoal,3600.0,48,0
101546,37,8638.72,0.8,584,1,nao,negocio,71500.0,24,0
101547,19,3349.71,3.0,820,0,nao,educacao,15800.0,60,0
101548,30,2918.66,11.6,725,1,nao,veiculo,29800.0,60,0
101549,47,6095.1,4.1,532,2,sim,negocio,34300.0,60,0
101550,45,5097.47,1.7,699,0,sim,veiculo,7700.0,36,0
101551,21,3405.07,0.9,749,2,nao,veiculo,26100.0,24,0
101552,31,4876.92,3.6,368,1,sim,pessoal,13000.0,36,1
101553,33,3692.21,1.3,520,1,nao,reforma,29300.0,24,1
101554,36,5141.05,5.3,687,1,nao,educacao,44500.0,24,1
101555,23,4554.66,3.9,390,1,nao,pessoal,35900.0,36,1
101556,32,3705.19,9.4,410,2,sim,veiculo,24700.0,60,0
101557,31,,7.5,605,1,nao,pessoal,13500.0,36,0
101558,49,9518.08,5.7,704,0,nao,veiculo,33100.0,36,0
101559,50,3186.16,2.6,710,0,sim,reforma,34600.0,36,0
101560,38,,15.7,846,2,nao,educacao,18600.0,24,0
101561,35,4412.34,11.4,651,0,nao,pessoal,12300.0,12,0
101562,42,2723.31,12.3,592,0,nao,pessoal,12400.0,48,0
101563,30,2118.76,0.9,470,1,nao,pessoal,14800.0,24,0
101564,26,2581.39,0.2,590,1,sim,negocio,17600.0,24,0
101565,29,2488.35,8.1,732,2,nao,veiculo,4500.0,36,0
101566,32,1519.33,2.5,738,1,nao,pessoal,10200.0,24,0
101567,26,2191.59,,674,1,nao,pessoal,11600.0,24,0
101568,42,4408.47,0.8,711,1,sim,pessoal,12500.0,36,0
101569,49,8229.65,7.5,806,2,sim,reforma,17600.0,60,0
101570,21,3969.15,5.0,650,0,nao,veiculo,32800.0,24,0
101571,40,1412.0,24.0,818,1,sim,reforma,12400.0,36,0
101572,37,,21.0,546,1,sim,pessoal,46000.0,36,0
101573,44,2863.2,13.5,630,1,sim,veiculo,4600.0,48,0
101574,40,4777.86,1.3,577,2,nao,reforma,14700.0,36,1
101575,23,2986.69,2.1,743,2,nao,pessoal,10800.0,48,0
101576,25,2782.88,0.5,508,1,nao,pessoal,24000.0,60,1
101577,40,3520.38,4.1,598,0,nao,pessoal,20000.0,24,0
101578,52,4093.2,10.7,398,3,sim,reforma,12500.0,60,0
101579,18,5865.23,0.3,717,0,nao,veiculo,22600.0,24,0
101580,44,3850.14,26.5,802,0,nao,veiculo,20700.0,60,0
101581,54,7528.58,0.9,758,0,sim,veiculo,41300.0,36,0
101582,38,6103.92,1.6,746,1,nao,pessoal,58600.0,36,0
101583,47,5798.85,6.8,749,1,sim,educacao,48600.0,36,0
101584,32,1412.0,,731,0,nao,educacao,10400.0,36,0
101585,39,6804.64,13.1,720,0,sim,pessoal,15100.0,24,0
101586,21,,5.0,728,1,nao,negocio,5200.0,36,0
101587,18,4150.67,0.3,555,0,nao,veiculo,8000.0,36,0
101588,51,2427.27,12.5,614,1,nao,veiculo,11000.0,24,0
101589,28,1677.98,8.7,649,1,nao,veiculo,4400.0,24,0
101590,35,10420.44,6.1,596,1,nao,educacao,52100.0,24,0
101591,23,1778.2,,436,0,nao,pessoal,9700.0,60,0
101592,23,5653.64,7.0,479,0,nao,pessoal,22900.0,24,1
101593,38,3884.97,,670,2,nao,negocio,23400.0,36,0
101594,31,2655.68,,758,1,sim,negocio,6400.0,60,0
101595,45,3838.19,11.6,641,1,sim,educacao,5600.0,12,0
101596,45,1923.32,9.7,999,2,sim,pessoal,4500.0,24,0
101597,44,3862.67,8.3,520,1,nao,veiculo,22800.0,60,0
101598,43,2122.44,6.2,698,0,sim,veiculo,22800.0,48,0
101599,59,3333.98,3.3,808,0,sim,pessoal,28900.0,24,1
101600,27,5286.56,,779,0,nao,pessoal,16700.0,12,0
101601,39,4234.48,3.7,725,0,nao,negocio,26900.0,36,1
101602,54,1833.94,8.6,779,1,sim,pessoal,2900.0,48,0
101603,55,6619.24,9.9,647,1,sim,pessoal,59900.0,36,0
101604,23,2998.27,2.9,856,0,nao,pessoal,14700.0,60,0
101605,36,2639.09,5.5,807,0,nao,veiculo,15200.0,24,0
101606,56,6248.45,3.8,529,0,nao,educacao,7100.0,36,0
101607,46,3626.66,4.5,682,1,sim,pessoal,17200.0,12,0
101608,42,2005.69,0.9,439,0,sim,educacao,21800.0,36,1
101609,37,9941.06,16.4,838,2,nao,pessoal,42700.0,60,0
101610,35,3480.75,8.0,669,2,nao,veiculo,11900.0,24,0
101611,43,3681.47,,815,2,nao,pessoal,11400.0,36,0
101612,37,2879.37,3.6,626,0,nao,veiculo,6700.0,24,0
101613,39,7045.84,5.4,399,1,sim,negocio,26800.0,24,1
101614,41,2821.67,4.9,983,3,nao,reforma,4900.0,12,0
101615,32,1448.46,14.4,657,3,nao,pessoal,6800.0,36,0
101616,46,2737.39,15.1,510,1,nao,negocio,19200.0,60,0
101617,75,8596.78,14.9,789,3,sim,reforma,24000.0,12,0
101618,19,4491.47,3.0,905,0,nao,veiculo,20400.0,24,0
101619,44,3382.67,5.1,614,0,sim,negocio,11700.0,24,0
101620,31,7121.06,2.1,627,0,nao,educacao,32500.0,36,0
101621,47,6062.68,2.0,671,3,sim,reforma,37800.0,24,0
101622,41,3252.39,10.4,496,3,nao,pessoal,15000.0,60,1
101623,49,3744.26,1.7,550,1,nao,pessoal,22600.0,48,1
101624,54,4966.85,4.5,872,0,nao,negocio,24500.0,36,0
101625,42,2409.85,3.9,623,2,nao,reforma,14600.0,12,1
101626,54,4154.28,16.6,531,3,sim,educacao,18100.0,36,0
101627,18,3317.8,2.0,581,0,nao,educacao,14600.0,60,0
101628,59,1638.58,,779,2,sim,negocio,8900.0,36,0
101629,45,3544.97,,383,0,nao,veiculo,12200.0,48,0
101630,53,3507.77,4.9,673,0,sim,veiculo,16600.0,48,0
101631,25,5446.11,4.9,960,0,nao,pessoal,11500.0,60,0
101632,30,1412.0,,904,1,nao,pessoal,1700.0,24,0
101633,42,3087.23,3.8,715,0,sim,veiculo,11800.0,60,0
101634,40,2857.17,6.9,811,2,sim,veiculo,6400.0,24,0
101635,43,,3.0,810,0,nao,pessoal,74900.0,36,1
101636,53,4045.93,0.6,624,2,sim,reforma,9000.0,36,0
101637,19,7632.08,3.0,760,0,nao,veiculo,43500.0,36,0
101638,52,5964.82,1.4,873,1,nao,veiculo,14000.0,12,0
101639,40,2971.82,,476,2,nao,veiculo,10500.0,36,0
101640,38,4152.85,1.4,715,2,nao,pessoal,7600.0,24,0
101641,22,2442.81,6.0,687,0,nao,reforma,4200.0,36,1
101642,46,6378.57,30.0,653,2,sim,veiculo,27200.0,12,0
101643,18,1412.0,2.0,642,2,nao,veiculo,4000.0,36,0
101644,48,2580.93,6.9,670,0,sim,veiculo,14500.0,24,0
101645,22,3813.39,1.2,681,0,nao,pessoal,29000.0,12,0
101646,41,7390.38,19.5,785,2,sim,educacao,10200.0,36,0
101647,39,1412.0,1.6,702,0,nao,negocio,9500.0,24,0
101648,54,8825.28,8.2,617,2,nao,pessoal,17400.0,36,0
101649,38,3369.99,3.2,531,1,sim,pessoal,9700.0,60,0
101650,32,1412.0,0.6,579,0,nao,educacao,2100.0,60,0
101651,34,,4.8,674,0,nao,reforma,2200.0,36,0
101652,55,1786.93,3.4,548,2,sim,pessoal,1900.0,36,0
101653,46,3933.14,0.0,763,4,nao,reforma,10800.0,36,0
101654,35,3388.92,4.2,696,1,nao,negocio,12300.0,24,1
101655,37,5096.93,7.2,789,1,nao,pessoal,14300.0,24,0
101656,21,2162.83,4.5,557,1,nao,reforma,2600.0,24,0
101657,45,2138.78,1.5,532,2,nao,educacao,2300.0,60,0
101658,19,2264.4,3.0,788,2,nao,pessoal,8000.0,12,0
101659,49,4178.53,3.6,657,2,sim,negocio,23500.0,24,0
101660,42,4323.34,3.7,614,1,sim,negocio,17600.0,24,1
101661,69,2684.84,9.5,731,0,sim,reforma,28800.0,12,0
101662,27,5217.65,2.8,726,2,nao,veiculo,17800.0,24,0
101663,39,2616.11,,477,1,nao,reforma,11100.0,36,0
101664,62,2568.49,4.3,820,1,sim,reforma,8900.0,36,0
101665,54,3075.13,3.2,587,0,sim,pessoal,6700.0,60,0
101666,32,6119.02,0.4,861,3,sim,pessoal,19400.0,48,0
101667,43,3578.83,2.9,467,1,nao,pessoal,20700.0,60,0
101668,40,2541.66,16.1,681,0,sim,veiculo,15100.0,36,0
101669,43,6407.26,12.5,616,0,nao,reforma,27800.0,24,0
101670,32,11009.42,16.0,383,1,nao,negocio,99600.0,60,1
101671,39,4132.08,,726,1,nao,veiculo,19000.0,36,0
101672,21,5767.56,5.0,390,0,nao,reforma,24600.0,48,1
101673,42,6732.5,3.2,602,1,sim,veiculo,58000.0,12,1
101674,45,2819.49,5.9,784,1,sim,veiculo,6400.0,36,0
101675,37,3651.09,15.1,571,0,nao,reforma,30100.0,24,0
101676,21,1445.18,5.0,523,0,nao,pessoal,2800.0,24,0
101677,52,,3.3,744,1,sim,pessoal,11000.0,48,0
101678,44,,7.1,608,2,sim,pessoal,3200.0,60,0
101679,31,2680.97,1.7,587,0,nao,negocio,10900.0,60,0
101680,37,2381.99,,806,1,nao,negocio,18500.0,60,0
101681,22,2534.47,2.1,488,2,nao,reforma,5100.0,60,0
101682,28,4315.05,5.9,580,0,nao,veiculo,12700.0,60,0
101683,34,3251.15,2.0,753,2,nao,reforma,10000.0,48,0
101684,55,1486.25,7.2,480,1,sim,veiculo,4600.0,48,1
101685,32,2247.62,10.6,871,2,nao,pessoal,4200.0,24,0
101686,48,1760.35,2.2,612,0,nao,pessoal,6300.0,60,0
101687,34,,10.5,754,1,nao,pessoal,35600.0,36,0
101688,43,5077.9,6.7,753,0,sim,negocio,13200.0,24,0
101689,38,4191.61,8.9,620,0,sim,reforma,16800.0,36,1
101690,50,2687.44,22.7,578,1,nao,reforma,10700.0,60,0
101691,34,3976.89,9.9,634,0,sim,educacao,11000.0,48,0
101692,21,2259.34,5.0,733,2,sim,reforma,9300.0,24,0
101693,23,1609.49,7.0,512,0,nao,reforma,4500.0,36,1
101694,34,5221.54,3.2,484,1,nao,educacao,23500.0,48,1
101695,25,4851.95,9.0,833,2,nao,pessoal,16300.0,48,0
101696,45,6629.63,5.5,544,2,sim,pessoal,10000.0,24,0
101697,34,2484.67,8.6,686,2,nao,veiculo,3000.0,48,0
101698,68,7927.29,42.1,614,0,sim,pessoal,7700.0,48,1
101699,19,,2.9,619,0,nao,reforma,5900.0,24,0
101700,42,5454.98,8.2,826,3,sim,educacao,31400.0,24,0
101701,26,2367.76,9.2,629,1,nao,educacao,5300.0,36,0
101702,34,3069.58,5.7,594,0,nao,pessoal,9300.0,48,0
101703,42,1412.0,7.9,605,0,sim,pessoal,3300.0,60,0
101704,18,2371.61,2.0,575,1,nao,negocio,5000.0,60,1
101705,43,4047.8,20.9,553,1,nao,negocio,53100.0,48,0
101706,63,3307.31,,575,0,nao,pessoal,7200.0,36,0
101707,35,9231.84,3.6,856,0,sim,negocio,14400.0,12,0
101708,43,2031.38,0.3,732,2,sim,negocio,4200.0,36,0
101709,52,3039.5,2.0,595,2,sim,pessoal,11100.0,36,0
101710,38,,5.1,768,0,nao,veiculo,5500.0,48,0
101711,33,,8.2,434,2,nao,negocio,10500.0,60,1
101712,18,4937.69,2.0,819,1,nao,reforma,11200.0,24,0
101713,48,9153.17,,808,3,sim,reforma,22500.0,24,0
101714,39,2504.33,0.2,931,1,sim,negocio,5700.0,36,0
101715,28,2163.5,,772,1,nao,negocio,7200.0,24,0
101716,42,2015.13,3.5,697,0,nao,pessoal,10800.0,24,0
101717,33,7035.84,2.9,808,3,nao,veiculo,40300.0,36,0
101718,34,6431.99,2.2,559,0,nao,negocio,52400.0,12,1
101719,47,3790.49,2.5,589,1,sim,pessoal,6000.0,24,0
101720,24,1416.15,,632,0,nao,pessoal,2700.0,60,0
101721,53,2019.8,7.9,818,4,nao,negocio,4100.0,36,0
101722,23,3306.16,2.6,529,0,nao,educacao,11500.0,12,0
101723,32,4583.1,7.0,515,0,nao,pessoal,8400.0,60,0
101724,63,1412.0,3.3,671,1,sim,pessoal,3300.0,24,0
101725,54,3472.73,6.8,733,1,sim,educacao,18300.0,24,0
101726,41,9171.27,8.5,549,2,sim,pessoal,61000.0,60,1
101727,29,,11.3,727,2,nao,pessoal,15400.0,48,0
101728,34,7877.67,18.0,818,2,nao,negocio,33400.0,24,0
101729,41,5381.62,9.7,796,2,sim,educacao,12700.0,36,0
101730,40,2051.24,13.7,686,1,sim,veiculo,7300.0,36,0
101731,39,3134.55,1.3,628,2,nao,reforma,21800.0,60,0
101732,40,3469.52,2.4,866,2,nao,veiculo,18100.0,36,0
101733,37,2130.8,0.6,642,4,nao,pessoal,12700.0,48,1
101734,23,1765.64,0.6,762,0,nao,negocio,10900.0,12,0
101735,34,7952.24,6.0,895,0,nao,veiculo,22900.0,24,0
101736,51,2420.84,1.1,749,1,sim,reforma,12400.0,12,0
101737,24,5523.09,,510,2,nao,veiculo,15400.0,36,1
101738,38,2863.14,6.9,479,1,nao,veiculo,14300.0,36,0
101739,30,3257.74,6.5,601,0,nao,pessoal,23800.0,24,0
101740,41,5129.6,0.4,732,1,sim,veiculo,45600.0,24,1
101741,35,2528.3,0.1,698,0,nao,reforma,12600.0,36,1
101742,58,5663.31,2.1,927,3,sim,educacao,25100.0,12,0
101743,46,1412.0,17.4,697,0,sim,educacao,11400.0,60,0
101744,24,3886.99,0.2,597,0,nao,pessoal,8100.0,60,0
101745,48,1412.0,0.6,493,0,sim,veiculo,11800.0,36,0
101746,31,2953.53,3.2,793,1,nao,veiculo,11200.0,60,0
101747,33,5487.07,1.4,639,1,sim,reforma,20900.0,36,0
101748,44,5480.44,1.8,444,1,nao,negocio,14600.0,36,1
101749,34,1699.96,3.5,643,0,nao,educacao,2900.0,36,0
101750,51,2177.87,21.4,511,0,sim,pessoal,18400.0,12,0
101751,31,2291.02,7.6,585,3,nao,reforma,10200.0,24,0
101752,33,,0.0,641,2,nao,pessoal,10700.0,36,0
101753,32,1412.0,3.0,522,4,sim,pessoal,6100.0,12,1
101754,33,3405.14,5.5,577,0,nao,pessoal,9700.0,60,0
101755,53,,2.0,543,0,sim,veiculo,6200.0,24,0
101756,48,3474.72,17.4,547,0,sim,veiculo,10900.0,36,0
101757,61,5532.21,7.2,509,0,sim,veiculo,8300.0,36,0
101758,67,4686.61,1.1,577,1,sim,reforma,18900.0,24,0
101759,28,2390.43,0.2,524,2,nao,pessoal,21700.0,24,1
101760,41,1412.0,2.8,716,0,sim,veiculo,3400.0,36,0
101761,26,3374.76,10.0,666,0,nao,pessoal,19000.0,12,0
101762,31,,5.5,795,2,nao,veiculo,4700.0,24,0
101763,32,2464.9,0.9,885,1,nao,veiculo,8500.0,12,0
101764,27,4136.17,11.0,728,2,nao,pessoal,8500.0,36,0
101765,27,6929.48,0.4,698,1,nao,veiculo,35200.0,60,0
101766,38,3564.6,4.7,736,1,nao,educacao,28000.0,60,0
101767,25,4196.29,5.4,701,2,nao,pessoal,16500.0,24,0
101768,50,1872.36,17.6,647,1,sim,educacao,9000.0,48,1
101769,29,3733.62,,636,1,sim,pessoal,18000.0,60,0
101770,74,4009.69,6.1,507,1,sim,educacao,12100.0,36,0
101771,35,6909.04,2.2,749,2,nao,pessoal,53000.0,60,0
101772,41,,5.0,636,1,sim,negocio,7200.0,48,1
101773,24,2672.18,0.3,828,0,nao,pessoal,3600.0,24,1
101774,60,7418.74,6.3,759,1,sim,negocio,14900.0,36,0
101775,53,3939.46,0.3,559,0,sim,pessoal,20000.0,60,0
101776,44,2115.01,3.3,802,0,nao,reforma,5900.0,24,0
101777,24,12418.6,1.2,307,2,nao,pessoal,46000.0,12,1
101778,43,2127.29,10.8,891,4,nao,pessoal,6500.0,24,0
101779,27,3066.9,1.2,466,0,nao,pessoal,12000.0,12,0
101780,58,5014.53,1.9,704,3,nao,pessoal,33800.0,12,1
101781,50,4801.13,5.1,696,1,sim,veiculo,42000.0,36,1
101782,41,3392.8,4.7,786,0,sim,veiculo,6600.0,48,0
101783,18,2529.45,2.0,597,2,nao,veiculo,15500.0,24,0
101784,28,2829.69,1.5,361,2,nao,reforma,11100.0,60,1
101785,48,2197.72,9.1,597,0,sim,pessoal,3700.0,60,0
101786,55,13521.51,10.0,612,0,sim,reforma,63700.0,36,0
101787,53,3671.74,3.3,374,1,sim,educacao,39000.0,60,1
101788,21,4063.11,5.0,646,1,nao,pessoal,9100.0,36,0
101789,44,3237.7,16.0,500,1,sim,educacao,9900.0,12,0
101790,52,3409.42,6.1,724,1,sim,pessoal,4600.0,12,0
101791,20,2244.95,4.0,608,1,nao,veiculo,7300.0,36,0
101792,40,1587.85,2.5,895,0,nao,educacao,6100.0,60,0
101793,43,3524.48,6.1,607,2,sim,reforma,40300.0,12,1
101794,36,2842.78,,696,1,nao,veiculo,5700.0,36,0
101795,18,5333.23,2.0,612,0,nao,veiculo,33300.0,60,0
101796,36,1841.26,1.0,429,3,nao,veiculo,7700.0,60,1
101797,36,2588.83,1.8,613,1,nao,veiculo,34600.0,60,0
101798,38,2220.74,2.3,738,2,sim,negocio,8600.0,12,0
101799,33,7583.33,,718,1,nao,educacao,25700.0,12,0
101800,35,2178.38,19.0,602,1,nao,pessoal,12700.0,24,1
101801,40,5073.66,,451,0,nao,veiculo,23800.0,24,0
101802,45,6707.63,13.2,724,0,nao,veiculo,41200.0,60,0
101803,36,3281.4,6.5,695,1,nao,reforma,16100.0,36,1
101804,35,1647.91,6.1,750,3,nao,pessoal,2400.0,60,0
101805,41,1778.43,8.1,604,1,nao,educacao,8500.0,36,0
101806,18,4492.86,2.0,421,1,nao,reforma,21200.0,36,1
101807,46,1987.64,1.6,709,0,sim,pessoal,4500.0,24,0
101808,40,4620.08,6.4,639,2,sim,pessoal,19200.0,36,0
101809,40,3965.73,5.3,821,2,nao,reforma,4600.0,48,1
101810,52,5099.2,14.6,644,0,sim,educacao,20800.0,48,0
101811,18,3629.12,2.0,634,2,nao,pessoal,19200.0,48,0
101812,18,1675.48,0.7,694,1,nao,pessoal,10400.0,60,0
101813,43,2251.36,14.7,562,1,nao,pessoal,12000.0,12,0
101814,40,5517.96,2.9,556,1,sim,veiculo,11300.0,24,1
101815,42,,9.7,627,5,nao,reforma,3900.0,48,1
101816,34,1412.0,,520,0,sim,pessoal,8700.0,36,1
101817,48,5800.81,3.8,610,1,sim,educacao,25900.0,12,1
101818,51,2343.67,3.3,892,0,sim,pessoal,11000.0,12,0
101819,46,5140.76,23.0,776,1,sim,educacao,49300.0,60,0
101820,37,7740.22,10.5,680,1,nao,negocio,10300.0,60,0
101821,18,2825.93,2.0,842,1,nao,pessoal,29200.0,24,0
101822,49,7093.27,2.4,533,0,sim,negocio,17700.0,36,0
101823,55,4509.79,3.9,964,1,sim,reforma,25900.0,12,0
101824,48,9720.81,3.0,580,0,sim,negocio,33800.0,12,0
101825,29,1818.81,13.0,900,3,nao,pessoal,5200.0,24,0
101826,48,4041.7,19.2,900,0,sim,negocio,5700.0,24,0
101827,50,,,412,3,sim,veiculo,14000.0,60,0
101828,59,3731.97,,831,2,sim,pessoal,17300.0,12,0
101829,29,6147.6,2.1,603,2,nao,negocio,26600.0,36,1
101830,37,2837.03,7.5,566,2,sim,negocio,17600.0,60,0
101831,49,12802.35,7.3,708,0,nao,pessoal,29600.0,12,1
101832,41,12100.2,4.4,509,1,nao,veiculo,66300.0,36,0
101833,27,3711.34,,705,0,nao,negocio,13500.0,24,0
101834,45,5331.26,12.3,518,2,nao,veiculo,27300.0,24,0
101835,47,7738.47,10.8,663,0,sim,veiculo,36900.0,24,0
101836,41,1960.22,3.4,814,0,sim,pessoal,5200.0,60,0
101837,43,1871.0,1.3,690,0,nao,veiculo,7600.0,36,0
101838,37,7180.78,2.6,593,0,nao,veiculo,33100.0,12,0
101839,58,4817.98,12.4,710,0,sim,reforma,27000.0,36,0
101840,29,2879.92,8.4,457,1,nao,veiculo,24900.0,60,0
101841,33,3451.05,2.2,531,1,sim,reforma,8300.0,48,0
101842,40,1412.0,6.8,584,1,nao,pessoal,2500.0,60,0
101843,51,3731.66,0.7,742,0,nao,educacao,28300.0,48,0
101844,22,1961.51,6.0,693,1,sim,pessoal,3200.0,24,0
101845,24,5056.81,2.9,710,1,nao,reforma,32900.0,12,0
101846,18,4839.86,2.0,636,1,nao,educacao,9800.0,36,0
101847,40,5113.95,7.0,538,0,sim,educacao,12300.0,36,1
101848,27,3950.15,0.9,833,0,nao,pessoal,13200.0,36,0
101849,35,1542.21,8.7,549,2,nao,educacao,2300.0,48,1
101850,48,5618.34,4.2,694,0,sim,pessoal,11000.0,24,0
101851,32,4789.42,16.0,625,2,nao,pessoal,6100.0,60,0
101852,43,7636.42,6.5,713,2,sim,educacao,39900.0,36,0
101853,36,11400.44,4.4,561,2,nao,pessoal,39600.0,48,1
101854,48,1600.43,2.0,777,0,sim,veiculo,5700.0,36,0
101855,46,3211.1,4.9,819,0,nao,negocio,10800.0,48,0
101856,32,2252.39,1.6,769,0,nao,pessoal,7800.0,60,0
101857,38,4002.27,6.5,660,3,nao,educacao,10500.0,24,1
101858,53,,9.2,583,1,sim,veiculo,25900.0,36,0
101859,45,3458.76,6.5,1000,1,nao,veiculo,4200.0,48,0
101860,23,5296.9,7.0,511,0,nao,veiculo,7800.0,60,0
101861,48,2215.34,0.7,755,2,sim,veiculo,17500.0,36,0
101862,27,1792.54,1.1,683,1,nao,educacao,7400.0,24,0
101863,57,2359.24,13.8,632,3,sim,educacao,2500.0,36,0
101864,52,3399.0,0.1,664,1,sim,veiculo,14400.0,36,0
101865,43,1958.83,1.2,574,2,sim,reforma,2600.0,12,0
101866,42,3707.62,,696,1,sim,veiculo,28300.0,36,0
101867,37,,5.1,681,1,sim,reforma,20000.0,36,0
101868,48,2634.25,0.7,988,1,sim,pessoal,32500.0,24,0
101869,36,5750.05,0.4,779,3,nao,pessoal,16800.0,24,1
101870,43,3726.05,,707,1,nao,pessoal,6300.0,48,0
101871,50,7434.4,1.9,715,0,sim,veiculo,18800.0,12,0
101872,33,3081.09,10.9,879,1,sim,pessoal,7900.0,24,0
101873,33,3384.66,6.2,514,1,nao,veiculo,14900.0,48,0
101874,26,2301.17,4.9,616,1,sim,negocio,2700.0,24,0
101875,27,3165.71,0.3,392,0,nao,pessoal,11000.0,12,1
101876,18,4142.7,2.0,713,2,nao,veiculo,7900.0,60,0
101877,49,3271.47,6.7,750,2,sim,pessoal,8400.0,36,0
101878,62,5511.23,9.8,511,0,sim,veiculo,44200.0,24,0
101879,57,2650.24,5.7,827,2,sim,pessoal,16900.0,24,0
101880,20,4378.28,,547,0,nao,negocio,23700.0,12,0
101881,49,2981.8,14.4,595,0,sim,pessoal,15300.0,48,0
101882,57,6619.93,0.3,656,3,sim,negocio,19800.0,24,0
101883,35,3633.85,6.2,847,2,nao,pessoal,12400.0,24,0
101884,41,8693.17,5.4,528,1,sim,educacao,11800.0,60,1
101885,18,1484.21,2.0,678,0,nao,pessoal,2500.0,48,0
101886,43,,3.0,741,2,nao,pessoal,6500.0,60,0
101887,27,2264.45,3.8,714,0,nao,negocio,4000.0,48,0
101888,42,1778.14,3.1,719,2,sim,pessoal,9400.0,60,1
101889,21,1412.0,2.3,739,2,nao,veiculo,4800.0,24,1
101890,47,5655.55,3.4,568,1,sim,reforma,16600.0,24,0
101891,52,4134.49,10.9,859,1,sim,veiculo,10100.0,12,0
101892,31,2570.09,3.0,626,2,nao,pessoal,11800.0,12,1
101893,26,2534.81,,608,2,sim,negocio,13300.0,60,1
101894,18,2016.05,2.0,815,2,nao,reforma,4200.0,36,0
101895,37,8918.08,0.1,558,2,nao,negocio,22800.0,12,0
101896,33,2288.81,,682,1,nao,educacao,7200.0,12,0
101897,21,1414.06,0.7,546,2,nao,educacao,6000.0,48,0
101898,45,6095.1,2.6,968,1,nao,veiculo,25700.0,24,0
101899,35,3120.8,0.5,940,2,nao,pessoal,10300.0,48,0
101900,27,9753.03,5.7,626,2,nao,negocio,52200.0,60,1
101901,33,,5.7,708,2,sim,educacao,8300.0,48,0
101902,53,6599.23,3.0,641,1,nao,reforma,10000.0,24,0
101903,47,7286.28,0.2,595,1,sim,negocio,56900.0,36,1
101904,38,2732.59,10.2,656,1,sim,pessoal,17200.0,36,0
101905,47,2670.27,7.4,635,0,sim,pessoal,4100.0,60,0
101906,26,4714.77,2.7,442,2,nao,pessoal,18400.0,24,1
101907,40,5108.92,15.0,674,0,nao,reforma,39000.0,48,0
101908,42,1752.89,0.2,635,1,nao,veiculo,5100.0,36,1
101909,34,1866.55,2.7,681,2,nao,pessoal,10400.0,36,0
101910,45,1412.0,2.4,630,0,nao,veiculo,9600.0,24,0
101911,31,,0.0,593,1,nao,pessoal,19100.0,12,0
101912,46,3442.75,4.6,754,0,nao,veiculo,43600.0,60,0
101913,47,3675.18,6.6,709,2,nao,pessoal,19000.0,12,0
101914,18,1412.0,2.0,821,0,nao,pessoal,5300.0,24,0
101915,54,2265.3,8.6,704,1,sim,veiculo,7200.0,36,0
101916,18,,2.0,614,1,nao,pessoal,7300.0,24,0
101917,33,2369.74,1.3,720,1,nao,veiculo,5900.0,48,0
101918,52,4421.47,0.6,383,1,sim,veiculo,7900.0,24,0
101919,36,4901.51,9.9,913,2,nao,negocio,10000.0,36,0
101920,22,10341.61,6.0,676,1,nao,pessoal,33200.0,12,0
101921,27,3143.2,8.4,924,1,nao,pessoal,17800.0,36,0
101922,52,,16.3,527,4,sim,educacao,32600.0,36,1
101923,18,1773.82,2.0,495,0,nao,pessoal,6900.0,60,1
101924,54,1649.45,10.1,688,0,nao,veiculo,20600.0,24,0
101925,39,3033.42,8.6,687,1,sim,educacao,29100.0,24,0
101926,26,1412.0,10.0,684,2,nao,pessoal,2900.0,24,0
101927,33,3457.79,4.4,664,0,nao,negocio,18500.0,24,0
101928,28,2096.21,2.0,558,1,nao,veiculo,3600.0,24,0
101929,50,1414.55,2.0,447,1,sim,educacao,5800.0,60,0
101930,49,10657.76,8.9,677,2,nao,negocio,16400.0,24,0
101931,19,2114.56,3.0,473,0,nao,negocio,5100.0,24,1
101932,35,1427.7,3.0,461,1,sim,pessoal,7300.0,60,0
101933,30,5414.76,1.4,591,4,nao,veiculo,14400.0,48,1
101934,56,2775.76,13.6,696,2,sim,veiculo,5100.0,24,0
101935,24,5558.83,8.0,898,2,nao,veiculo,12900.0,48,0
101936,59,,3.4,767,1,sim,educacao,5500.0,36,0
101937,40,2765.73,2.9,826,1,sim,veiculo,12400.0,60,0
101938,26,3790.91,3.9,725,1,sim,veiculo,27300.0,12,0
101939,32,4695.06,0.5,688,4,nao,reforma,14600.0,36,0
101940,30,5041.99,9.1,966,1,sim,pessoal,32700.0,48,0
101941,25,2945.0,1.6,468,2,sim,reforma,7300.0,60,0
101942,41,5036.71,7.9,586,0,nao,pessoal,16600.0,36,0
101943,25,4662.54,3.4,596,1,nao,reforma,47600.0,12,1
101944,18,3126.56,2.0,756,1,nao,pessoal,9800.0,60,0
101945,35,3248.82,2.6,513,0,sim,educacao,21600.0,36,0
101946,18,1412.0,2.0,739,2,nao,pessoal,3200.0,36,0
101947,31,4652.07,6.5,715,0,nao,reforma,16100.0,24,0
101948,29,3338.55,0.6,746,0,nao,veiculo,7000.0,60,0
101949,30,2631.74,6.4,743,2,nao,veiculo,9600.0,36,0
101950,64,8368.15,0.7,840,1,sim,reforma,33800.0,60,0
101951,41,,3.4,634,0,nao,educacao,9500.0,36,0
101952,43,9509.52,7.9,709,0,nao,pessoal,23500.0,24,0
101953,19,2807.4,3.0,544,1,nao,reforma,8900.0,48,0
101954,32,4034.47,3.8,515,1,nao,veiculo,28800.0,12,1
101955,43,3098.13,3.7,869,2,sim,reforma,5200.0,24,0
101956,28,1412.0,4.7,534,0,nao,negocio,1100.0,60,1
101957,51,3837.71,6.0,723,1,sim,reforma,9100.0,60,0
101958,26,,1.2,709,0,nao,pessoal,19000.0,48,0
101959,37,5218.98,10.2,793,1,nao,veiculo,19200.0,24,0
101960,33,3076.04,7.5,424,1,nao,veiculo,6100.0,48,1
101961,42,1412.0,,756,0,sim,pessoal,5200.0,36,0
101962,32,1451.11,,632,2,nao,reforma,4100.0,36,1
101963,37,11122.71,,562,1,sim,reforma,15200.0,36,0
101964,37,1972.86,17.9,607,2,nao,educacao,5600.0,36,0
101965,31,7334.89,,775,1,nao,pessoal,40100.0,24,0
101966,46,2378.64,12.5,735,0,sim,reforma,7000.0,36,0
101967,43,3482.4,2.0,623,2,nao,veiculo,4900.0,12,1
101968,39,5193.05,6.1,492,1,nao,pessoal,51200.0,60,1
101969,35,2238.15,3.2,501,1,nao,veiculo,4300.0,60,0
101970,50,9948.08,,738,0,nao,veiculo,43500.0,24,0
101971,37,3751.02,9.8,474,1,nao,veiculo,21700.0,60,1
101972,36,4581.86,7.4,625,1,nao,educacao,20700.0,48,0
101973,41,3250.57,4.1,989,1,nao,pessoal,9900.0,60,0
101974,60,5953.37,28.4,700,0,sim,veiculo,7000.0,60,0
101975,24,7272.74,5.4,736,0,nao,pessoal,51400.0,24,0
101976,49,3816.25,3.3,502,1,sim,pessoal,6600.0,60,0
101977,18,7249.71,2.0,480,3,sim,pessoal,45500.0,12,1
101978,43,2750.26,5.0,743,1,sim,reforma,18700.0,60,0
101979,59,6308.6,2.3,603,1,nao,veiculo,10600.0,36,0
101980,46,5203.28,18.3,793,3,nao,veiculo,8700.0,48,0
101981,42,2115.7,2.0,659,2,sim,veiculo,5800.0,24,0
101982,33,3858.03,2.1,1000,3,nao,pessoal,23400.0,12,1
101983,40,3739.12,2.0,579,0,sim,pessoal,9100.0,24,0
101984,37,2250.43,0.4,691,0,nao,veiculo,8300.0,12,0
101985,31,4074.17,0.8,537,0,sim,educacao,10600.0,36,0
101986,37,3899.46,1.0,787,1,nao,educacao,21900.0,24,0
101987,42,,0.5,710,1,nao,pessoal,8700.0,60,0
101988,31,3222.15,,528,2,nao,veiculo,7300.0,60,0
101989,30,,8.7,612,0,nao,veiculo,5900.0,36,0
101990,24,2493.19,0.9,831,1,nao,educacao,4600.0,60,0
101991,45,4248.5,1.7,816,0,nao,pessoal,28200.0,36,0
101992,47,2819.7,14.7,469,1,sim,pessoal,8000.0,60,0
101993,43,16598.6,3.2,592,0,sim,negocio,32800.0,48,0
101994,52,1908.9,,890,1,sim,pessoal,2500.0,48,0
101995,41,2730.29,2.9,631,0,sim,negocio,8100.0,24,0
101996,45,2978.73,17.8,677,0,sim,veiculo,6400.0,48,0
101997,44,11955.54,5.2,787,0,sim,veiculo,22800.0,48,0
101998,39,1781.37,,480,1,nao,pessoal,3900.0,12,0
101999,34,4388.5,18.0,531,0,nao,negocio,16500.0,12,0
102000,67,4750.63,17.3,611,2,sim,pessoal,8300.0,60,0
102001,35,4221.69,10.6,810,2,nao,veiculo,12300.0,60,0
102002,32,6687.42,0.0,786,1,sim,pessoal,39800.0,36,0
102003,45,7678.03,6.1,747,2,sim,pessoal,19300.0,24,0
102004,43,3004.31,27.0,635,0,sim,reforma,5600.0,36,0
102005,23,3348.96,0.4,800,0,nao,pessoal,22100.0,12,1
102006,53,1486.47,17.5,633,1,sim,reforma,4900.0,60,0
102007,39,3888.24,9.3,728,1,nao,reforma,12300.0,12,0
102008,27,2053.53,2.3,772,1,nao,veiculo,9800.0,24,0
102009,54,,10.5,874,0,sim,reforma,12400.0,36,0
102010,48,1606.77,0.4,646,0,sim,pessoal,5900.0,48,0
102011,25,3865.71,2.1,606,0,nao,educacao,5300.0,60,1
102012,61,1629.95,0.3,821,0,sim,pessoal,3400.0,36,1
102013,48,4405.0,2.6,831,0,sim,veiculo,47100.0,24,0
102014,40,1896.9,6.9,582,2,sim,educacao,3600.0,12,0
102015,59,2597.01,11.9,509,3,sim,educacao,9500.0,48,0
102016,42,7186.52,14.6,811,3,sim,pessoal,71500.0,12,1
102017,40,5145.66,9.7,440,3,nao,veiculo,27200.0,48,0
102018,32,6374.47,15.9,433,0,nao,negocio,26600.0,36,0
102019,47,9474.79,15.9,618,2,sim,negocio,20500.0,36,0
102020,46,2599.23,5.1,653,0,sim,reforma,6300.0,24,0
102021,40,8492.92,2.2,502,1,nao,pessoal,24700.0,60,1
102022,31,1494.42,15.0,669,1,nao,veiculo,6400.0,48,0
102023,42,5740.0,,675,0,nao,negocio,43100.0,36,0
102024,39,2807.01,3.4,578,3,nao,pessoal,10500.0,36,1
102025,24,1829.66,4.2,904,0,nao,educacao,4500.0,24,0
102026,22,4161.38,4.7,696,0,nao,veiculo,13700.0,24,0
102027,47,6756.52,3.7,787,3,sim,reforma,32300.0,60,0
102028,18,,2.0,451,1,nao,pessoal,19800.0,36,1
102029,42,4285.67,,450,1,nao,pessoal,12900.0,12,1
102030,34,3733.36,8.7,700,2,nao,pessoal,6700.0,60,0
102031,56,5536.92,0.9,881,1,sim,negocio,37000.0,36,0
102032,34,4103.34,18.0,509,2,nao,reforma,12300.0,24,0
102033,48,5468.09,2.9,659,1,sim,reforma,22200.0,12,0
102034,35,,0.9,479,4,nao,negocio,9200.0,24,1
102035,41,5986.73,5.8,547,0,sim,pessoal,13700.0,36,0
102036,49,1676.17,2.9,665,0,sim,negocio,7900.0,60,0
102037,34,3230.16,12.4,576,1,nao,pessoal,5300.0,12,1
102038,52,1935.85,3.2,470,2,sim,pessoal,3400.0,24,0
102039,28,3749.29,0.6,467,1,nao,veiculo,32400.0,24,1
102040,44,9602.13,19.7,395,2,nao,negocio,55200.0,36,1
102041,51,3192.85,,702,1,sim,reforma,14300.0,48,0
102042,48,4354.33,2.6,718,0,sim,pessoal,8000.0,24,0
102043,63,,4.3,717,1,sim,negocio,25100.0,60,0
102044,31,1412.0,2.8,522,1,sim,educacao,4700.0,24,0
102045,23,2258.68,2.2,771,0,nao,reforma,6100.0,48,0
102046,28,3934.82,1.4,732,1,nao,veiculo,13100.0,36,0
102047,48,1412.0,1.4,641,2,sim,veiculo,2100.0,36,0
102048,46,,,620,0,nao,pessoal,2300.0,60,0
102049,41,6899.75,10.0,556,1,nao,reforma,28900.0,36,0
102050,27,5517.36,1.5,665,1,nao,pessoal,21300.0,48,0
102051,49,5039.72,3.3,850,0,sim,veiculo,20500.0,36,0
102052,25,5026.25,5.2,788,3,nao,veiculo,27900.0,48,0
102053,54,4664.44,14.1,607,1,sim,veiculo,22200.0,12,0
102054,74,5624.48,2.2,710,1,sim,educacao,48000.0,36,0
102055,44,3271.71,13.3,497,1,sim,veiculo,23200.0,60,0
102056,47,4282.26,5.7,735,0,sim,veiculo,15500.0,48,0
102057,34,2452.06,6.5,532,0,nao,pessoal,9400.0,60,0
102058,18,5609.91,2.0,730,0,nao,pessoal,22500.0,60,0
102059,33,7920.21,14.2,1000,0,nao,pessoal,11000.0,24,0
102060,27,6788.32,2.9,566,0,nao,pessoal,41300.0,48,1
102061,23,2404.83,0.0,1000,0,nao,veiculo,12000.0,60,0
102062,61,2452.45,0.2,704,0,sim,veiculo,3200.0,12,0
102063,43,7771.08,14.9,543,0,sim,negocio,68900.0,24,0
102064,45,5305.83,,537,1,sim,pessoal,14400.0,24,1
102065,36,4260.38,3.1,947,1,nao,pessoal,13800.0,60,0
102066,38,2568.92,22.0,704,1,nao,educacao,8300.0,60,0
102067,52,5237.15,9.0,566,0,sim,pessoal,16500.0,60,0
102068,40,2050.11,7.0,614,1,nao,reforma,30200.0,36,0
102069,46,5635.08,,696,2,nao,reforma,16900.0,48,0
102070,38,7770.79,5.6,639,0,sim,reforma,22400.0,12,0
102071,36,8720.8,5.2,685,0,nao,pessoal,30900.0,60,0
102072,23,4444.33,7.0,871,4,nao,pessoal,9300.0,60,0
102073,18,1412.0,2.0,493,0,nao,negocio,5900.0,36,0
102074,37,4010.48,2.0,724,1,nao,negocio,8600.0,12,0
102075,41,12217.12,3.4,631,1,sim,reforma,57700.0,60,0
102076,25,,1.0,575,0,nao,pessoal,3600.0,60,1
102077,40,3604.74,0.7,779,0,sim,veiculo,8900.0,60,0
102078,41,8194.41,10.2,450,1,nao,reforma,15700.0,36,0
102079,18,3931.59,2.0,332,0,nao,pessoal,10000.0,24,0
102080,29,12761.42,4.7,669,0,sim,negocio,15300.0,24,0
102081,45,2628.93,11.8,622,1,sim,negocio,2100.0,36,0
102082,45,,9.7,464,2,sim,pessoal,6600.0,60,0
102083,26,6148.55,5.2,418,1,nao,pessoal,8600.0,12,1
102084,42,1972.64,0.6,891,0,sim,veiculo,19500.0,36,0
102085,52,,0.5,700,0,sim,veiculo,10500.0,60,0
102086,49,3956.54,2.1,643,2,sim,veiculo,21200.0,24,0
102087,39,6509.42,4.4,925,1,sim,reforma,27400.0,36,0
102088,34,4867.49,14.4,773,1,nao,veiculo,9000.0,48,0
102089,32,4356.31,9.9,870,3,nao,pessoal,11800.0,36,0
102090,46,3186.55,,487,2,nao,pessoal,17400.0,36,1
102091,42,,0.8,482,3,sim,veiculo,39000.0,48,0
102092,48,37165.7,0.3,720,0,sim,veiculo,150000.0,24,0
102093,42,5569.52,,694,2,nao,negocio,13100.0,48,0
102094,50,4377.52,12.4,802,0,nao,pessoal,21800.0,60,0
102095,41,1844.46,2.1,428,0,sim,educacao,4500.0,12,1
102096,49,2888.85,2.9,731,1,nao,pessoal,18500.0,12,0
102097,50,3684.45,8.8,769,1,nao,reforma,23200.0,12,0
102098,30,2462.32,14.0,762,1,nao,pessoal,3800.0,48,0
102099,18,2775.35,1.2,587,1,nao,veiculo,11500.0,24,0
102100,59,11018.44,38.0,707,0,sim,veiculo,20000.0,36,0
102101,43,7644.72,,539,2,sim,educacao,44000.0,48,0
102102,19,2604.26,,602,1,nao,pessoal,4600.0,36,0
102103,31,1721.53,6.8,504,0,nao,pessoal,7300.0,36,0
102104,49,8559.37,4.2,541,1,nao,veiculo,46700.0,60,0
102105,37,3502.22,2.0,609,3,nao,reforma,12800.0,36,0
102106,34,1412.0,4.2,576,1,nao,pessoal,8300.0,60,1
102107,57,6131.86,2.2,541,0,nao,pessoal,25600.0,36,1
102108,27,5586.65,4.1,471,5,nao,reforma,50100.0,36,1
102109,30,1412.0,12.8,895,1,nao,veiculo,2600.0,24,0
102110,43,2446.28,6.6,575,3,nao,pessoal,6800.0,48,0
102111,45,3702.13,6.3,683,2,nao,pessoal,4100.0,36,0
102112,46,5955.16,1.9,411,0,sim,veiculo,17400.0,60,0
102113,51,3120.52,16.3,816,3,sim,negocio,5400.0,36,0
102114,42,2409.52,19.3,662,0,sim,reforma,3700.0,60,0
102115,46,,4.3,582,2,sim,educacao,8200.0,24,0
102116,37,,2.7,583,1,sim,reforma,7300.0,48,0
102117,41,5074.07,3.2,753,1,sim,veiculo,20700.0,24,0
102118,41,,14.9,300,2,nao,negocio,9500.0,12,1
102119,43,1829.95,3.4,533,2,nao,pessoal,11700.0,36,1
102120,49,6214.42,0.1,625,0,sim,educacao,38300.0,24,0
102121,47,4616.65,0.7,623,2,nao,pessoal,8200.0,12,0
102122,41,6254.89,0.4,966,1,sim,reforma,14000.0,24,0
102123,30,2465.04,5.8,596,0,nao,negocio,9700.0,60,0
102124,41,2431.98,11.7,769,2,nao,educacao,9600.0,60,0
102125,40,7871.07,2.7,876,2,nao,negocio,63100.0,60,0
102126,42,1647.86,5.0,727,0,sim,educacao,4900.0,12,0
102127,66,8247.95,,552,0,sim,veiculo,45800.0,24,1
102128,34,7177.91,6.1,473,2,nao,veiculo,23100.0,24,1
102129,45,6313.6,17.2,737,1,sim,veiculo,27400.0,48,0
102130,53,2838.76,9.4,854,0,sim,pessoal,12500.0,60,0
102131,41,2403.5,16.5,711,0,sim,veiculo,8300.0,36,0
102132,68,3691.86,3.1,800,1,nao,pessoal,7200.0,36,0
102133,35,1723.72,3.7,977,0,nao,negocio,7100.0,12,0
102134,44,2293.3,6.5,749,0,sim,reforma,11800.0,36,0
102135,30,4710.23,1.2,497,1,nao,pessoal,17600.0,60,1
102136,36,5082.37,19.7,647,0,nao,reforma,3400.0,48,0
102137,43,2161.51,7.9,818,2,sim,educacao,6800.0,48,0
102138,50,6010.62,1.0,608,3,nao,negocio,31600.0,36,1
102139,44,4996.76,,836,2,sim,pessoal,9700.0,36,0
102140,55,9507.67,2.5,631,1,sim,reforma,63100.0,24,0
102141,39,,13.6,683,2,nao,pessoal,12200.0,60,0
102142,36,6365.27,15.0,594,0,nao,educacao,18400.0,36,0
102143,72,5387.35,2.4,661,1,sim,negocio,21300.0,24,0
102144,45,6743.76,11.2,668,2,sim,pessoal,13600.0,36,0
102145,31,1648.48,2.0,431,3,nao,pessoal,10000.0,12,1
102146,32,3168.57,5.5,583,0,nao,pessoal,23700.0,12,0
102147,29,3192.81,0.8,480,0,nao,veiculo,5800.0,12,0
102148,51,3624.07,14.0,587,1,nao,pessoal,11300.0,60,0
102149,36,4539.31,2.6,537,0,sim,educacao,49500.0,24,1
102150,42,5397.92,12.9,772,2,nao,veiculo,36500.0,60,0
102151,39,4568.56,7.4,773,1,nao,veiculo,6100.0,24,0
102152,49,3721.61,2.4,713,2,sim,reforma,26200.0,36,0
102153,30,2204.46,9.9,475,1,nao,reforma,1000.0,60,0
102154,27,5810.72,1.2,627,1,sim,pessoal,29400.0,24,0
102155,43,4666.58,6.5,465,0,nao,educacao,9800.0,60,0
102156,47,2294.57,11.8,621,3,sim,reforma,10600.0,48,0
102157,44,3498.71,6.3,724,3,nao,pessoal,14200.0,12,0
102158,30,1412.0,5.6,769,2,nao,pessoal,5400.0,60,0
102159,48,4139.76,1.7,701,2,sim,educacao,20600.0,24,0
102160,31,3000.13,6.0,804,1,sim,pessoal,7800.0,24,0
102161,34,2531.4,12.5,674,3,sim,pessoal,6200.0,60,0
102162,29,7798.03,6.4,610,1,nao,veiculo,47700.0,24,0
102163,56,2194.11,2.2,754,1,nao,negocio,7700.0,48,0
102164,48,5987.65,0.4,758,1,nao,reforma,14900.0,12,0
102165,47,13376.16,1.7,572,1,sim,educacao,42100.0,60,0
102166,55,7494.42,14.8,689,0,nao,pessoal,22400.0,36,0
102167,74,4072.74,3.9,602,3,sim,educacao,11600.0,24,0
102168,19,1523.13,0.5,379,0,nao,veiculo,7000.0,60,1
102169,31,1581.91,5.6,697,2,nao,negocio,3300.0,48,0
102170,33,2735.21,1.4,472,0,sim,veiculo,23800.0,48,0
102171,30,2264.34,14.0,683,1,nao,reforma,9100.0,36,0
102172,27,2139.35,11.0,440,2,nao,negocio,2500.0,48,0
102173,36,2971.79,20.0,546,0,nao,negocio,12300.0,24,0
102174,25,2924.81,8.1,584,1,nao,pessoal,5900.0,36,0
102175,44,5082.43,1.4,796,0,sim,pessoal,17500.0,24,0
102176,41,1906.42,0.5,571,4,sim,reforma,6100.0,36,0
102177,46,2732.02,5.8,500,2,sim,pessoal,14400.0,12,1
102178,46,3641.72,0.4,687,0,sim,pessoal,19000.0,60,0
102179,47,3608.41,30.4,612,0,sim,pessoal,14400.0,24,0
102180,36,9763.68,3.1,743,3,sim,veiculo,107500.0,36,0
102181,65,4708.63,8.7,508,0,sim,veiculo,10700.0,48,0
102182,43,1585.02,4.2,667,1,sim,pessoal,12600.0,12,0
102183,18,3524.08,2.0,961,1,sim,veiculo,28500.0,24,0
102184,28,4347.05,6.4,609,0,nao,veiculo,18600.0,24,0
102185,19,2652.99,,664,2,sim,negocio,12200.0,12,1
102186,40,1910.62,11.0,424,0,nao,pessoal,11800.0,60,1
102187,39,9683.14,1.0,529,1,nao,educacao,28000.0,36,0
102188,34,1927.64,14.7,700,2,sim,negocio,5000.0,36,0
102189,64,5960.09,0.7,597,1,sim,veiculo,15900.0,12,0
102190,47,4485.33,,720,0,sim,reforma,18700.0,36,0
102191,49,5708.3,3.8,695,1,sim,pessoal,15100.0,24,0
102192,29,8340.41,0.1,469,0,nao,veiculo,18900.0,12,0
102193,28,4385.41,0.9,772,4,nao,pessoal,8200.0,36,0
102194,40,2738.84,0.1,478,1,nao,veiculo,5300.0,48,1
102195,42,6996.43,2.8,541,3,sim,negocio,16700.0,12,0
102196,18,1978.85,1.4,670,0,nao,pessoal,4800.0,12,0
102197,38,3982.62,5.5,844,1,sim,veiculo,14900.0,48,0
102198,40,1828.69,11.3,509,1,nao,reforma,4000.0,24,0
102199,37,2038.21,,659,2,nao,veiculo,9600.0,24,0
102200,30,3398.71,4.7,660,1,sim,veiculo,38700.0,60,0
102201,34,,0.2,725,1,sim,veiculo,31500.0,24,0
102202,38,1427.13,4.2,794,2,nao,veiculo,2600.0,48,0
102203,41,4950.66,1.3,587,2,sim,pessoal,14500.0,60,1
102204,47,2560.23,3.8,772,1,nao,veiculo,4200.0,24,0
102205,53,8377.0,5.7,813,3,sim,veiculo,33000.0,36,0
102206,36,2930.16,20.0,872,1,nao,pessoal,11900.0,36,0
102207,35,1894.14,19.0,705,2,nao,veiculo,7400.0,24,0
102208,45,4101.49,4.3,660,1,sim,veiculo,7600.0,24,0
102209,47,2427.48,8.8,578,0,nao,veiculo,5800.0,60,0
102210,35,7061.62,1.2,450,0,nao,veiculo,43900.0,24,0
102211,49,4103.2,5.1,604,0,sim,veiculo,18200.0,60,0
102212,52,3812.33,5.9,655,1,sim,educacao,7900.0,36,0
102213,56,5738.24,3.8,626,1,sim,veiculo,9300.0,36,0
102214,61,2384.38,2.6,718,1,sim,veiculo,8000.0,36,0
102215,30,1625.96,7.5,451,0,nao,veiculo,5300.0,36,0
102216,40,4661.75,0.8,616,1,sim,veiculo,7500.0,36,0
102217,40,2033.95,,899,1,nao,educacao,5900.0,36,0
102218,39,,0.2,769,1,nao,reforma,5300.0,60,0
102219,32,5368.0,0.2,720,1,sim,pessoal,13200.0,60,0
102220,22,3961.7,,691,2,nao,veiculo,10700.0,24,0
102221,41,1889.68,11.2,592,1,sim,pessoal,7800.0,12,1
102222,31,2380.33,2.8,412,2,nao,reforma,8800.0,60,0
102223,41,2290.94,8.0,699,0,nao,negocio,17000.0,24,0
102224,30,8776.78,5.9,322,3,sim,reforma,34600.0,60,1
102225,27,,,598,1,nao,veiculo,29700.0,12,0
102226,43,3054.48,0.5,640,5,nao,pessoal,4800.0,12,1
102227,42,5227.91,17.2,582,1,nao,pessoal,20000.0,24,0
102228,47,1905.76,3.8,922,1,nao,veiculo,5300.0,12,0
102229,66,2862.53,3.8,877,0,sim,negocio,15500.0,48,0
102230,43,4078.58,6.0,774,1,sim,veiculo,16600.0,24,0
102231,46,5098.79,,520,0,nao,negocio,45900.0,60,1
102232,27,3012.14,11.0,890,1,nao,veiculo,6000.0,24,0
102233,25,3546.18,3.1,720,2,nao,pessoal,8100.0,48,0
102234,59,4326.45,3.8,518,2,sim,reforma,18600.0,48,0
102235,29,2981.34,,644,1,nao,pessoal,9700.0,24,0
102236,27,2700.32,4.7,765,0,nao,pessoal,5400.0,60,0
102237,40,2945.72,1.0,562,1,nao,pessoal,12900.0,24,0
102238,39,4182.97,,658,1,sim,veiculo,10900.0,36,1
102239,29,4088.95,1.1,681,1,nao,pessoal,18800.0,24,1
102240,36,3965.9,3.8,497,2,sim,negocio,5000.0,36,1
102241,55,,5.4,605,0,sim,educacao,6400.0,12,0
102242,30,1907.37,5.8,507,1,nao,reforma,7300.0,24,0
102243,23,3748.38,7.0,753,0,nao,veiculo,14500.0,60,0
102244,51,9309.93,14.7,522,2,sim,pessoal,49600.0,60,0
102245,46,4323.67,2.8,678,1,sim,reforma,13100.0,60,0
102246,33,2735.03,7.8,459,1,nao,pessoal,12500.0,48,0
102247,21,3310.25,2.6,493,1,nao,veiculo,11100.0,48,0
102248,31,1790.53,2.7,486,1,sim,pessoal,9700.0,60,0
102249,39,7563.81,14.2,602,2,nao,veiculo,10500.0,36,0
102250,54,4591.87,3.9,663,0,sim,veiculo,3400.0,60,0
102251,28,2228.17,0.2,687,2,nao,veiculo,16500.0,36,1
102252,39,3359.25,2.4,410,0,nao,reforma,8400.0,36,0
102253,48,3038.35,7.4,618,3,sim,pessoal,3800.0,36,0
102254,18,5760.58,2.0,542,0,nao,pessoal,18300.0,12,1
102255,52,3707.77,,709,0,sim,veiculo,9500.0,24,0
102256,26,3415.76,,605,1,nao,reforma,14900.0,60,0
102257,44,5335.98,5.0,629,2,nao,pessoal,25100.0,36,0
102258,43,2561.65,23.4,543,1,nao,negocio,7000.0,12,0
102259,53,4609.88,3.0,864,1,nao,pessoal,28200.0,60,0
102260,47,4672.64,1.8,473,0,sim,pessoal,7900.0,60,0
102261,18,1412.0,2.0,588,0,nao,veiculo,1200.0,48,0
102262,31,3844.9,4.6,654,2,nao,pessoal,14700.0,24,0
102263,42,3713.35,26.0,607,2,nao,veiculo,11100.0,24,0
102264,38,3909.72,12.4,541,0,nao,pessoal,4400.0,60,0
102265,46,4054.68,3.2,404,0,sim,veiculo,20500.0,12,1
102266,49,,8.5,550,0,sim,pessoal,6000.0,24,0
102267,47,8383.98,5.6,515,1,sim,pessoal,27400.0,24,0
102268,37,1880.71,6.7,858,2,sim,veiculo,10400.0,48,1
102269,18,2319.69,2.0,934,0,nao,educacao,9500.0,24,0
102270,35,,1.6,633,3,sim,educacao,20000.0,60,1
102271,45,5125.18,0.1,457,2,sim,veiculo,13500.0,60,1
102272,27,4091.56,3.4,736,2,nao,negocio,15800.0,60,0
102273,48,18460.82,4.4,512,1,sim,pessoal,87700.0,24,1
102274,51,5809.16,0.8,569,1,nao,negocio,13800.0,36,0
102275,42,7093.08,9.7,558,1,nao,negocio,12600.0,48,1
102276,18,2364.89,2.0,575,2,nao,veiculo,13300.0,60,0
102277,25,1792.05,4.3,594,0,nao,pessoal,19100.0,24,0
102278,63,3486.11,10.8,469,1,sim,negocio,29900.0,24,1
102279,33,5074.05,3.8,549,1,nao,veiculo,3700.0,36,0
102280,18,3502.14,2.0,773,3,nao,pessoal,26000.0,48,0
102281,55,5172.98,10.4,636,2,sim,negocio,12400.0,24,0
102282,40,3309.87,4.6,656,0,sim,veiculo,34100.0,36,1
102283,53,3373.9,1.7,350,1,sim,veiculo,6300.0,24,1
102284,43,3487.38,0.1,763,4,sim,veiculo,6200.0,36,0
102285,46,5922.38,4.8,551,4,nao,negocio,20100.0,12,1
102286,44,6180.03,8.5,786,0,nao,veiculo,17000.0,36,0
102287,48,2334.39,,660,0,sim,negocio,6600.0,24,0
102288,67,6302.52,,567,5,sim,pessoal,38800.0,12,0
102289,52,2897.26,7.3,422,1,nao,reforma,21300.0,36,1
102290,21,3786.88,5.0,923,0,nao,veiculo,7500.0,12,0
102291,45,3539.82,0.3,744,2,nao,pessoal,33100.0,48,0
102292,54,9804.54,8.1,752,2,sim,pessoal,16400.0,36,0
102293,54,3292.74,9.2,876,1,sim,pessoal,8000.0,36,0
102294,35,3876.73,3.4,669,1,nao,pessoal,62000.0,12,0
102295,54,5785.11,0.9,816,1,sim,reforma,25300.0,12,0
102296,51,2562.5,,578,2,sim,pessoal,6000.0,48,0
102297,71,3981.23,7.0,736,3,sim,reforma,16300.0,12,0
102298,31,2889.67,4.2,558,0,nao,negocio,15400.0,12,0
102299,34,2617.27,2.8,574,2,nao,reforma,11200.0,48,0
102300,36,,2.2,653,2,nao,educacao,21100.0,24,0
102301,34,6400.26,1.1,475,2,sim,veiculo,13300.0,36,0
102302,29,2347.0,4.8,683,0,nao,negocio,5500.0,12,0
102303,18,3823.41,0.2,599,0,nao,educacao,7800.0,24,0
102304,35,4177.79,1.3,382,1,sim,pessoal,8900.0,60,0
102305,44,1805.04,0.7,581,0,sim,reforma,6500.0,48,0
102306,34,4619.44,2.5,595,0,sim,reforma,8500.0,24,0
102307,63,1904.52,1.0,751,2,sim,educacao,7900.0,24,0
102308,40,5260.62,1.7,677,4,nao,pessoal,26900.0,36,1
102309,55,,10.1,828,1,sim,veiculo,5300.0,36,0
102310,43,3867.76,0.3,708,2,sim,negocio,9300.0,36,1
102311,50,2033.6,4.1,568,0,sim,negocio,5200.0,24,0
102312,43,4118.07,1.7,632,3,sim,veiculo,12600.0,60,1
102313,56,6899.74,10.4,595,1,sim,veiculo,21900.0,60,0
102314,41,2416.17,,703,3,sim,pessoal,14600.0,48,0
102315,46,2847.2,7.8,648,1,nao,reforma,17900.0,60,0
102316,44,4997.63,5.8,558,0,sim,pessoal,10800.0,24,0
102317,37,4684.07,2.6,641,2,nao,negocio,24800.0,24,0
102318,45,1412.0,15.6,700,0,sim,veiculo,11300.0,24,0
102319,67,12555.2,8.7,509,0,nao,pessoal,90800.0,24,1
102320,37,4811.85,12.2,681,0,nao,pessoal,19000.0,12,0
102321,45,,7.1,435,1,nao,veiculo,19600.0,60,1
102322,55,3829.42,12.1,784,5,sim,veiculo,5800.0,60,0
102323,54,1493.64,8.5,709,2,sim,reforma,4100.0,36,0
102324,40,5397.28,,852,1,nao,veiculo,7700.0,48,0
102325,18,2051.9,2.0,495,3,nao,veiculo,14200.0,24,0
102326,46,5362.55,7.7,787,0,nao,pessoal,16000.0,12,0
102327,18,2482.53,2.0,762,1,nao,pessoal,8200.0,36,0
102328,58,4723.66,9.3,616,2,sim,pessoal,11400.0,48,0
102329,42,2486.45,9.3,591,1,sim,veiculo,3700.0,48,0
102330,52,6666.37,0.3,499,0,sim,educacao,35800.0,36,0
102331,29,1696.78,12.4,465,1,nao,pessoal,8000.0,60,1
102332,21,10061.33,,542,0,nao,reforma,61700.0,24,1
102333,43,13183.22,9.9,477,1,nao,pessoal,16100.0,24,1
102334,40,9141.12,11.5,847,0,nao,pessoal,70600.0,12,0
102335,34,7002.34,0.7,445,1,nao,pessoal,22700.0,60,0
102336,41,3594.88,,659,1,nao,veiculo,20100.0,36,0
102337,73,7871.61,2.2,697,2,sim,pessoal,5700.0,36,0
102338,50,3930.49,5.7,686,0,sim,negocio,17600.0,60,0
102339,53,1763.37,2.2,698,4,sim,pessoal,5900.0,36,0
102340,50,9472.78,0.1,763,2,sim,veiculo,29000.0,24,0
102341,58,7709.98,3.6,582,2,nao,negocio,25400.0,24,0
102342,38,3577.8,0.3,651,1,nao,pessoal,8800.0,36,1
102343,18,1427.28,2.0,602,1,nao,reforma,2100.0,48,1
102344,38,,2.3,809,1,nao,reforma,4300.0,60,1
102345,50,,10.0,913,1,nao,pessoal,5400.0,24,0
102346,28,5415.02,4.9,485,0,nao,pessoal,41600.0,48,1
102347,38,1507.06,1.2,376,0,sim,educacao,10200.0,12,1
102348,32,3966.95,2.0,714,1,nao,pessoal,15900.0,60,0
102349,58,2605.51,7.1,779,4,sim,pessoal,6800.0,24,0
102350,49,1871.59,0.9,894,1,sim,veiculo,22600.0,12,0
102351,48,,1.7,736,2,nao,pessoal,24400.0,24,0
102352,47,3344.09,0.2,821,0,nao,negocio,16700.0,60,0
102353,40,5905.02,,856,2,sim,negocio,9300.0,24,0
102354,42,1896.33,6.5,830,1,sim,negocio,7700.0,24,0
102355,26,2067.68,0.5,755,2,nao,pessoal,3400.0,24,1
102356,18,1412.0,2.0,473,2,nao,negocio,17200.0,60,1
102357,42,1412.0,26.0,639,0,sim,reforma,3000.0,36,0
102358,44,10463.88,1.0,679,4,sim,veiculo,25400.0,60,0
102359,55,13035.03,21.9,627,1,sim,reforma,30900.0,12,0
102360,59,4360.82,7.5,635,0,sim,educacao,12200.0,36,0
102361,59,2634.14,,844,5,sim,veiculo,13800.0,36,1
102362,28,2732.55,2.9,542,1,nao,veiculo,9600.0,24,0
102363,36,5749.44,10.2,744,4,nao,veiculo,20600.0,36,0
102364,46,2996.25,1.4,681,1,nao,pessoal,16100.0,24,1
102365,70,4722.6,1.3,529,1,sim,pessoal,6700.0,24,0
102366,58,4115.03,2.6,500,2,sim,veiculo,22600.0,24,1
102367,53,3030.76,2.1,419,1,sim,veiculo,11500.0,36,0
102368,35,2630.96,2.1,703,3,sim,reforma,6000.0,36,0
102369,29,3833.07,,632,1,nao,educacao,14500.0,36,0
102370,49,2396.92,10.1,533,0,sim,veiculo,9000.0,60,0
102371,27,4074.32,1.8,396,0,sim,pessoal,3000.0,36,1
102372,37,2776.0,7.1,696,1,nao,reforma,22200.0,36,0
102373,39,3949.18,7.8,617,1,sim,pessoal,28500.0,24,1
102374,59,8871.47,,547,0,sim,educacao,14200.0,48,0
102375,36,3241.81,20.0,515,1,nao,veiculo,7200.0,12,0
102376,18,4643.7,2.0,609,0,nao,negocio,36600.0,24,1
102377,46,1483.88,2.8,701,0,nao,pessoal,7700.0,36,0
102378,32,,3.9,597,1,sim,reforma,11600.0,60,1
102379,41,3823.79,7.9,485,2,nao,veiculo,17400.0,12,0
102380,39,10604.6,23.0,632,0,nao,pessoal,46500.0,36,0
102381,37,1412.0,4.9,776,1,sim,veiculo,2600.0,12,0
102382,49,3890.58,2.1,645,0,sim,pessoal,9700.0,24,0
102383,22,6613.2,2.1,649,0,nao,pessoal,42100.0,36,0
102384,34,2254.59,4.3,598,2,nao,veiculo,11700.0,12,1
102385,48,,0.9,524,0,sim,veiculo,15000.0,60,0
102386,33,4116.56,2.9,520,1,sim,veiculo,9800.0,12,0
102387,21,3238.52,4.1,424,2,nao,veiculo,20500.0,36,1
102388,48,9605.7,23.7,794,1,sim,pessoal,18800.0,24,0
102389,53,5303.26,37.0,700,1,sim,veiculo,45100.0,12,0
102390,39,7642.55,13.5,651,1,nao,veiculo,17300.0,36,0
102391,18,2297.03,,678,1,sim,veiculo,4800.0,24,0
102392,48,2701.73,12.6,684,0,nao,veiculo,9600.0,12,0
102393,20,2547.29,,545,0,nao,pessoal,10100.0,12,1
102394,44,2057.35,1.1,598,1,nao,veiculo,7600.0,24,0
102395,29,4255.75,0.9,578,3,nao,pessoal,6700.0,48,1
102396,26,2536.32,4.2,966,1,nao,pessoal,11400.0,60,0
102397,35,2428.49,,773,3,nao,reforma,15300.0,12,0
102398,38,4788.64,2.8,662,0,nao,reforma,16000.0,24,0
102399,32,1806.15,1.5,818,3,nao,pessoal,2500.0,24,0
102400,47,6138.38,,801,1,sim,pessoal,18900.0,48,0
102401,35,2701.13,0.8,461,0,nao,veiculo,4800.0,24,0
102402,52,7839.42,0.2,611,1,nao,veiculo,8600.0,24,0
102403,43,3102.06,2.3,638,0,nao,reforma,7800.0,36,0
102404,32,4796.04,,719,4,sim,reforma,44500.0,48,0
102405,30,3646.96,2.7,611,2,nao,pessoal,12100.0,36,0
102406,20,4341.95,1.6,627,3,nao,reforma,12900.0,48,0
102407,43,4090.0,2.9,580,2,sim,negocio,21900.0,12,0
102408,36,1424.42,15.5,776,1,nao,negocio,7200.0,24,0
102409,18,4876.64,0.9,452,0,nao,pessoal,7100.0,36,0
102410,34,3308.53,1.6,584,1,nao,negocio,35500.0,48,0
102411,29,5035.81,3.2,400,1,nao,pessoal,19800.0,24,1
102412,59,6057.5,38.2,506,0,sim,pessoal,36500.0,24,0
102413,20,1884.88,0.0,681,3,nao,veiculo,4600.0,24,0
102414,23,,2.6,684,0,nao,pessoal,2000.0,60,0
102415,53,5942.36,9.5,599,0,sim,pessoal,19400.0,24,0
102416,56,3507.4,5.6,786,0,nao,pessoal,6300.0,60,0
102417,31,5600.2,3.7,816,0,nao,reforma,39600.0,60,0
102418,32,3071.69,0.9,631,1,sim,veiculo,4600.0,36,0
102419,47,7054.46,0.4,673,2,nao,reforma,25100.0,60,0
102420,18,3534.02,2.0,581,2,nao,veiculo,17700.0,12,0
102421,18,3280.53,2.0,721,2,nao,pessoal,14800.0,12,1
102422,37,2929.03,1.1,485,1,sim,veiculo,7600.0,36,0
102423,59,4709.1,2.7,873,2,sim,reforma,5700.0,48,0
102424,35,6772.19,10.4,788,3,sim,pessoal,9600.0,60,0
102425,41,3655.36,6.1,484,1,nao,negocio,8100.0,36,1
102426,54,5550.05,8.0,537,1,nao,veiculo,8300.0,12,1
102427,65,4251.02,5.6,695,3,sim,reforma,14200.0,24,0
102428,33,3673.31,4.2,596,1,nao,veiculo,8100.0,36,0
102429,40,9608.75,0.4,711,1,nao,reforma,15500.0,48,0
102430,62,8025.41,0.5,593,1,nao,reforma,12000.0,36,0
102431,22,3100.49,6.0,838,0,nao,educacao,4200.0,60,0
102432,52,4662.78,9.5,641,1,nao,pessoal,15800.0,24,0
102433,28,2188.8,0.4,955,2,nao,pessoal,4900.0,36,0
102434,41,3424.24,7.3,718,0,nao,pessoal,12200.0,12,0
102435,37,4265.45,2.8,465,1,nao,negocio,14300.0,36,0
102436,29,5207.91,1.0,911,1,nao,veiculo,16100.0,48,0
102437,28,4862.01,1.9,783,2,nao,pessoal,25100.0,36,1
102438,43,2091.71,13.8,689,2,nao,pessoal,3000.0,36,0
102439,52,7092.25,6.7,724,1,sim,veiculo,36700.0,24,0
102440,38,3466.54,0.0,485,3,nao,negocio,15400.0,60,1
102441,41,2188.39,7.7,405,2,nao,reforma,6800.0,36,1
102442,47,8379.56,,635,1,sim,pessoal,18100.0,60,0
102443,28,7200.75,12.0,819,0,nao,educacao,25800.0,12,0
102444,49,4742.36,5.9,691,2,sim,negocio,21700.0,24,0
102445,50,6119.61,6.1,862,0,sim,reforma,9200.0,36,0
102446,71,6320.25,0.1,812,1,sim,veiculo,31900.0,36,0
102447,35,7571.79,0.4,643,2,nao,reforma,75200.0,36,0
102448,35,5244.57,4.3,794,1,nao,reforma,17700.0,24,0
102449,49,1976.34,2.1,838,0,nao,negocio,15100.0,36,1
102450,50,12516.6,,630,1,sim,reforma,58300.0,24,0
102451,34,,3.4,612,0,nao,veiculo,25600.0,12,0
102452,35,2655.19,10.8,658,1,nao,pessoal,6100.0,48,0
102453,46,2256.88,0.9,326,2,sim,veiculo,6400.0,48,1
102454,30,4361.35,2.7,676,1,nao,pessoal,8500.0,24,0
102455,35,3015.34,,734,1,nao,reforma,18600.0,60,0
102456,41,,12.4,659,1,nao,negocio,10100.0,60,0
102457,52,6237.22,5.7,685,4,sim,pessoal,62800.0,36,0
102458,33,2511.84,1.6,634,1,nao,veiculo,11400.0,48,0
102459,18,1515.52,2.0,380,0,nao,reforma,6700.0,36,1
102460,18,3461.91,1.6,856,2,nao,pessoal,5500.0,24,0
102461,25,2307.35,3.4,592,2,nao,veiculo,12000.0,12,0
102462,24,3307.36,4.0,560,1,nao,educacao,10100.0,24,0
102463,38,1738.73,7.1,817,1,nao,pessoal,4300.0,24,0
102464,26,,4.2,767,2,nao,reforma,6400.0,60,0
102465,32,5020.17,14.7,675,0,nao,reforma,8300.0,60,0
102466,31,4669.39,5.2,740,0,nao,reforma,16400.0,36,0
102467,35,2277.68,1.3,490,1,nao,pessoal,7200.0,36,1
102468,56,2179.54,6.6,629,2,sim,pessoal,3500.0,60,0
102469,48,4095.35,5.2,808,2,nao,pessoal,19500.0,48,0
102470,40,5070.13,0.7,552,2,nao,veiculo,63600.0,24,0
102471,34,4338.71,0.3,510,0,nao,pessoal,6500.0,60,0
102472,35,2651.35,1.4,650,1,sim,reforma,8700.0,36,0
102473,44,4584.71,2.9,653,2,sim,veiculo,43400.0,12,0
102474,47,9180.48,0.6,724,1,sim,educacao,20200.0,24,0
102475,29,3651.62,0.4,461,1,nao,educacao,16600.0,48,0
102476,40,1516.75,4.6,309,2,sim,veiculo,6700.0,12,1
102477,18,3131.09,0.7,760,1,nao,pessoal,16300.0,60,0
102478,43,11849.07,18.3,499,0,nao,pessoal,124500.0,48,0
102479,49,2020.63,4.7,561,2,sim,educacao,2400.0,12,0
102480,37,3657.31,1.1,356,2,nao,veiculo,14400.0,24,1
102481,62,3658.95,23.2,773,0,sim,pessoal,9500.0,36,0
102482,29,3438.64,5.1,686,3,nao,reforma,11800.0,12,0
102483,43,4284.11,13.5,680,1,nao,pessoal,15400.0,36,0
102484,40,6971.17,4.2,679,0,sim,veiculo,20500.0,60,0
102485,39,3857.76,3.6,372,0,nao,veiculo,7000.0,36,1
102486,39,7433.14,17.4,512,0,nao,pessoal,14100.0,36,0
102487,41,3530.02,7.6,581,0,nao,educacao,44200.0,60,1
102488,50,3418.1,,543,0,nao,reforma,5200.0,60,0
102489,57,2867.99,3.4,605,0,nao,veiculo,21000.0,60,0
102490,40,1412.0,4.8,672,1,sim,reforma,2700.0,12,0
102491,50,4822.74,6.9,771,2,nao,pessoal,17900.0,12,0
102492,32,10484.94,6.4,448,1,nao,veiculo,119500.0,36,1
102493,49,5277.77,3.7,639,0,nao,reforma,29800.0,24,0
102494,31,4881.62,1.8,733,2,nao,veiculo,7200.0,36,0
102495,53,3301.89,1.4,520,2,sim,reforma,9400.0,60,0
102496,67,3622.91,2.2,615,0,sim,veiculo,12500.0,60,0
102497,39,6328.16,,701,4,nao,veiculo,41100.0,24,0
102498,18,8451.98,0.0,641,0,nao,veiculo,30400.0,60,0
102499,33,7775.14,5.2,728,3,nao,reforma,24700.0,36,0
102500,55,6453.01,7.9,652,1,sim,pessoal,63400.0,48,0
102501,47,4096.44,14.4,599,1,sim,educacao,37000.0,12,1
102502,43,4320.7,24.7,488,0,nao,pessoal,23000.0,12,0
102503,52,2738.01,9.2,672,0,sim,pessoal,6600.0,48,0
102504,46,1792.81,3.7,653,1,sim,educacao,1300.0,36,0
102505,55,2229.82,2.3,511,0,sim,veiculo,3600.0,60,0
102506,51,4259.07,6.6,716,1,nao,veiculo,5900.0,12,0
102507,58,3529.18,11.7,805,4,nao,veiculo,11900.0,24,0
102508,44,1734.52,3.6,554,1,sim,pessoal,10700.0,12,0
102509,51,,2.5,545,2,nao,reforma,46500.0,48,1
102510,36,2984.7,10.4,541,3,nao,reforma,22400.0,36,0
102511,33,1799.47,,422,0,nao,pessoal,4100.0,36,0
102512,60,3380.63,10.0,901,1,sim,educacao,13800.0,12,0
102513,43,3226.99,1.1,582,1,sim,pessoal,14400.0,12,0
102514,50,2952.08,0.7,528,0,sim,educacao,4100.0,24,0
102515,41,6269.41,5.5,494,1,sim,reforma,13000.0,12,0
102516,33,1412.0,12.9,590,1,sim,negocio,3800.0,60,0
102517,40,1412.0,3.5,550,0,sim,educacao,17700.0,24,1
102518,57,4151.5,5.5,827,1,nao,educacao,18300.0,24,0
102519,47,4236.15,,478,1,sim,negocio,6700.0,48,0
102520,19,3549.57,1.3,440,1,nao,educacao,9600.0,60,1
102521,37,2674.98,5.0,712,0,sim,educacao,12300.0,36,0
102522,61,2501.28,9.0,626,3,sim,pessoal,7500.0,24,0
102523,37,3583.55,8.4,611,1,nao,educacao,10100.0,36,0
102524,18,2196.25,2.0,713,3,nao,reforma,11900.0,12,0
102525,63,9725.49,1.4,658,0,sim,negocio,78900.0,12,1
102526,48,3396.88,2.6,634,2,sim,reforma,24700.0,48,0
102527,39,3575.85,0.5,457,2,sim,pessoal,10500.0,60,0
102528,36,13875.38,7.9,423,1,sim,pessoal,44000.0,24,1
102529,53,3723.05,0.7,549,0,sim,pessoal,10800.0,48,0
102530,33,4657.35,0.1,499,0,nao,veiculo,30700.0,36,1
102531,54,5912.87,1.7,675,1,sim,reforma,16400.0,36,0
102532,47,,3.6,406,3,nao,pessoal,6600.0,24,0
102533,43,4514.49,,582,0,nao,pessoal,21100.0,60,0
102534,42,4236.41,6.6,618,2,sim,pessoal,20400.0,24,0
102535,38,3846.51,2.1,635,0,nao,educacao,10600.0,24,0
102536,53,3018.82,3.5,692,3,sim,veiculo,32100.0,12,1
102537,30,3951.79,7.9,598,1,nao,pessoal,10000.0,48,0
102538,21,,2.9,553,1,nao,veiculo,73200.0,60,1
102539,47,7819.8,4.2,802,0,nao,pessoal,12300.0,12,0
102540,48,4798.67,2.0,598,0,sim,reforma,19800.0,12,0
102541,46,6366.07,4.0,824,0,nao,educacao,13700.0,60,0
102542,45,2439.05,1.1,598,1,nao,pessoal,8200.0,48,0
102543,36,,0.7,638,1,sim,educacao,17000.0,60,0
102544,49,6908.77,20.2,622,0,sim,reforma,17200.0,48,0
102545,39,8342.79,6.8,670,1,nao,pessoal,19200.0,48,0
102546,34,2272.21,7.0,585,1,nao,pessoal,7000.0,36,0
102547,36,,2.2,652,1,nao,pessoal,91000.0,24,1
102548,64,13755.22,2.5,839,0,sim,pessoal,54400.0,36,0
102549,19,2996.52,3.0,776,0,nao,pessoal,11400.0,24,0
102550,46,10838.73,9.0,777,1,sim,negocio,49200.0,36,0
102551,20,3231.51,0.4,466,0,nao,pessoal,4000.0,36,1
102552,39,4215.87,1.1,487,1,sim,negocio,25600.0,12,1
102553,35,2970.51,1.6,668,0,sim,veiculo,15900.0,36,1
102554,18,4702.17,2.0,740,2,nao,veiculo,5600.0,24,0
102555,45,8301.48,15.7,573,0,nao,reforma,123000.0,60,0
102556,35,,9.2,549,2,nao,educacao,7000.0,12,0
102557,18,2306.59,2.0,821,1,nao,negocio,4100.0,36,0
102558,50,6854.84,0.4,729,1,nao,pessoal,29000.0,24,0
102559,57,,,778,3,nao,veiculo,7800.0,12,0
102560,58,3159.14,15.5,583,1,sim,pessoal,4200.0,36,0
102561,44,6781.32,0.3,572,1,sim,pessoal,20200.0,36,0
102562,41,6909.61,10.1,763,1,sim,pessoal,21100.0,48,0
102563,56,3236.07,1.1,606,0,sim,reforma,4400.0,24,0
102564,60,4657.43,4.2,561,1,nao,pessoal,10200.0,60,0
102565,54,2131.87,0.2,521,1,sim,educacao,4000.0,12,1
102566,29,1993.37,11.0,574,2,nao,educacao,5600.0,36,1
102567,42,4077.14,2.2,754,1,nao,veiculo,21000.0,36,0
102568,45,4002.55,12.7,444,2,sim,veiculo,15200.0,12,0
102569,18,1645.16,2.0,722,0,nao,reforma,5600.0,12,0
102570,46,,20.1,548,1,sim,pessoal,3100.0,24,0
102571,67,2306.86,10.4,613,1,sim,veiculo,7900.0,24,0
102572,48,5214.62,0.1,621,0,nao,pessoal,9500.0,24,0
102573,58,1412.0,3.5,611,1,sim,pessoal,1800.0,60,0
102574,42,2183.08,8.1,603,3,sim,veiculo,12900.0,24,1
102575,39,1412.0,5.1,582,4,nao,pessoal,2200.0,60,0
102576,45,4953.62,14.5,566,0,sim,veiculo,18300.0,60,0
102577,30,1412.0,3.7,812,1,nao,reforma,3700.0,24,0
102578,28,3276.69,7.4,643,1,nao,reforma,6500.0,48,0
102579,55,10210.33,1.4,624,3,sim,pessoal,74300.0,60,0
102580,56,10402.54,8.6,556,0,sim,pessoal,25400.0,24,0
102581,28,1412.0,3.3,587,0,nao,pessoal,3600.0,36,0
102582,52,4883.13,1.8,557,1,sim,veiculo,11000.0,48,0
102583,39,2137.25,8.6,739,1,nao,veiculo,8300.0,48,0
102584,44,2019.19,19.4,542,3,sim,educacao,6400.0,60,0
102585,46,3735.45,2.1,348,2,nao,pessoal,8600.0,24,1
102586,52,8143.51,0.4,648,2,nao,educacao,16400.0,12,0
102587,41,5237.4,1.8,604,0,sim,pessoal,17900.0,48,0
102588,57,2796.4,1.0,564,3,sim,veiculo,6600.0,24,0
102589,44,5735.6,12.6,759,1,nao,negocio,56500.0,36,0
102590,47,1412.0,8.9,300,0,sim,educacao,3600.0,36,1
102591,30,2183.68,,845,1,nao,veiculo,9300.0,36,0
102592,66,2634.05,14.8,777,1,sim,pessoal,8700.0,60,0
102593,46,4151.01,7.8,558,0,nao,veiculo,12200.0,36,0
102594,49,3669.0,17.7,581,0,sim,educacao,22000.0,36,0
102595,21,2706.96,2.1,706,0,nao,pessoal,13400.0,60,0
102596,30,,6.1,709,2,nao,pessoal,14700.0,24,0
102597,55,4195.39,4.7,558,2,sim,veiculo,20400.0,48,0
102598,43,5181.76,3.1,430,0,sim,reforma,6900.0,24,0
102599,18,3039.68,0.8,915,0,nao,veiculo,13900.0,36,0
102600,52,3544.04,4.8,764,2,nao,pessoal,10700.0,60,0
102601,33,4278.15,,660,0,nao,negocio,11000.0,60,1
102602,57,6527.54,8.6,663,0,sim,negocio,150000.0,36,0
102603,39,2711.88,,721,1,nao,reforma,3900.0,60,0
102604,42,3685.6,7.8,736,1,nao,pessoal,12200.0,24,0
102605,54,7851.54,0.2,369,1,sim,pessoal,24800.0,48,1
102606,29,1778.59,3.0,594,1,sim,reforma,5900.0,60,0
102607,28,8688.22,2.3,581,2,nao,educacao,16500.0,48,0
102608,38,1742.72,6.6,619,0,sim,veiculo,7000.0,48,0
102609,50,3427.09,14.8,740,2,sim,pessoal,6100.0,60,0
102610,24,1809.76,8.0,407,3,nao,negocio,7500.0,24,1
102611,20,,4.0,465,0,nao,veiculo,36900.0,48,0
102612,50,3141.87,3.4,551,3,sim,negocio,9500.0,36,0
102613,33,2604.13,4.4,660,1,nao,veiculo,8700.0,36,1
102614,35,2865.79,2.7,748,1,nao,reforma,25900.0,60,0
102615,18,2951.17,,852,0,nao,pessoal,14600.0,36,0
102616,32,2828.08,2.9,603,0,nao,pessoal,11000.0,24,0
102617,40,3461.53,0.2,748,0,nao,negocio,15600.0,60,0
102618,51,1412.0,5.7,732,0,nao,reforma,5100.0,24,0
102619,31,3452.86,14.9,710,6,sim,veiculo,16800.0,48,0
102620,60,4184.78,18.7,637,0,sim,veiculo,10200.0,60,0
102621,32,5998.16,3.5,588,2,nao,pessoal,79100.0,60,0
102622,32,6960.31,1.5,501,1,nao,educacao,27300.0,36,0
102623,58,3737.52,2.2,493,0,sim,pessoal,71300.0,60,1
102624,43,6031.52,5.0,685,2,sim,veiculo,79800.0,36,0
102625,33,1871.42,,633,1,sim,veiculo,4800.0,12,1
102626,38,5551.24,1.2,586,1,sim,reforma,22400.0,48,1
102627,56,3024.66,3.1,726,2,sim,veiculo,13200.0,48,0
102628,58,2159.93,8.0,614,5,sim,negocio,13200.0,60,1
102629,30,2983.39,1.4,521,1,sim,educacao,11300.0,36,0
102630,39,7954.33,1.7,605,0,nao,negocio,57400.0,12,0
102631,41,4160.21,5.1,747,0,sim,veiculo,5100.0,12,0
102632,28,7333.48,12.0,507,1,nao,pessoal,17800.0,24,1
102633,39,2439.16,3.5,667,1,nao,negocio,7600.0,48,0
102634,40,6626.76,0.9,633,0,nao,pessoal,15500.0,36,0
102635,54,2894.97,0.9,541,2,sim,negocio,3600.0,24,1
102636,54,4690.75,,602,1,sim,pessoal,27900.0,24,0
102637,36,,20.0,436,1,sim,educacao,7200.0,24,1
102638,37,,17.2,654,0,nao,educacao,12100.0,36,0
102639,48,4660.35,6.3,463,0,sim,reforma,25700.0,60,0
102640,33,2284.18,7.7,779,0,nao,educacao,16700.0,60,0
102641,47,6520.51,3.8,628,2,nao,pessoal,16300.0,36,0
102642,39,9543.57,10.3,566,2,nao,veiculo,17900.0,24,0
102643,28,2335.65,0.7,791,1,nao,pessoal,5000.0,24,0
102644,29,1412.0,13.0,506,2,nao,negocio,9600.0,36,1
102645,57,5453.66,2.1,543,0,sim,veiculo,38500.0,36,0
102646,38,3033.86,,402,0,sim,pessoal,13000.0,24,1
102647,60,3855.71,7.4,810,1,sim,pessoal,15700.0,24,0
102648,34,4714.43,2.9,883,1,sim,educacao,7500.0,60,0
102649,43,2995.34,4.0,422,0,nao,negocio,13900.0,48,0
102650,69,3574.38,5.4,534,0,sim,negocio,20000.0,36,0
102651,27,3007.73,,649,1,nao,pessoal,11600.0,36,0
102652,18,6283.86,2.0,573,2,nao,reforma,24800.0,36,0
102653,55,4213.1,7.0,636,2,sim,veiculo,7900.0,24,0
102654,30,1674.5,1.5,625,3,sim,reforma,11800.0,60,0
102655,40,1929.12,17.3,693,0,nao,educacao,3000.0,12,0
102656,33,3702.98,3.9,515,3,sim,pessoal,12800.0,24,1
102657,43,2068.63,1.0,665,1,sim,veiculo,9500.0,36,0
102658,29,1412.0,0.9,495,1,nao,pessoal,9800.0,36,1
102659,38,5163.06,2.5,586,2,sim,veiculo,34000.0,36,0
102660,45,5732.38,0.0,414,0,sim,pessoal,39700.0,60,0
102661,28,2629.8,4.3,587,2,nao,pessoal,7700.0,24,0
102662,32,3981.87,0.1,566,1,sim,pessoal,56200.0,24,1
102663,36,3943.64,2.4,763,0,nao,pessoal,26500.0,12,0
102664,23,4192.39,3.3,632,0,nao,veiculo,11900.0,12,0
102665,35,4900.65,3.2,656,1,nao,reforma,14400.0,48,0
102666,41,1412.0,12.2,637,3,nao,negocio,7800.0,36,0
102667,35,3078.62,0.2,363,1,nao,veiculo,8100.0,24,1
102668,37,4783.75,6.3,380,1,nao,reforma,7800.0,48,0
102669,40,2971.44,0.4,599,2,sim,negocio,10900.0,48,1
102670,32,3456.14,10.5,676,0,sim,veiculo,3100.0,60,0
102671,48,6135.36,0.9,609,2,sim,educacao,26600.0,24,0
102672,57,4332.61,4.4,528,3,sim,negocio,22200.0,48,1
102673,34,7957.27,8.5,609,0,nao,educacao,23700.0,24,0
102674,46,7389.93,10.8,597,0,nao,pessoal,51600.0,60,0
102675,37,3370.86,9.8,741,1,nao,pessoal,19700.0,60,0
102676,44,3490.34,3.9,734,1,sim,pessoal,6600.0,36,0
102677,59,1412.0,13.7,568,1,sim,reforma,5100.0,48,0
102678,46,3322.44,10.5,634,1,sim,reforma,8500.0,48,0
102679,19,1412.0,3.0,676,2,nao,pessoal,4100.0,36,0
102680,45,4443.01,6.1,695,1,sim,veiculo,30900.0,36,0
102681,55,4507.49,7.5,855,2,sim,veiculo,23000.0,48,0
102682,37,5275.63,2.6,636,2,sim,reforma,12000.0,60,0
102683,52,8933.7,2.0,792,2,sim,pessoal,35800.0,48,1
102684,32,3339.4,0.2,489,1,nao,pessoal,7400.0,24,1
102685,22,10403.24,3.6,557,0,nao,veiculo,27200.0,36,0
102686,42,4327.34,4.6,362,3,sim,pessoal,38100.0,36,1
102687,19,1412.0,1.3,660,1,nao,reforma,22800.0,12,0
102688,37,2641.21,0.6,724,1,nao,veiculo,26900.0,36,0
102689,55,3375.86,4.0,308,1,sim,veiculo,14000.0,12,1
102690,18,3877.88,2.0,664,1,nao,educacao,15200.0,36,0
102691,25,1837.63,,719,1,nao,pessoal,11900.0,12,0
102692,28,2733.26,9.0,711,2,nao,pessoal,10200.0,24,0
102693,39,3369.9,0.3,485,0,nao,negocio,5000.0,60,0
102694,36,2779.22,4.0,741,0,nao,reforma,29000.0,12,0
102695,57,6474.94,0.3,641,0,sim,pessoal,11100.0,24,0
102696,51,5896.67,1.9,717,1,sim,reforma,42600.0,24,0
102697,46,7552.57,2.4,624,0,nao,veiculo,41700.0,36,0
102698,42,3174.15,6.5,690,0,sim,reforma,33900.0,60,0
102699,45,7622.06,10.4,784,2,sim,educacao,44800.0,36,0
102700,30,,3.6,613,1,nao,pessoal,3800.0,60,0
102701,50,1931.02,,677,1,sim,reforma,13000.0,24,0
102702,27,1630.13,5.0,802,1,nao,pessoal,4600.0,24,0
102703,50,4165.05,1.7,623,3,nao,veiculo,8100.0,60,0
102704,54,8028.27,2.4,494,1,sim,veiculo,9400.0,12,0
102705,43,2764.6,5.8,728,2,nao,negocio,9000.0,36,0
102706,38,2800.51,1.9,827,0,nao,veiculo,3600.0,36,0
102707,45,3493.3,,808,0,sim,educacao,28900.0,60,0
102708,18,3836.94,,733,2,nao,pessoal,5200.0,36,0
102709,44,,,335,0,sim,veiculo,8300.0,60,1
102710,39,2745.81,1.6,557,1,nao,educacao,7800.0,36,0
102711,39,1756.79,0.2,564,0,nao,pessoal,6800.0,24,0
102712,48,2964.58,21.0,646,3,nao,negocio,6200.0,12,0
102713,39,7036.14,1.5,859,0,sim,reforma,48700.0,36,0
102714,26,3296.82,,500,0,nao,negocio,12700.0,12,1
102715,38,2423.14,2.4,931,0,nao,pessoal,8400.0,24,0
102716,41,7432.73,15.0,590,0,sim,veiculo,17600.0,36,0
102717,41,2729.58,0.6,540,2,nao,pessoal,13300.0,36,1
102718,42,8315.15,13.5,750,1,nao,negocio,67300.0,36,0
102719,52,8967.84,0.4,760,0,sim,pessoal,150000.0,60,0
102720,27,3277.43,11.0,724,1,nao,reforma,6500.0,12,0
102721,42,1670.13,8.7,540,3,sim,reforma,5400.0,60,0
102722,55,14598.03,4.4,705,3,nao,negocio,16300.0,48,0
102723,19,3516.65,3.0,506,1,nao,negocio,18500.0,60,1
102724,42,3186.64,,536,1,sim,educacao,4900.0,36,0
102725,33,5803.32,5.4,628,2,nao,pessoal,24000.0,24,0
102726,36,5232.57,11.6,533,1,nao,educacao,38400.0,48,0
102727,29,6708.37,13.0,777,1,nao,veiculo,18300.0,60,0
102728,38,2528.67,0.5,565,0,nao,reforma,5100.0,48,0
102729,62,4937.32,,611,1,sim,pessoal,38100.0,60,1
102730,25,1611.61,1.8,526,0,nao,educacao,8600.0,12,1
102731,26,4524.16,2.2,775,0,nao,veiculo,8000.0,60,0
102732,24,3013.73,2.8,553,0,nao,educacao,11500.0,60,0
102733,61,,,788,1,sim,veiculo,10100.0,60,0
102734,34,3203.48,18.0,779,0,nao,reforma,21200.0,36,0
102735,40,,1.0,582,1,nao,pessoal,12200.0,60,0
102736,35,2179.79,6.9,644,1,nao,pessoal,19100.0,36,0
102737,29,5038.34,0.2,578,3,nao,negocio,10100.0,36,0
102738,37,8163.85,,711,1,nao,reforma,32700.0,60,0
102739,69,3051.07,0.9,615,2,sim,pessoal,10600.0,24,0
102740,57,5618.75,5.0,586,0,sim,veiculo,22900.0,60,0
102741,30,4190.56,6.8,646,2,sim,educacao,10400.0,36,0
102742,48,4078.12,3.6,434,1,sim,veiculo,3700.0,24,0
102743,30,1426.9,2.8,630,6,nao,veiculo,7500.0,36,1
102744,19,,3.0,724,1,nao,educacao,5100.0,36,1
102745,52,2696.95,2.8,658,0,sim,pessoal,5700.0,24,0
102746,54,,10.1,764,1,nao,reforma,3700.0,48,0
102747,53,8989.69,7.1,591,1,sim,veiculo,15600.0,24,0
102748,34,,4.5,580,0,sim,reforma,4900.0,48,0
102749,38,3580.51,5.1,495,0,sim,pessoal,23400.0,24,1
102750,49,1412.0,3.0,587,0,nao,pessoal,7000.0,12,0
102751,45,1442.72,0.9,896,0,sim,negocio,2200.0,24,0
102752,35,3509.48,1.4,676,1,sim,negocio,55900.0,24,1
102753,21,8648.67,3.9,564,1,nao,negocio,15400.0,48,0
102754,41,2564.49,0.5,509,2,sim,educacao,13800.0,36,1
102755,53,6664.2,14.2,432,0,sim,pessoal,23400.0,48,0
102756,26,2408.49,8.5,532,2,nao,reforma,4000.0,48,0
102757,48,4185.24,7.5,739,1,sim,veiculo,18100.0,24,0
102758,44,7591.27,7.5,584,0,sim,pessoal,23800.0,60,0
102759,49,3391.26,0.5,515,0,sim,pessoal,8100.0,48,0
102760,50,2835.18,3.6,530,1,nao,pessoal,21900.0,12,1
102761,32,7390.38,13.5,724,1,nao,pessoal,37600.0,36,0
102762,21,3000.24,5.0,629,0,nao,pessoal,16200.0,36,1
102763,34,6327.43,6.8,558,0,nao,reforma,19500.0,36,0
102764,51,2842.76,35.0,600,2,sim,negocio,12300.0,24,0
102765,33,7435.24,0.4,927,0,sim,veiculo,25600.0,36,0
102766,32,3938.24,1.3,799,0,nao,pessoal,18600.0,24,0
102767,18,3556.41,1.6,831,0,nao,pessoal,6900.0,36,0
102768,61,4455.14,4.4,412,3,sim,reforma,3800.0,36,0
102769,50,3138.2,22.3,620,2,nao,pessoal,24800.0,48,0
102770,49,4098.21,2.7,556,1,sim,reforma,14200.0,24,0
102771,52,3248.64,18.0,711,2,sim,pessoal,16000.0,12,1
102772,47,6810.97,0.1,778,3,sim,educacao,15800.0,36,0
102773,37,3217.8,7.4,682,0,sim,reforma,9800.0,36,0
102774,38,1598.24,11.2,527,3,sim,pessoal,13900.0,36,0
102775,35,1412.0,1.6,554,2,nao,negocio,6100.0,36,0
102776,72,1603.14,1.7,721,0,sim,veiculo,21100.0,24,0
102777,47,5644.42,10.2,734,0,nao,pessoal,33700.0,36,0
102778,34,1843.02,3.3,658,1,nao,veiculo,4300.0,36,1
102779,46,4689.49,,657,1,nao,veiculo,21400.0,36,0
102780,28,3471.19,5.8,647,2,nao,negocio,33300.0,36,1
102781,58,3999.11,3.3,675,0,sim,pessoal,16000.0,36,1
102782,32,4311.83,6.2,733,2,nao,negocio,22200.0,36,0
102783,46,4337.7,1.3,722,1,nao,reforma,35400.0,60,0
102784,53,,16.4,643,2,sim,reforma,1200.0,36,0
102785,45,3292.55,14.2,634,0,sim,pessoal,17600.0,60,0
102786,41,4757.97,3.2,629,0,sim,pessoal,37400.0,60,0
102787,40,9179.33,0.8,539,0,nao,negocio,20300.0,24,1
102788,39,9309.24,2.9,537,2,nao,veiculo,61000.0,60,0
102789,33,1620.65,1.9,711,2,nao,negocio,5700.0,36,1
102790,35,2899.12,1.0,547,0,nao,veiculo,3700.0,60,0
102791,58,,5.0,746,2,sim,veiculo,9800.0,60,0
102792,39,8494.28,3.0,633,0,nao,negocio,29600.0,36,0
102793,31,5840.62,5.5,747,0,nao,reforma,19600.0,24,0
102794,34,4210.39,3.2,723,1,nao,veiculo,21700.0,48,0
102795,53,4540.39,22.7,750,0,sim,educacao,9000.0,24,0
102796,48,8675.74,0.4,578,2,sim,pessoal,48200.0,48,1
102797,47,7822.57,9.7,693,1,sim,veiculo,15800.0,36,0
102798,37,6802.59,3.1,736,3,nao,pessoal,59000.0,36,0
102799,47,5165.27,0.5,438,1,nao,negocio,35800.0,24,1
102800,32,2795.93,7.7,861,2,nao,negocio,24600.0,48,0
102801,37,5486.53,3.3,935,1,nao,negocio,25400.0,36,0
102802,52,6491.44,8.3,763,1,nao,veiculo,17600.0,48,1
102803,50,3731.5,5.5,745,1,sim,reforma,8500.0,60,0
102804,28,2654.34,11.4,717,0,nao,pessoal,5800.0,48,0
102805,30,6162.34,3.5,598,0,nao,veiculo,19400.0,36,0
102806,41,9405.34,,626,2,nao,educacao,21800.0,24,0
102807,61,,,765,2,sim,pessoal,11700.0,24,1
102808,18,2422.41,0.2,513,2,nao,pessoal,5200.0,36,0
102809,43,4669.66,,502,1,sim,reforma,11300.0,24,0
102810,23,3933.66,3.2,588,1,nao,educacao,11000.0,48,0
102811,32,,2.3,725,3,sim,veiculo,5600.0,24,0
102812,36,10019.9,1.5,527,2,sim,reforma,28600.0,24,0
102813,35,4432.25,2.7,611,1,nao,negocio,22000.0,36,0
102814,34,4650.58,4.3,626,5,nao,pessoal,9600.0,48,0
102815,40,9798.06,2.6,508,0,sim,educacao,16700.0,24,0
102816,34,2712.16,4.7,323,0,nao,veiculo,8500.0,48,1
102817,22,,2.9,507,2,nao,veiculo,5000.0,60,1
102818,49,2058.85,5.2,674,2,sim,pessoal,16100.0,24,0
102819,49,,0.6,703,1,sim,veiculo,8600.0,60,0
102820,50,1827.14,1.2,704,1,sim,educacao,6600.0,36,0
102821,22,4478.13,,719,2,nao,veiculo,20600.0,36,0
102822,44,4903.36,2.6,559,2,sim,pessoal,8000.0,48,0
102823,48,3486.14,2.5,531,2,nao,pessoal,7400.0,48,0
102824,28,3046.97,5.3,689,1,nao,educacao,7300.0,48,0
102825,40,5661.02,24.0,612,0,nao,veiculo,31700.0,36,0
102826,39,1971.45,,758,0,sim,pessoal,20700.0,24,0
102827,62,4636.47,16.1,690,2,sim,negocio,49400.0,24,0
102828,63,6088.44,,807,1,sim,pessoal,45700.0,36,0
102829,20,1412.0,4.0,579,3,nao,educacao,2300.0,36,1
102830,70,6039.84,2.9,779,2,sim,pessoal,12500.0,60,0
102831,29,1412.0,6.0,905,1,nao,pessoal,11400.0,36,0
102832,52,3884.46,8.2,647,2,sim,pessoal,34000.0,48,0
102833,52,2185.39,1.2,705,0,sim,negocio,12300.0,48,0
102834,28,7075.0,12.0,519,1,nao,reforma,40200.0,48,0
102835,46,2104.04,2.5,756,1,nao,pessoal,5700.0,60,0
102836,39,1485.65,1.6,787,2,sim,educacao,14600.0,60,1
102837,47,,10.5,576,1,sim,educacao,9800.0,12,0
102838,43,3066.5,9.5,716,0,nao,veiculo,4100.0,60,0
102839,54,1811.45,7.2,676,2,sim,veiculo,10300.0,60,0
102840,41,5028.95,,691,1,sim,veiculo,12400.0,12,0
102841,38,1412.0,4.6,746,1,nao,pessoal,2300.0,36,0
102842,53,2343.7,,707,1,nao,educacao,13900.0,36,0
102843,47,2928.28,1.2,622,2,nao,reforma,3400.0,36,0
102844,49,6376.99,12.7,748,2,sim,educacao,29300.0,60,0
102845,32,6908.46,2.0,785,2,nao,educacao,18500.0,60,0
102846,27,,,568,1,nao,educacao,53300.0,24,0
102847,33,3152.7,,640,0,nao,educacao,14500.0,12,0
102848,33,1412.0,2.2,410,1,nao,negocio,9400.0,24,1
102849,49,5085.76,4.2,716,2,sim,reforma,9300.0,60,0
102850,52,9304.3,1.4,799,0,sim,educacao,11800.0,12,0
102851,38,7174.75,17.7,607,1,nao,educacao,20200.0,36,0
102852,57,5345.65,2.5,657,1,sim,pessoal,27000.0,48,0
102853,56,2154.23,12.4,611,0,sim,veiculo,7900.0,24,0
102854,43,2883.93,2.6,590,0,sim,reforma,20100.0,24,0
102855,30,9570.94,4.2,670,1,nao,pessoal,46500.0,60,0
102856,59,1901.15,0.2,538,2,sim,veiculo,3500.0,36,0
102857,39,1958.43,6.9,609,1,nao,pessoal,9100.0,36,0
102858,42,6394.94,13.4,522,3,nao,pessoal,24800.0,24,0
102859,36,2805.27,11.9,717,1,sim,veiculo,21000.0,24,0
102860,29,1702.97,5.8,671,1,nao,pessoal,3400.0,36,0
102861,22,6877.62,0.9,584,0,nao,educacao,16200.0,24,1
102862,48,5231.84,5.8,645,0,nao,reforma,23200.0,24,0
102863,31,2712.24,2.4,611,2,nao,pessoal,22200.0,24,1
102864,77,,2.8,789,2,sim,pessoal,6900.0,36,0
102865,27,9799.44,11.0,583,4,nao,pessoal,49100.0,24,0
102866,25,3052.67,6.7,723,2,nao,veiculo,10900.0,24,0
102867,46,8574.62,3.7,548,0,nao,educacao,29300.0,60,0
102868,58,6774.46,,746,3,sim,reforma,47300.0,36,0
102869,41,2827.85,1.3,775,1,nao,pessoal,10600.0,60,0
102870,47,3030.32,3.6,781,1,nao,veiculo,8100.0,48,0
102871,18,6203.37,1.0,831,2,nao,negocio,16100.0,24,0
102872,32,7573.27,10.8,678,1,nao,negocio,22000.0,36,1
102873,27,,0.7,801,0,nao,reforma,3300.0,60,0
102874,18,3788.61,2.0,851,0,nao,pessoal,11500.0,24,0
102875,41,3523.11,2.9,494,2,sim,pessoal,12800.0,24,0
102876,18,1586.12,0.5,562,1,nao,veiculo,6600.0,24,0
102877,24,3524.57,1.3,446,1,nao,veiculo,6800.0,60,1
102878,34,1652.77,7.0,778,3,sim,reforma,4500.0,24,0
102879,30,2556.36,1.4,444,0,nao,pessoal,7200.0,60,1
102880,45,2535.77,2.6,409,0,sim,negocio,5600.0,36,0
102881,44,2956.59,1.7,497,2,nao,reforma,7300.0,36,0
102882,51,3984.25,10.1,414,0,sim,negocio,23900.0,36,1
102883,49,2346.47,5.5,675,0,sim,negocio,18600.0,24,0
102884,54,9844.47,10.3,499,1,sim,veiculo,28600.0,24,0
102885,40,4884.68,0.6,420,3,sim,reforma,11200.0,48,1
102886,44,10443.01,2.3,635,0,sim,educacao,34800.0,48,0
102887,46,3640.91,0.5,642,0,sim,pessoal,13400.0,36,0
102888,42,2815.87,3.3,397,0,sim,pessoal,14900.0,36,0
102889,35,9243.16,2.1,547,2,nao,pessoal,25500.0,36,1
102890,36,2587.53,0.1,630,1,nao,veiculo,6500.0,36,0
102891,30,2995.39,,594,1,nao,reforma,45600.0,60,1
102892,45,5845.56,,597,1,sim,pessoal,9400.0,12,0
102893,39,1863.97,5.5,793,2,sim,veiculo,11200.0,60,0
102894,32,5010.08,0.2,919,1,sim,reforma,42900.0,36,0
102895,32,4669.63,16.0,599,0,nao,educacao,14000.0,36,0
102896,25,6218.9,6.6,468,1,nao,pessoal,28300.0,24,0
102897,52,6761.1,7.9,610,1,sim,educacao,8700.0,36,0
102898,41,7698.32,1.7,665,0,sim,negocio,27300.0,24,0
102899,30,3109.31,3.5,633,2,sim,veiculo,21800.0,36,0
102900,50,,16.9,719,1,sim,veiculo,9700.0,24,0
102901,33,10946.86,4.7,928,0,nao,pessoal,39200.0,24,0
102902,23,1412.0,7.0,417,1,nao,reforma,14000.0,24,1
102903,52,1890.95,0.7,574,1,nao,negocio,10800.0,60,1
102904,34,4737.7,18.0,840,0,nao,pessoal,25400.0,60,0
102905,35,8589.13,3.8,572,1,nao,educacao,18500.0,36,0
102906,40,4133.2,0.6,743,1,nao,pessoal,3300.0,24,0
102907,54,7179.85,15.4,722,1,sim,educacao,31400.0,36,0
102908,40,1412.0,,801,0,nao,veiculo,5000.0,60,0
102909,26,2382.61,4.1,889,0,nao,veiculo,13200.0,48,0
102910,47,1433.49,0.7,683,1,sim,negocio,5400.0,60,0
102911,34,5333.23,3.5,413,1,sim,reforma,19200.0,48,1
102912,63,1769.48,0.6,549,1,sim,pessoal,6300.0,48,1
102913,40,1844.11,2.2,924,0,sim,educacao,3300.0,12,0
102914,18,3714.83,2.0,456,1,nao,pessoal,4300.0,24,1
102915,44,6979.15,10.4,705,0,sim,negocio,14400.0,60,0
102916,63,3797.07,2.3,313,1,sim,pessoal,6900.0,24,1
102917,59,5670.38,2.2,464,3,sim,veiculo,19300.0,12,0
102918,62,5570.28,4.2,755,1,sim,veiculo,7300.0,60,0
102919,28,2860.21,0.8,645,1,nao,veiculo,7500.0,48,0
102920,51,,3.5,591,0,sim,veiculo,25300.0,24,0
102921,31,4565.17,,534,0,nao,veiculo,15300.0,36,0
102922,43,5393.94,,380,1,nao,reforma,19400.0,12,1
102923,25,5059.05,0.7,730,1,nao,pessoal,17900.0,12,0
102924,32,4022.39,1.6,603,1,nao,educacao,16000.0,24,1
102925,32,1781.69,10.3,442,0,sim,pessoal,4500.0,48,1
102926,51,6057.81,3.2,644,1,sim,educacao,19200.0,24,0
102927,50,4140.85,3.4,716,2,sim,reforma,10500.0,60,0
102928,43,2952.25,3.2,614,0,sim,educacao,4200.0,12,0
102929,24,2595.42,1.1,655,0,nao,pessoal,18400.0,12,1
102930,36,2432.68,10.5,645,1,sim,educacao,5000.0,24,0
102931,31,5455.53,11.4,548,1,nao,reforma,49900.0,48,0
102932,50,1899.7,3.6,647,1,sim,negocio,4200.0,60,1
102933,54,2399.46,3.6,736,2,sim,pessoal,3700.0,24,0
102934,53,3458.51,6.7,775,0,nao,educacao,38700.0,36,0
102935,31,8128.11,15.0,743,1,nao,reforma,11700.0,12,0
102936,18,5000.18,2.0,552,1,nao,negocio,4500.0,12,0
102937,19,1412.0,1.0,723,1,nao,veiculo,2100.0,12,0
102938,57,8713.75,2.2,701,4,sim,pessoal,28100.0,12,0
102939,35,7381.2,2.6,548,1,sim,negocio,11600.0,60,1
102940,31,1754.28,6.1,580,0,nao,pessoal,4400.0,36,0
102941,60,1412.0,8.3,728,3,sim,reforma,1500.0,60,0
102942,55,3982.62,4.3,819,3,sim,pessoal,26800.0,60,0
102943,40,6904.21,,404,1,nao,negocio,31100.0,48,1
102944,36,8532.06,2.3,853,4,sim,veiculo,14000.0,24,0
102945,38,2254.73,9.6,791,2,sim,pessoal,2000.0,12,0
102946,43,10091.18,8.0,666,3,nao,educacao,20500.0,12,0
102947,59,1412.0,0.4,609,0,sim,pessoal,7300.0,12,0
102948,45,3213.08,6.3,691,4,nao,pessoal,21500.0,24,0
102949,49,3260.92,6.5,557,1,nao,educacao,9900.0,12,0
102950,54,7810.33,15.2,617,1,sim,pessoal,20200.0,48,0
102951,26,6404.59,10.0,448,1,nao,pessoal,15800.0,24,0
102952,49,6933.04,0.0,414,2,sim,veiculo,29100.0,36,0
102953,36,1691.87,7.6,943,2,sim,pessoal,10000.0,36,0
102954,18,4499.92,2.0,648,2,nao,negocio,14500.0,24,1
102955,18,3704.66,0.1,666,3,nao,educacao,10400.0,12,1
102956,28,1412.0,,636,1,nao,negocio,7900.0,36,1
102957,46,1412.0,5.2,532,1,sim,educacao,12100.0,60,0
102958,41,6665.25,11.6,600,0,sim,negocio,19600.0,48,0
102959,42,3448.88,,652,0,sim,pessoal,12700.0,60,0
102960,63,2043.8,2.0,614,3,sim,reforma,4600.0,24,0
102961,25,2759.28,3.8,542,2,nao,negocio,10100.0,60,1
102962,40,4549.52,,702,2,nao,reforma,9100.0,48,0
102963,44,3718.63,4.1,664,1,sim,negocio,30500.0,60,0
102964,31,1425.0,7.4,691,0,nao,negocio,8500.0,24,0
102965,40,10505.03,9.3,732,1,sim,pessoal,104300.0,60,1
102966,21,5083.28,,618,1,sim,veiculo,12700.0,36,0
102967,57,3445.96,7.5,618,0,sim,pessoal,41800.0,36,0
102968,32,2880.42,6.9,833,0,nao,negocio,11700.0,36,0
102969,64,5049.96,2.4,517,1,sim,negocio,16300.0,36,0
102970,40,2000.72,1.7,396,1,nao,veiculo,14900.0,60,0
102971,52,4948.74,14.2,712,1,sim,pessoal,9400.0,60,0
102972,39,1771.02,6.6,558,1,nao,pessoal,6300.0,48,0
102973,40,,6.7,500,2,nao,pessoal,11400.0,24,1
102974,33,1803.71,0.6,755,1,nao,veiculo,8100.0,36,0
102975,41,2036.16,7.7,621,2,sim,negocio,5500.0,24,0
102976,44,9622.18,0.0,476,0,nao,pessoal,24400.0,48,1
102977,31,3456.79,2.3,892,3,nao,reforma,9600.0,12,1
102978,38,4079.84,2.6,431,3,sim,educacao,12000.0,48,0
102979,33,1412.0,8.8,629,0,nao,educacao,5200.0,36,0
102980,68,2984.14,2.4,394,0,sim,pessoal,22600.0,24,1
102981,39,4745.15,5.8,675,1,sim,pessoal,4600.0,12,0
102982,59,4610.96,,557,0,sim,pessoal,25600.0,12,0
102983,38,1412.0,22.0,747,0,sim,pessoal,3700.0,60,0
102984,43,4314.58,13.9,638,1,sim,pessoal,13600.0,36,0
102985,24,3733.72,7.0,816,1,nao,veiculo,6800.0,36,0
102986,35,7119.4,1.5,584,3,sim,reforma,25600.0,12,0
102987,43,2685.04,6.3,431,0,nao,pessoal,7400.0,48,0
102988,59,1412.0,4.2,671,0,sim,reforma,4300.0,24,0
102989,43,2225.21,0.4,607,1,nao,veiculo,11100.0,24,0
102990,57,2266.59,8.4,403,1,sim,pessoal,11600.0,36,0
102991,48,6088.32,2.2,503,1,nao,pessoal,50000.0,12,1
102992,60,1412.0,4.7,544,2,sim,pessoal,3500.0,48,0
102993,39,,7.7,842,3,sim,veiculo,15200.0,60,0
102994,69,9077.96,12.5,732,0,sim,reforma,46500.0,36,0
102995,34,,6.0,595,3,nao,pessoal,12900.0,24,0
102996,31,5478.0,15.0,701,2,sim,pessoal,52700.0,24,1
102997,25,1412.0,0.2,375,1,nao,pessoal,3400.0,48,1
102998,68,,2.0,567,1,sim,pessoal,6600.0,24,0
102999,50,9135.29,10.3,692,3,sim,reforma,38400.0,60,0
103000,36,3759.57,5.5,661,0,nao,reforma,6400.0,48,0
103001,55,4386.2,3.0,570,1,sim,reforma,32800.0,24,1
103002,48,2195.04,2.7,635,1,sim,reforma,7200.0,24,0
103003,64,4380.19,8.5,684,1,sim,pessoal,19900.0,24,0
103004,21,1557.95,1.5,639,1,nao,pessoal,14100.0,24,1
103005,37,6911.29,14.2,752,1,sim,veiculo,27500.0,60,0
103006,34,15565.2,3.1,681,3,nao,reforma,55800.0,36,0
103007,18,3653.87,0.5,706,2,nao,educacao,13300.0,48,1
103008,53,2922.5,7.1,863,0,sim,reforma,5600.0,24,0
103009,37,,0.7,748,2,sim,reforma,3900.0,24,0
103010,49,1624.21,9.4,866,1,sim,educacao,5200.0,36,0
103011,68,9745.79,3.0,553,0,sim,educacao,36200.0,60,0
103012,36,2018.96,9.2,433,2,nao,negocio,16200.0,48,1
103013,35,2865.65,5.9,622,1,nao,pessoal,17500.0,24,0
103014,41,5400.24,2.6,611,0,sim,pessoal,13300.0,60,0
103015,52,9364.45,5.3,830,1,sim,veiculo,32300.0,24,0
103016,33,3073.41,7.9,493,3,nao,veiculo,24900.0,36,1
103017,32,2711.96,1.0,630,0,nao,pessoal,3400.0,60,0
103018,53,4310.5,5.7,693,1,sim,reforma,13200.0,36,0
103019,45,2785.58,1.5,653,0,sim,veiculo,4500.0,60,0
103020,18,2042.18,0.8,618,1,nao,veiculo,31000.0,60,1
103021,25,,9.0,687,0,nao,pessoal,21600.0,12,0
103022,58,4588.59,2.1,780,2,nao,veiculo,11900.0,48,0
103023,45,12705.56,15.8,840,1,nao,reforma,43500.0,48,0
103024,31,4259.42,7.9,644,1,nao,pessoal,9100.0,24,0
103025,38,6855.93,0.9,534,2,nao,pessoal,79300.0,60,1
103026,40,2065.95,3.5,839,0,sim,veiculo,1800.0,60,0
103027,49,5475.65,6.7,500,1,nao,negocio,23300.0,24,1
103028,24,2050.65,8.0,873,0,nao,pessoal,6900.0,24,0
103029,30,4106.75,10.3,815,1,nao,pessoal,7800.0,24,0
103030,43,5622.39,5.7,834,1,sim,pessoal,16900.0,24,0
103031,39,3784.39,15.8,729,4,nao,pessoal,5000.0,36,0
103032,47,15101.79,2.7,365,4,sim,reforma,135600.0,36,1
103033,25,6785.95,2.4,505,2,nao,pessoal,24100.0,12,0
103034,44,,3.1,680,0,nao,veiculo,45100.0,36,0
103035,53,6309.26,12.7,552,0,sim,negocio,16500.0,24,1
103036,46,10486.88,12.2,599,1,nao,pessoal,82200.0,60,0
103037,42,1727.67,0.5,720,0,nao,veiculo,6200.0,60,0
103038,39,7823.34,11.9,618,1,nao,negocio,52100.0,12,1
103039,30,1915.44,1.4,482,0,nao,veiculo,9400.0,24,1
103040,39,2699.51,2.6,755,2,nao,pessoal,9300.0,60,0
103041,55,,0.2,707,1,nao,pessoal,36000.0,24,0
103042,39,7255.26,1.6,608,2,sim,negocio,150000.0,60,0
103043,29,1729.57,1.5,732,0,nao,negocio,3100.0,12,0
103044,34,2619.1,4.2,652,4,nao,pessoal,8500.0,24,1
103045,42,4017.85,3.0,813,1,nao,reforma,6500.0,36,0
103046,36,3209.56,0.4,660,0,nao,pessoal,14400.0,24,0
103047,46,,12.8,812,0,nao,pessoal,25500.0,48,0
103048,46,26312.3,10.9,396,0,sim,negocio,150000.0,60,0
103049,51,5218.91,13.3,700,0,nao,veiculo,15700.0,36,0
103050,57,2765.73,3.0,588,2,sim,pessoal,17100.0,36,0
103051,52,2031.11,9.1,528,2,sim,veiculo,2000.0,48,1
103052,29,2727.68,1.0,791,0,nao,negocio,10500.0,48,0
103053,29,1944.89,7.5,756,2,nao,educacao,4000.0,12,0
103054,39,4761.72,1.4,379,0,nao,reforma,23800.0,36,0
103055,35,4505.81,10.5,733,2,nao,educacao,31500.0,36,0
103056,26,2430.76,10.0,717,1,nao,educacao,5900.0,24,0
103057,35,10469.65,1.3,546,0,sim,negocio,50700.0,48,0
103058,34,2316.91,5.8,531,1,sim,reforma,6500.0,60,1
103059,32,3172.6,6.9,433,2,nao,veiculo,11400.0,60,0
103060,36,5053.98,1.8,596,1,nao,negocio,22600.0,36,1
103061,54,6768.58,4.1,617,0,nao,veiculo,13000.0,48,0
103062,42,7688.85,13.1,744,0,nao,veiculo,14800.0,24,0
103063,70,5245.31,7.1,675,2,sim,negocio,30900.0,12,1
103064,42,6787.66,4.4,502,2,nao,negocio,15800.0,36,0
103065,37,2495.7,6.9,671,0,nao,veiculo,18800.0,36,0
103066,40,6170.28,19.4,607,1,nao,veiculo,7400.0,60,0
103067,43,6332.37,0.4,518,0,nao,educacao,38800.0,48,0
103068,45,9040.77,1.0,433,2,sim,veiculo,31800.0,24,1
103069,65,1655.37,11.0,721,1,sim,veiculo,5500.0,12,0
103070,30,2006.08,6.9,698,2,nao,pessoal,7700.0,24,0
103071,50,6516.84,0.5,712,1,nao,pessoal,9600.0,24,0
103072,42,1412.0,0.7,545,1,nao,pessoal,9700.0,48,1
103073,21,3835.27,5.0,662,1,nao,veiculo,10400.0,60,0
103074,49,7347.55,4.3,461,2,sim,educacao,15600.0,24,0
103075,55,3018.18,8.4,512,3,nao,pessoal,38700.0,48,1
103076,30,2607.86,13.9,644,1,sim,pessoal,7400.0,48,0
103077,40,2062.71,2.9,674,2,nao,veiculo,4300.0,24,0
103078,19,2133.27,3.0,428,0,nao,pessoal,12200.0,12,1
103079,25,2359.74,1.5,503,0,sim,negocio,9700.0,12,0
103080,53,2846.52,9.1,592,2,sim,pessoal,18300.0,36,0
103081,34,2314.07,0.1,765,0,nao,educacao,8500.0,60,0
103082,27,2737.92,11.0,534,0,nao,veiculo,17000.0,36,0
103083,43,3294.87,,658,0,sim,negocio,39500.0,48,1
103084,34,9732.82,10.3,672,1,nao,veiculo,21600.0,36,1
103085,34,2795.27,0.3,608,3,nao,negocio,7400.0,24,1
103086,49,4956.78,0.7,675,1,sim,veiculo,6600.0,12,0
103087,26,2283.39,2.6,465,1,nao,reforma,10000.0,60,1
103088,29,2358.59,3.2,555,0,nao,pessoal,8900.0,36,0
103089,42,1491.38,4.2,826,1,sim,veiculo,11100.0,60,0
103090,52,1746.14,6.3,836,0,sim,pessoal,6000.0,24,0
103091,55,2133.6,7.0,750,1,sim,educacao,7100.0,24,0
103092,32,3748.19,2.2,783,0,nao,veiculo,14800.0,48,0
103093,51,7489.91,2.6,403,1,sim,reforma,22800.0,36,1
103094,31,1412.0,0.8,517,1,nao,pessoal,6200.0,48,0
103095,62,3063.84,5.8,600,0,sim,pessoal,12300.0,12,0
103096,26,1478.69,1.2,954,2,nao,reforma,7200.0,12,0
103097,56,3583.39,5.1,599,0,sim,veiculo,10900.0,36,0
103098,32,6122.15,16.0,737,0,nao,veiculo,29800.0,36,0
103099,64,3240.98,1.2,689,1,sim,negocio,16400.0,12,0
103100,47,,0.1,686,1,sim,pessoal,11300.0,36,0
103101,28,7168.93,12.0,637,0,sim,reforma,23900.0,36,0
103102,34,4466.37,2.1,484,0,nao,pessoal,14100.0,36,1
103103,49,2700.47,3.4,300,0,sim,reforma,4500.0,24,1
103104,53,4522.5,4.0,807,1,nao,veiculo,11800.0,60,0
103105,39,2335.68,17.7,560,1,nao,reforma,12900.0,12,0
103106,41,,11.0,397,1,sim,educacao,27600.0,24,1
103107,49,5446.17,0.1,697,0,sim,pessoal,23400.0,12,1
103108,42,1795.29,9.5,694,0,sim,pessoal,3400.0,24,0
103109,24,3360.63,7.3,740,0,nao,pessoal,21200.0,48,0
103110,30,3097.11,3.7,785,0,nao,reforma,32900.0,12,0
103111,43,5194.74,11.6,521,1,nao,pessoal,26000.0,12,0
103112,55,6546.32,6.7,526,1,sim,veiculo,22900.0,24,0
103113,59,5388.46,3.8,599,1,sim,veiculo,11200.0,12,0
103114,49,3471.96,1.8,747,1,sim,veiculo,12100.0,24,0
103115,43,6432.77,3.3,367,1,nao,veiculo,16700.0,24,0
103116,49,2537.78,11.5,657,0,sim,negocio,7900.0,24,0
103117,32,1638.78,16.0,761,1,nao,negocio,12400.0,60,0
103118,38,1412.0,2.1,756,0,nao,veiculo,8400.0,36,0
103119,30,,3.9,732,2,nao,negocio,9100.0,12,1
103120,25,1969.17,9.0,778,0,nao,educacao,7300.0,36,0
103121,44,4843.74,12.4,300,0,nao,pessoal,16900.0,12,1
103122,42,1412.0,7.5,850,0,nao,veiculo,3800.0,12,0
103123,48,2844.07,1.2,683,1,nao,veiculo,4400.0,24,0
103124,47,5204.03,,814,3,sim,educacao,29900.0,24,0
103125,43,2185.1,0.4,487,2,sim,negocio,15500.0,12,1
103126,47,5032.29,,412,3,sim,reforma,12200.0,24,0
103127,39,2710.39,2.5,872,1,nao,reforma,6400.0,36,0
103128,45,3863.65,,520,2,sim,reforma,23300.0,24,1
103129,31,4641.8,,600,2,sim,veiculo,10900.0,12,0
103130,44,6572.94,16.5,709,2,nao,veiculo,10000.0,60,0
103131,48,4271.88,3.2,740,1,nao,veiculo,11500.0,48,0
103132,32,2165.25,2.2,780,1,nao,educacao,17100.0,48,0
103133,41,2927.33,0.9,669,2,nao,reforma,7500.0,36,0
103134,33,4868.99,6.8,503,0,sim,pessoal,11500.0,36,1
103135,34,1979.89,3.6,732,0,nao,pessoal,5200.0,48,0
103136,27,2881.51,1.2,734,0,nao,veiculo,5100.0,24,0
103137,55,3351.56,2.8,404,0,sim,reforma,5300.0,60,1
103138,53,,9.7,824,0,sim,veiculo,11700.0,48,0
103139,46,2282.27,2.9,317,3,nao,veiculo,3400.0,24,1
103140,64,,8.3,774,2,sim,negocio,4100.0,24,0
103141,38,4847.16,3.6,558,3,nao,negocio,19900.0,24,1
103142,76,7042.29,5.0,732,2,sim,veiculo,30900.0,36,0
103143,37,1412.0,10.0,706,0,nao,reforma,4500.0,60,0
103144,43,4716.1,5.9,635,1,nao,veiculo,8000.0,36,1
103145,35,6375.77,0.8,699,0,nao,reforma,17400.0,24,0
103146,44,5401.49,,629,0,nao,pessoal,23300.0,36,0
103147,50,3295.29,8.4,733,5,nao,veiculo,16700.0,48,0
103148,39,2191.38,1.4,924,1,sim,reforma,6500.0,36,0
103149,61,4332.74,3.5,466,0,sim,veiculo,9900.0,36,0
103150,43,4412.12,0.4,300,1,sim,educacao,16200.0,36,0
103151,43,,6.6,586,1,sim,pessoal,11500.0,48,0
103152,29,2954.31,8.9,577,0,nao,pessoal,5600.0,36,1
103153,45,2168.85,4.1,591,1,sim,negocio,9100.0,48,0
103154,38,4592.67,2.9,520,2,sim,veiculo,16300.0,48,0
103155,33,4443.89,0.8,753,1,nao,pessoal,8000.0,60,0
103156,31,3736.76,14.8,460,0,sim,veiculo,9000.0,48,0
103157,72,4404.86,4.3,699,1,sim,pessoal,13800.0,36,0
103158,37,9060.87,7.9,723,2,nao,reforma,12700.0,60,0
103159,23,2135.14,7.0,681,2,nao,pessoal,4800.0,60,0
103160,32,6855.35,4.3,703,1,nao,negocio,35100.0,24,0
103161,39,2458.97,,763,1,nao,pessoal,6400.0,60,0
103162,47,7394.28,3.3,647,0,sim,veiculo,16000.0,60,0
103163,47,7917.98,7.6,595,2,sim,veiculo,53100.0,24,0
103164,48,3455.63,2.0,703,1,sim,pessoal,14900.0,24,0
103165,32,8446.65,6.3,718,1,nao,pessoal,44900.0,36,1
103166,44,5037.41,2.4,756,2,sim,pessoal,11000.0,36,0
103167,29,2013.43,,417,1,nao,pessoal,5900.0,60,0
103168,33,2792.04,4.5,616,3,sim,educacao,9700.0,24,1
103169,29,6082.16,13.0,502,2,nao,negocio,24400.0,48,0
103170,26,5210.28,6.0,713,0,nao,veiculo,71900.0,48,1
103171,53,,0.2,734,2,sim,veiculo,8500.0,48,0
103172,48,,11.1,604,0,nao,reforma,25200.0,36,1
103173,52,4634.83,0.5,545,2,sim,pessoal,64000.0,36,1
103174,40,2816.84,17.8,718,2,sim,veiculo,27600.0,24,0
103175,49,15003.21,3.3,623,1,sim,negocio,57700.0,12,1
103176,19,3231.75,3.0,825,0,nao,pessoal,22500.0,24,0
103177,50,4005.49,7.0,870,1,sim,pessoal,15100.0,24,0
103178,42,7330.71,2.8,770,0,nao,pessoal,25100.0,48,0
103179,48,3321.16,13.8,670,0,nao,veiculo,19300.0,60,0
103180,45,6846.53,2.2,877,0,sim,negocio,40700.0,24,0
103181,28,1412.0,3.2,671,0,nao,veiculo,6700.0,48,0
103182,22,2312.61,0.0,578,1,nao,pessoal,7300.0,12,0
103183,31,5958.12,0.7,552,2,nao,pessoal,15600.0,24,1
103184,47,9529.51,7.2,549,0,sim,educacao,16200.0,24,0
103185,48,2653.48,0.4,639,3,nao,veiculo,10200.0,24,1
103186,24,1870.85,8.0,700,1,nao,pessoal,7500.0,60,0
103187,28,4399.44,5.4,456,0,nao,pessoal,25300.0,36,1
103188,31,2375.24,0.3,582,1,sim,pessoal,3500.0,12,1
103189,36,3067.67,16.2,668,1,nao,negocio,11400.0,24,0
103190,24,4942.25,0.2,724,2,nao,veiculo,15300.0,60,0
103191,23,2231.52,2.8,637,1,nao,pessoal,7500.0,36,1
103192,30,1412.0,9.1,672,4,nao,negocio,10400.0,60,1
103193,41,1841.2,0.7,479,2,sim,negocio,13900.0,36,1
103194,26,3153.22,4.4,521,2,nao,pessoal,20300.0,36,1
103195,39,1412.0,6.9,632,0,sim,pessoal,5200.0,36,0
103196,53,3519.16,0.9,706,0,sim,negocio,11000.0,48,1
103197,24,1419.27,2.6,670,2,sim,pessoal,10200.0,60,1
103198,38,8970.58,0.4,530,1,nao,pessoal,87600.0,12,0
103199,52,,0.6,609,0,sim,veiculo,124500.0,36,0
103200,35,1963.54,0.1,837,0,sim,educacao,9200.0,24,0
103201,33,3950.24,6.3,711,0,sim,veiculo,14200.0,60,0
103202,54,2443.52,2.9,619,3,sim,pessoal,13000.0,48,0
103203,36,2999.7,,507,2,nao,reforma,16500.0,24,1
103204,53,11173.78,7.9,547,2,sim,educacao,30800.0,36,0
103205,45,3043.41,3.7,641,1,sim,pessoal,9500.0,36,0
103206,36,3038.35,5.8,676,0,nao,pessoal,66200.0,60,0
103207,46,2367.62,0.9,714,0,nao,reforma,6500.0,36,0
103208,44,7310.61,0.5,690,0,nao,pessoal,42700.0,12,0
103209,52,1412.0,4.2,592,1,sim,reforma,3600.0,48,0
103210,33,2688.6,3.9,574,3,nao,pessoal,8700.0,12,0
103211,40,3631.19,11.4,906,0,sim,educacao,7300.0,36,0
103212,39,2559.63,6.5,568,1,nao,pessoal,5200.0,36,1
103213,48,6528.21,2.0,472,1,sim,pessoal,33100.0,48,1
103214,28,6236.98,6.2,427,1,nao,pessoal,29400.0,36,1
103215,52,1906.06,0.3,594,0,sim,pessoal,20100.0,24,0
103216,46,12574.79,8.3,762,3,nao,veiculo,44700.0,60,0
103217,24,1412.0,7.0,565,1,nao,veiculo,5400.0,60,0
103218,54,8418.3,1.7,832,1,sim,educacao,28700.0,36,0
103219,67,4499.95,3.2,639,1,sim,reforma,8800.0,36,0
103220,52,3141.27,1.1,784,3,sim,veiculo,15700.0,36,0
103221,57,3308.55,15.7,541,2,sim,educacao,10500.0,36,0
103222,41,3697.22,1.3,544,1,nao,pessoal,5500.0,12,0
103223,20,,3.5,652,1,nao,reforma,22000.0,36,0
103224,18,1687.98,2.0,703,1,nao,veiculo,4200.0,24,0
103225,43,3385.18,0.1,617,1,sim,pessoal,14400.0,48,0
103226,33,2244.97,4.4,678,1,nao,reforma,9800.0,60,0
103227,29,1672.07,6.5,717,1,nao,negocio,6600.0,12,0
103228,39,2348.87,23.0,455,1,sim,pessoal,4500.0,48,1
103229,47,2134.64,0.6,596,1,sim,reforma,17300.0,12,0
103230,23,,1.5,573,1,nao,veiculo,5400.0,12,0
103231,35,4457.63,1.8,579,1,nao,veiculo,3600.0,12,0
103232,58,4428.46,13.4,693,1,sim,pessoal,25800.0,36,0
103233,27,9413.47,5.0,574,1,nao,pessoal,53800.0,60,1
103234,50,1412.0,1.1,379,2,sim,pessoal,2400.0,24,1
103235,34,4494.56,7.1,609,0,nao,educacao,15700.0,60,0
103236,47,4032.21,0.3,502,0,nao,pessoal,27000.0,36,1
103237,53,6490.11,1.8,705,3,sim,veiculo,53000.0,24,0
103238,49,6083.2,5.5,745,0,nao,pessoal,30700.0,36,0
103239,51,3784.51,9.3,357,3,sim,pessoal,21800.0,36,1
103240,26,3448.39,9.4,539,0,nao,veiculo,18600.0,36,1
103241,53,2752.26,8.0,686,2,sim,veiculo,8900.0,36,0
103242,30,4630.47,7.8,457,1,nao,veiculo,8400.0,24,1
103243,43,1412.0,,742,1,sim,reforma,4200.0,48,0
103244,43,5902.21,0.8,776,4,nao,reforma,40600.0,24,0
103245,46,3925.65,10.6,619,0,sim,pessoal,26800.0,60,1
103246,44,2977.37,4.6,539,0,nao,pessoal,11800.0,36,0
103247,30,,5.3,340,1,nao,pessoal,8300.0,24,1
103248,24,2796.14,4.4,746,0,sim,veiculo,27700.0,60,0
103249,50,8458.56,1.6,900,1,nao,pessoal,31900.0,24,0
103250,42,22545.28,,873,2,sim,veiculo,115700.0,24,0
103251,54,8105.89,1.9,615,5,sim,pessoal,13800.0,48,0
103252,39,2698.04,0.5,498,1,sim,veiculo,9100.0,24,0
103253,23,4255.96,3.8,749,0,nao,veiculo,28600.0,36,0
103254,52,6001.4,5.3,624,1,sim,negocio,9200.0,36,0
103255,36,2137.84,0.0,702,2,nao,negocio,7300.0,48,0
103256,44,1945.43,4.9,679,3,sim,negocio,8700.0,36,0
103257,32,3272.11,1.2,652,1,sim,reforma,27000.0,48,1
103258,60,6461.75,2.1,774,1,sim,negocio,40600.0,60,0
103259,29,1412.0,5.2,779,0,nao,pessoal,13600.0,48,0
103260,36,2392.03,4.1,572,0,sim,veiculo,13800.0,24,1
103261,41,5160.18,,520,3,nao,reforma,30800.0,48,0
103262,27,3251.77,11.0,315,0,nao,veiculo,6400.0,60,1
103263,44,8481.38,10.7,595,3,sim,pessoal,16400.0,36,0
103264,59,1906.77,6.3,498,1,sim,reforma,18300.0,48,0
103265,34,12659.67,10.5,694,5,nao,negocio,33800.0,36,1
103266,45,1688.37,0.7,596,1,sim,veiculo,4300.0,12,0
103267,18,1412.0,2.0,610,0,nao,pessoal,1200.0,48,0
103268,40,3605.27,3.6,746,1,nao,pessoal,23800.0,36,0
103269,36,1905.38,5.4,692,2,sim,pessoal,3400.0,24,0
103270,30,3234.32,4.4,625,1,nao,educacao,6900.0,36,0
103271,53,3979.32,6.7,859,0,sim,veiculo,26900.0,36,0
103272,36,3193.0,3.7,736,1,nao,pessoal,3000.0,48,0
103273,38,,4.7,586,2,nao,negocio,18100.0,60,1
103274,35,4458.07,4.0,592,0,nao,veiculo,9500.0,48,0
103275,18,2351.57,2.0,742,0,nao,educacao,7500.0,60,0
103276,26,5754.39,1.5,666,1,nao,educacao,12600.0,24,1
103277,52,3752.63,3.1,494,1,sim,reforma,5900.0,24,0
103278,18,1647.18,2.0,756,1,nao,negocio,3700.0,48,0
103279,31,1412.0,4.4,803,1,nao,negocio,3000.0,36,0
103280,35,3196.62,1.2,794,1,nao,pessoal,5300.0,60,0
103281,61,2061.84,6.4,841,3,sim,pessoal,18200.0,48,1
103282,49,1952.28,2.9,909,1,sim,negocio,3800.0,12,0
103283,33,4584.41,0.2,865,0,sim,reforma,5200.0,48,1
103284,56,1558.84,5.7,684,2,sim,veiculo,1600.0,24,0
103285,31,7275.2,,613,1,nao,negocio,33100.0,36,0
103286,52,,0.8,402,0,sim,reforma,5600.0,48,0
103287,24,,0.4,641,0,nao,veiculo,9400.0,48,0
103288,53,2345.6,4.1,707,1,sim,pessoal,26800.0,24,1
103289,35,5350.34,0.2,646,0,nao,negocio,20900.0,48,0
103290,28,3214.86,7.2,395,0,nao,educacao,13700.0,60,0
103291,37,2467.05,,603,2,sim,negocio,6300.0,24,0
103292,43,4297.26,5.2,724,1,nao,educacao,14900.0,12,0
103293,34,1412.0,5.0,507,0,nao,pessoal,4300.0,12,1
103294,47,1634.53,0.1,662,0,sim,veiculo,6900.0,36,0
103295,33,1852.36,14.3,696,1,nao,pessoal,17500.0,24,1
103296,47,4869.66,1.1,785,2,nao,pessoal,13200.0,36,0
103297,45,3926.96,5.2,863,4,sim,educacao,8600.0,12,0
103298,39,6556.09,23.0,591,1,sim,pessoal,21900.0,24,0
103299,35,2118.61,3.0,664,0,sim,veiculo,13200.0,24,0
103300,42,5223.52,2.5,668,2,sim,negocio,14900.0,60,0
103301,47,3774.08,7.8,724,1,nao,educacao,15500.0,24,0
103302,65,2466.96,1.7,710,1,sim,pessoal,11700.0,12,0
103303,51,5122.18,,825,0,sim,pessoal,65200.0,24,0
103304,52,3996.24,2.0,337,0,sim,veiculo,24300.0,60,1
103305,77,,10.4,694,2,sim,veiculo,6100.0,36,0
103306,46,4068.91,6.2,703,1,sim,negocio,3800.0,60,0
103307,46,3702.6,3.5,609,0,nao,veiculo,14200.0,24,0
103308,48,3730.92,32.0,346,2,nao,pessoal,8600.0,12,0
103309,28,2566.27,5.4,632,1,nao,reforma,6700.0,36,0
103310,35,1714.35,1.1,548,0,nao,veiculo,3300.0,48,0
103311,34,3617.75,7.8,858,1,nao,educacao,9400.0,60,0
103312,48,2610.89,16.3,689,1,sim,pessoal,6700.0,24,0
103313,38,2076.75,6.9,537,0,sim,veiculo,6800.0,60,0
103314,42,3335.82,5.9,373,1,nao,veiculo,7800.0,36,0
103315,53,6205.13,2.6,717,1,sim,veiculo,14100.0,36,0
103316,50,4589.4,1.9,730,1,sim,veiculo,22100.0,60,0
103317,38,2717.89,10.8,612,0,sim,veiculo,9500.0,36,0
103318,32,2474.4,1.8,718,1,nao,reforma,8700.0,48,0
103319,54,5878.84,0.0,595,3,sim,pessoal,20000.0,36,1
103320,49,1412.0,2.2,779,1,sim,pessoal,2900.0,12,1
103321,21,4536.64,0.8,769,0,nao,pessoal,37600.0,12,0
103322,36,,6.7,427,1,sim,pessoal,16700.0,60,0
103323,42,1748.28,1.9,459,1,nao,veiculo,12900.0,60,1
103324,49,3091.41,4.5,904,0,sim,pessoal,3800.0,60,0
103325,51,,0.5,761,0,sim,pessoal,32200.0,48,0
103326,43,9685.73,18.1,476,1,nao,negocio,51800.0,36,0
103327,47,5926.02,,436,2,nao,veiculo,13200.0,24,1
103328,41,4581.89,,667,1,sim,educacao,10500.0,36,0
103329,32,1412.0,10.7,491,1,nao,reforma,2200.0,36,0
103330,37,3921.97,0.1,599,1,nao,pessoal,11000.0,24,1
103331,40,2753.1,23.5,634,1,nao,veiculo,5900.0,48,0
103332,40,2376.5,2.0,628,0,nao,veiculo,2000.0,12,0
103333,18,3048.84,2.0,786,0,nao,pessoal,21300.0,36,0
103334,35,,4.0,879,1,nao,pessoal,12200.0,48,0
103335,41,6074.67,2.9,578,2,nao,pessoal,9500.0,60,1
103336,37,1412.0,6.9,493,0,nao,pessoal,8300.0,36,1
103337,37,3749.54,14.7,691,2,nao,pessoal,14200.0,24,0
103338,46,2451.68,7.6,852,0,sim,pessoal,17200.0,36,0
103339,27,2536.92,1.9,588,1,nao,veiculo,13800.0,12,1
103340,20,3410.04,1.4,751,1,nao,pessoal,7500.0,12,0
103341,36,1923.44,2.8,531,3,nao,educacao,10100.0,60,1
103342,49,4489.77,6.9,643,2,nao,pessoal,24100.0,12,0
103343,60,3687.23,4.1,489,1,sim,reforma,24300.0,36,0
103344,49,2852.37,7.0,641,2,sim,educacao,18200.0,36,0
103345,22,2291.19,6.0,625,1,nao,veiculo,27900.0,60,0
103346,37,3304.8,0.6,719,2,nao,pessoal,20500.0,48,0
103347,43,2523.79,4.2,871,1,sim,pessoal,5500.0,48,0
103348,42,3822.89,6.7,589,0,nao,pessoal,14900.0,48,0
103349,46,3411.93,,380,1,sim,pessoal,6400.0,24,1
103350,29,2330.62,13.0,614,0,nao,veiculo,16900.0,24,0
103351,41,9028.86,6.7,679,0,nao,reforma,18900.0,24,0
103352,45,4943.33,1.9,666,1,sim,veiculo,66000.0,36,0
103353,50,3357.41,1.2,620,1,sim,negocio,9900.0,12,0
103354,30,3579.98,14.0,833,1,nao,negocio,12200.0,60,0
103355,36,2021.59,7.3,658,4,nao,pessoal,5400.0,24,0
103356,18,2202.06,2.0,626,0,nao,reforma,5000.0,24,0
103357,33,2876.34,2.8,539,1,nao,pessoal,7300.0,36,1
103358,34,1748.91,0.3,413,1,nao,educacao,7000.0,24,1
103359,28,3984.56,9.8,683,1,nao,reforma,14100.0,24,0
103360,42,2883.54,3.9,672,2,sim,veiculo,7800.0,60,0
103361,39,3028.14,8.8,502,0,nao,veiculo,12700.0,24,0
103362,18,2047.92,2.0,634,0,nao,veiculo,5200.0,48,0
103363,43,19600.85,3.7,621,1,sim,pessoal,68400.0,48,0
103364,29,,2.6,559,4,sim,veiculo,22900.0,24,1
103365,46,1412.0,,537,2,sim,negocio,3500.0,24,1
103366,25,1412.0,0.7,693,2,nao,veiculo,4100.0,36,0
103367,40,5654.29,1.4,611,1,sim,pessoal,9900.0,60,0
103368,37,7503.93,4.3,563,0,nao,veiculo,21400.0,48,0
103369,44,2674.96,10.5,528,0,nao,reforma,11700.0,24,1
103370,41,7609.79,2.6,623,1,sim,veiculo,19400.0,12,0
103371,37,5410.02,0.7,760,0,sim,pessoal,9600.0,36,0
103372,22,2674.26,3.1,667,1,nao,reforma,11600.0,36,0
103373,22,2571.89,0.0,609,1,nao,pessoal,11900.0,24,0
103374,33,3788.76,1.8,680,0,sim,veiculo,19200.0,36,0
103375,40,6033.93,1.1,817,0,nao,veiculo,10000.0,60,0
103376,33,4267.69,11.8,704,0,nao,educacao,34000.0,60,0
103377,48,2798.09,6.9,674,2,sim,negocio,7300.0,48,0
103378,37,3269.26,0.0,723,0,sim,educacao,6300.0,60,0
103379,28,9574.24,1.7,619,0,nao,educacao,62000.0,24,0
103380,37,4131.11,1.3,664,1,nao,pessoal,32200.0,12,0
103381,43,6210.26,1.1,576,2,nao,reforma,18000.0,36,1
103382,44,5237.58,1.4,438,2,nao,reforma,11100.0,48,1
103383,63,4816.31,1.2,685,1,sim,educacao,22000.0,60,0
103384,32,3596.73,11.9,685,0,nao,educacao,5700.0,60,0
103385,39,6031.65,2.2,603,1,sim,pessoal,97600.0,36,0
103386,45,5841.05,3.2,775,0,sim,pessoal,11000.0,24,0
103387,40,4305.7,0.2,546,2,nao,educacao,18700.0,24,1
103388,34,2370.64,,410,1,nao,pessoal,7500.0,36,0
103389,21,3617.18,5.0,549,1,nao,pessoal,7300.0,48,0
103390,34,3346.37,1.5,440,2,nao,negocio,6700.0,36,1
103391,27,2682.4,11.0,684,0,nao,negocio,18500.0,24,0
103392,19,12401.72,0.2,542,1,nao,pessoal,54100.0,36,0
103393,30,1417.16,7.9,768,3,nao,pessoal,3300.0,12,0
103394,27,5384.01,11.0,765,2,nao,veiculo,13500.0,36,0
103395,47,2500.06,10.2,520,1,sim,pessoal,5400.0,24,0
103396,47,4318.65,10.3,535,0,sim,pessoal,25600.0,60,0
103397,29,13397.44,13.0,709,1,nao,pessoal,81600.0,60,0
103398,37,2119.28,4.5,767,1,nao,educacao,10200.0,48,1
103399,18,1880.41,2.0,378,1,nao,veiculo,7700.0,12,1
103400,34,3438.72,1.7,677,2,nao,pessoal,17500.0,36,1
103401,45,2468.69,0.2,354,1,nao,reforma,3200.0,24,1
103402,50,6738.87,3.2,569,3,nao,pessoal,27800.0,12,0
103403,31,2493.72,0.0,782,1,sim,negocio,16600.0,36,1
103404,53,5937.97,6.3,1000,0,sim,pessoal,23900.0,24,0
103405,22,1428.8,5.2,609,0,nao,pessoal,5200.0,60,0
103406,25,1412.0,8.6,478,1,nao,veiculo,3400.0,60,0
103407,49,3616.59,1.6,573,0,sim,pessoal,9000.0,60,0
103408,60,1748.89,10.7,649,1,nao,pessoal,4500.0,12,0
103409,46,9164.38,2.3,553,4,nao,negocio,36700.0,36,0
103410,40,1605.45,,520,1,sim,negocio,4200.0,12,1
103411,18,1582.32,2.0,585,2,nao,negocio,1900.0,36,0
103412,18,,0.2,691,0,nao,reforma,19900.0,36,0
103413,42,2758.27,0.2,618,1,nao,pessoal,13200.0,36,0
103414,36,1542.68,1.7,525,1,nao,negocio,6700.0,12,1
103415,27,9759.41,0.8,553,0,nao,reforma,19500.0,12,0
103416,41,2170.84,1.4,586,1,nao,veiculo,5700.0,24,0
103417,41,3380.66,1.7,510,1,nao,reforma,16200.0,24,1
103418,51,3693.61,,548,0,sim,veiculo,13100.0,24,0
103419,42,5628.11,0.4,724,2,nao,reforma,13000.0,60,0
103420,55,5343.9,5.3,610,2,nao,educacao,40800.0,12,0
103421,40,2363.3,9.3,412,1,nao,negocio,5000.0,24,1
103422,39,3077.91,0.5,773,4,sim,educacao,1800.0,60,0
103423,53,3657.77,0.4,694,3,nao,negocio,13500.0,60,0
103424,28,4861.32,7.5,460,0,nao,veiculo,18400.0,24,1
103425,74,2179.48,3.1,593,0,sim,pessoal,7900.0,60,0
103426,45,11936.7,5.4,537,0,sim,reforma,53200.0,24,0
103427,45,2591.16,7.3,728,2,nao,veiculo,6500.0,36,0
103428,46,,0.8,592,0,sim,pessoal,25600.0,60,0
103429,63,2189.49,3.2,631,1,sim,veiculo,3400.0,36,0
103430,50,2029.27,14.7,615,1,sim,veiculo,7000.0,24,0
103431,21,1808.87,2.4,448,0,nao,veiculo,4300.0,36,0
103432,57,2429.96,13.6,823,0,sim,reforma,15600.0,48,0
103433,36,2831.47,3.7,726,4,nao,negocio,6200.0,60,1
103434,41,2198.08,1.4,543,1,sim,pessoal,8000.0,24,0
103435,25,4535.88,9.0,665,0,nao,educacao,16700.0,24,0
103436,46,2584.77,6.8,767,0,sim,pessoal,10200.0,48,0
103437,32,2072.26,,647,2,nao,veiculo,4700.0,24,0
103438,41,3034.0,,842,1,nao,educacao,13200.0,24,0
103439,37,6211.73,0.2,1000,2,nao,negocio,22100.0,24,0
103440,63,,2.1,624,0,sim,pessoal,20100.0,24,0
103441,64,3922.9,2.1,564,2,sim,educacao,35300.0,36,0
103442,41,,4.6,511,1,nao,negocio,6400.0,48,1
103443,41,,7.0,352,0,nao,pessoal,3900.0,12,1
103444,36,1760.35,7.8,802,2,nao,veiculo,20000.0,36,0
103445,53,8503.09,3.6,594,0,sim,educacao,53600.0,48,0
103446,36,4760.94,13.3,754,0,sim,pessoal,24700.0,36,0
103447,35,2187.73,2.6,780,1,nao,reforma,6900.0,48,0
103448,52,3038.18,1.3,499,1,nao,veiculo,16600.0,60,1
103449,34,2205.21,18.0,519,1,nao,veiculo,2200.0,24,0
103450,40,2287.76,4.0,867,1,sim,veiculo,20200.0,60,0
103451,21,3768.97,3.9,631,0,nao,pessoal,22600.0,60,0
103452,48,3466.13,0.2,554,0,nao,pessoal,10900.0,24,1
103453,63,13017.62,9.4,504,2,sim,negocio,76800.0,60,0
103454,49,8159.42,4.6,622,1,nao,reforma,41400.0,36,0
103455,58,8515.39,2.5,836,0,sim,veiculo,16300.0,60,0
103456,30,4779.71,14.0,729,0,nao,reforma,18600.0,48,0
103457,43,3051.43,5.4,664,0,sim,pessoal,13400.0,60,0
103458,29,4531.83,3.1,847,0,nao,pessoal,14600.0,24,0
103459,37,2969.88,10.6,821,4,sim,veiculo,9100.0,48,0
103460,49,,,683,2,sim,pessoal,60400.0,12,0
103461,41,4703.78,0.8,1000,2,nao,pessoal,18300.0,60,0
103462,23,3477.24,7.0,608,3,nao,reforma,37600.0,24,1
103463,24,3272.93,8.0,783,1,nao,negocio,7700.0,24,0
103464,23,7838.81,,589,1,sim,pessoal,35100.0,60,0
103465,46,1807.08,0.9,757,0,sim,veiculo,3600.0,36,0
103466,65,11389.82,4.1,608,1,nao,reforma,59900.0,48,0
103467,56,3740.72,3.8,700,2,sim,educacao,6700.0,24,0
103468,18,1412.0,1.9,951,2,nao,pessoal,5900.0,36,0
103469,57,2739.97,1.5,764,1,sim,educacao,19500.0,60,0
103470,51,1671.49,0.6,702,0,sim,negocio,6000.0,60,0
103471,21,4191.87,3.3,539,1,nao,pessoal,8100.0,36,1
103472,36,,2.9,664,1,sim,pessoal,12400.0,48,1
103473,53,4546.82,2.6,509,2,nao,reforma,19800.0,36,0
103474,47,7497.75,31.0,755,1,sim,pessoal,24900.0,60,0
103475,24,2108.94,3.2,752,0,nao,pessoal,4100.0,48,0
103476,47,3467.13,7.7,617,3,nao,educacao,4600.0,36,0
103477,18,1412.0,2.0,856,0,nao,reforma,19100.0,36,0
103478,37,2906.01,2.2,838,1,nao,reforma,7200.0,24,0
103479,54,17070.89,15.6,659,1,sim,reforma,32900.0,60,0
103480,40,5712.53,0.2,714,1,nao,veiculo,24100.0,24,0
103481,34,3001.55,4.4,564,0,nao,educacao,5700.0,24,0
103482,51,2960.13,6.8,605,1,sim,negocio,14000.0,36,0
103483,52,4047.96,14.3,500,1,sim,educacao,31900.0,48,0
103484,56,4451.27,,578,1,nao,veiculo,8300.0,48,0
103485,50,3290.94,6.5,626,2,sim,educacao,9600.0,24,0
103486,53,5546.65,15.7,424,2,nao,educacao,25100.0,24,0
103487,49,2428.03,0.2,715,1,sim,veiculo,4100.0,24,0
103488,43,2272.68,17.2,773,0,sim,pessoal,4600.0,36,0
103489,41,4616.43,0.4,639,1,sim,veiculo,15100.0,60,0
103490,37,1891.98,,300,1,nao,veiculo,21500.0,60,1
103491,25,4620.14,9.0,607,2,nao,pessoal,9700.0,36,0
103492,29,3236.48,1.5,459,1,nao,pessoal,9600.0,24,1
103493,37,1412.0,8.7,561,0,nao,pessoal,21900.0,24,1
103494,43,4088.99,21.2,829,1,sim,pessoal,23100.0,60,0
103495,57,1640.22,,324,0,sim,veiculo,2100.0,48,0
103496,39,5391.4,,534,1,sim,reforma,16400.0,12,0
103497,52,3614.19,0.6,748,3,sim,reforma,18000.0,12,1
103498,53,11470.26,,549,2,sim,reforma,95600.0,36,1
103499,37,6485.7,4.5,539,2,sim,veiculo,52400.0,36,0
103500,47,2242.08,3.5,904,0,nao,educacao,11000.0,60,0
103501,37,1412.0,8.6,689,3,nao,reforma,7600.0,12,0
103502,56,2735.61,23.9,761,0,sim,reforma,4400.0,60,0
103503,48,2074.02,7.8,704,3,sim,educacao,4800.0,60,0
103504,26,8560.03,10.0,661,0,nao,pessoal,13800.0,24,1
103505,42,3786.46,0.0,804,2,sim,veiculo,24600.0,24,0
103506,60,6924.33,13.5,888,1,sim,educacao,30400.0,24,0
103507,38,3111.85,4.6,421,0,nao,pessoal,11600.0,48,0
103508,45,3563.84,4.9,635,0,nao,pessoal,31500.0,12,0
103509,47,3946.54,1.4,634,0,sim,veiculo,19100.0,60,0
103510,28,5917.88,12.0,584,1,nao,veiculo,41000.0,48,0
103511,46,4719.34,12.7,768,1,sim,negocio,26000.0,48,0
103512,23,1682.71,5.0,673,2,sim,educacao,9800.0,48,1
103513,32,8269.9,8.8,890,3,nao,pessoal,15500.0,12,0
103514,53,3527.58,9.8,783,1,nao,veiculo,22200.0,48,0
103515,44,3029.47,1.0,817,1,sim,educacao,14100.0,36,0
103516,36,,10.0,484,2,nao,reforma,3900.0,12,1
103517,45,5576.58,8.4,535,2,nao,veiculo,29400.0,24,0
103518,39,3892.35,3.6,546,2,nao,pessoal,29500.0,36,0
103519,40,3934.4,6.3,812,0,nao,negocio,13000.0,36,0
103520,48,3253.17,0.0,514,0,sim,veiculo,7300.0,24,0
103521,31,2438.53,,518,0,sim,pessoal,5600.0,36,0
103522,40,3039.0,0.4,494,1,sim,pessoal,4600.0,60,0
103523,36,4587.68,6.4,998,4,nao,educacao,14500.0,24,0
103524,21,4158.49,5.0,622,3,nao,reforma,20700.0,24,0
103525,29,2872.76,8.0,709,0,nao,pessoal,28500.0,36,0
103526,59,6983.69,9.1,492,1,sim,veiculo,15100.0,36,0
103527,45,3766.78,0.8,765,0,sim,negocio,16400.0,60,0
103528,24,2312.83,8.0,409,0,nao,veiculo,8200.0,36,0
103529,22,,,513,1,nao,veiculo,11500.0,24,0
103530,39,1743.32,,545,0,nao,pessoal,2400.0,24,0
103531,59,4709.85,,668,1,sim,pessoal,9000.0,12,0
103532,38,1558.59,0.4,537,1,sim,negocio,16200.0,48,0
103533,56,2354.7,9.3,838,2,sim,pessoal,15100.0,24,0
103534,44,1412.0,2.7,705,4,nao,pessoal,5900.0,48,0
103535,46,3610.92,0.1,550,0,nao,pessoal,16700.0,36,0
103536,24,7397.16,4.8,770,0,nao,pessoal,40400.0,48,0
103537,51,3885.57,6.1,589,0,sim,veiculo,10400.0,24,0
103538,36,5066.29,4.6,563,2,nao,negocio,13900.0,24,0
103539,50,15111.17,0.3,756,2,sim,pessoal,36600.0,36,0
103540,30,4126.23,8.3,321,0,nao,pessoal,16000.0,24,1
103541,42,2499.87,1.6,736,0,sim,veiculo,4400.0,36,0
103542,44,2755.95,4.4,547,0,nao,negocio,6500.0,48,1
103543,38,3641.32,3.7,547,1,nao,negocio,17300.0,60,1
103544,45,2777.54,5.6,895,1,nao,negocio,7900.0,36,0
103545,37,2647.01,2.0,571,1,nao,pessoal,3200.0,24,0
103546,32,5824.83,0.2,764,1,nao,reforma,16200.0,24,0
103547,59,,1.7,676,2,sim,reforma,35400.0,60,0
103548,53,1675.1,1.1,690,1,sim,pessoal,6300.0,24,0
103549,31,2133.52,7.8,607,2,sim,reforma,2700.0,12,0
103550,47,3112.98,8.1,601,1,nao,reforma,20200.0,60,0
103551,31,4651.85,1.7,839,1,nao,reforma,14000.0,12,0
103552,26,5880.49,4.7,761,2,nao,pessoal,25200.0,48,0
103553,52,18315.43,5.8,575,1,sim,pessoal,120000.0,12,0
103554,20,2232.36,4.0,504,2,nao,veiculo,7300.0,48,1
103555,51,3296.99,24.3,564,0,sim,pessoal,3700.0,24,0
103556,37,4973.34,7.6,768,2,nao,pessoal,49900.0,60,0
103557,37,2472.32,21.0,793,3,nao,reforma,2300.0,12,0
103558,45,3640.52,4.0,712,1,nao,pessoal,10400.0,24,0
103559,47,3197.96,0.3,430,0,sim,pessoal,24400.0,48,0
103560,30,1412.0,3.0,738,0,nao,pessoal,3300.0,36,0
103561,49,4389.67,4.4,809,0,sim,pessoal,10500.0,36,0
103562,41,3406.6,17.4,663,1,nao,pessoal,10500.0,36,0
103563,25,6225.43,6.6,897,0,nao,educacao,19600.0,36,0
103564,38,,4.2,468,2,nao,educacao,7600.0,60,1
103565,57,2078.3,,729,1,sim,pessoal,5000.0,48,0
103566,60,3595.59,2.1,507,2,sim,veiculo,24000.0,36,0
103567,49,1412.0,2.7,778,0,sim,pessoal,3600.0,24,0
103568,26,1611.14,1.2,720,1,nao,pessoal,7600.0,36,0
103569,46,5639.55,2.3,874,0,nao,educacao,11400.0,60,0
103570,50,3616.93,1.2,705,0,sim,negocio,29100.0,24,1
103571,49,6813.15,2.8,587,4,sim,pessoal,41900.0,24,0
103572,49,1412.0,3.3,576,0,sim,educacao,4700.0,12,0
103573,44,3406.1,,607,1,nao,pessoal,17500.0,36,0
103574,39,,20.8,574,4,nao,educacao,24700.0,48,0
103575,33,5802.43,3.4,815,1,nao,veiculo,11100.0,36,0
103576,18,4053.74,2.0,806,0,nao,veiculo,7500.0,60,0
103577,44,5540.93,16.4,445,0,nao,educacao,24300.0,48,1
103578,42,8889.58,0.7,645,0,sim,reforma,14300.0,60,0
103579,47,3281.62,13.7,648,0,sim,negocio,4500.0,36,0
103580,24,6360.4,0.3,538,0,sim,veiculo,8500.0,12,1
103581,48,2286.15,2.4,697,2,sim,negocio,8700.0,36,1
103582,65,2286.86,4.1,830,1,sim,educacao,2400.0,48,0
103583,41,,0.1,756,1,sim,veiculo,15700.0,36,0
103584,39,1609.38,6.6,815,0,sim,veiculo,1000.0,36,0
103585,44,5333.16,2.2,547,2,sim,negocio,24300.0,48,0
103586,64,4381.47,4.4,645,1,sim,veiculo,20800.0,12,0
103587,28,5806.05,4.7,540,2,nao,pessoal,17900.0,48,0
103588,42,,1.2,671,2,nao,pessoal,26200.0,48,0
103589,30,3407.44,3.2,683,2,nao,pessoal,19200.0,60,0
103590,33,4538.77,1.8,765,0,nao,pessoal,9900.0,48,0
103591,39,2557.42,22.2,811,1,sim,pessoal,5300.0,12,0
103592,56,,2.4,730,1,nao,reforma,16700.0,36,0
103593,62,5379.51,,528,1,sim,veiculo,28400.0,36,0
103594,45,3871.14,6.2,464,1,sim,pessoal,11500.0,36,0
103595,35,2808.73,4.2,708,1,nao,pessoal,3400.0,48,0
103596,70,3959.55,,835,1,sim,pessoal,24200.0,36,0
103597,35,8446.59,2.4,637,1,nao,veiculo,30800.0,48,0
103598,33,2688.28,16.4,441,0,nao,veiculo,9100.0,48,0
103599,19,2192.18,3.0,911,0,nao,negocio,1400.0,48,0
103600,57,1620.23,9.4,704,0,sim,reforma,7800.0,48,0
103601,52,4048.58,7.5,662,2,nao,educacao,13700.0,24,0
103602,69,5947.36,3.0,488,0,sim,pessoal,15100.0,12,1
103603,23,4767.63,0.6,642,1,nao,educacao,10100.0,24,0
103604,57,4398.14,0.3,729,1,sim,reforma,16500.0,60,0
103605,41,6370.78,,705,1,nao,negocio,29500.0,60,1
103606,50,6195.59,,552,3,sim,reforma,17200.0,60,0
103607,20,5319.08,4.0,633,0,nao,negocio,26000.0,12,1
103608,58,7120.86,10.5,560,3,sim,negocio,12500.0,60,0
103609,49,9727.56,7.9,856,1,sim,negocio,23000.0,60,0
103610,40,3392.16,1.7,756,2,sim,veiculo,17900.0,24,0
103611,48,1956.78,7.7,572,2,nao,pessoal,5400.0,36,1
103612,31,4820.18,6.1,488,0,nao,veiculo,47300.0,60,1
103613,33,5269.13,3.3,676,0,nao,negocio,21800.0,36,0
103614,34,8233.64,3.3,576,1,sim,negocio,14300.0,60,1
103615,18,5665.13,2.0,586,0,nao,negocio,7700.0,36,1
103616,50,12081.45,,492,0,sim,veiculo,67700.0,24,1
103617,54,5827.46,,509,0,sim,educacao,14200.0,24,0
103618,32,3842.36,12.6,661,3,nao,veiculo,23300.0,12,0
103619,44,1816.99,1.8,605,0,sim,reforma,4600.0,48,0
103620,37,4262.4,11.9,965,1,nao,veiculo,17200.0,24,0
103621,44,2872.11,3.5,717,2,sim,pessoal,8200.0,36,0
103622,32,3805.97,16.0,490,0,nao,veiculo,15500.0,60,1
103623,29,3361.28,3.9,440,2,nao,pessoal,18200.0,24,1
103624,53,5371.54,,692,1,sim,veiculo,19000.0,24,0
103625,39,3490.08,11.1,588,0,sim,reforma,18200.0,60,0
103626,64,6930.44,1.0,813,2,sim,pessoal,8800.0,60,0
103627,41,1412.0,3.6,677,0,nao,reforma,6300.0,60,0
103628,29,3621.31,,382,0,sim,pessoal,12900.0,24,0
103629,55,8028.77,17.7,507,0,sim,pessoal,24000.0,12,0
103630,48,,2.4,552,1,sim,pessoal,9500.0,48,0
103631,49,6135.27,3.6,697,1,sim,pessoal,7900.0,60,0
103632,54,10468.25,,503,2,sim,educacao,42000.0,48,1
103633,32,3717.88,0.4,660,0,nao,educacao,16100.0,24,0
103634,38,3645.74,13.2,466,0,nao,reforma,16300.0,48,0
103635,38,4870.33,4.3,641,1,sim,reforma,17000.0,48,0
103636,25,3088.57,0.5,688,0,nao,reforma,5300.0,60,0
103637,37,2339.84,1.5,830,2,nao,educacao,4400.0,12,0
103638,56,3121.39,16.6,672,0,sim,veiculo,3100.0,24,0
103639,43,2088.38,1.8,534,2,nao,pessoal,7900.0,36,0
103640,24,4081.25,5.9,834,1,nao,negocio,44800.0,60,0
103641,21,2944.39,1.6,616,2,nao,veiculo,9800.0,60,0
103642,60,3399.08,5.9,741,0,sim,negocio,7500.0,24,0
103643,39,2696.03,3.3,560,2,sim,negocio,9600.0,36,0
103644,32,4472.83,4.6,652,2,nao,veiculo,14400.0,36,0
103645,37,5526.89,10.9,536,1,sim,negocio,6800.0,24,0
103646,22,1593.78,,682,0,nao,pessoal,6500.0,48,0
103647,57,2040.99,2.3,744,1,sim,reforma,6700.0,36,0
103648,35,5940.16,0.3,576,0,nao,reforma,18800.0,60,0
103649,56,1945.15,10.2,568,0,sim,educacao,22400.0,36,0
103650,41,5089.25,,686,5,nao,veiculo,16800.0,60,0
103651,57,10084.12,5.4,533,2,sim,pessoal,105300.0,12,0
103652,43,9380.68,,443,2,nao,pessoal,20000.0,36,1
103653,50,6218.27,8.1,686,1,sim,veiculo,8800.0,36,1
103654,49,6057.64,6.5,626,0,sim,veiculo,13000.0,24,0
103655,47,13864.52,0.9,623,0,sim,veiculo,98100.0,36,0
103656,44,1412.0,2.8,708,0,sim,reforma,3100.0,48,0
103657,37,2787.08,6.6,726,1,sim,veiculo,4100.0,36,0
103658,63,6608.34,8.6,619,1,sim,pessoal,28400.0,60,0
103659,29,2709.69,10.3,494,0,nao,pessoal,7500.0,24,0
103660,40,7364.54,2.9,557,1,nao,negocio,36400.0,24,1
103661,40,3644.26,9.2,716,0,nao,reforma,8500.0,24,1
103662,45,4229.64,9.0,658,0,nao,veiculo,8500.0,48,0
103663,35,3021.29,0.5,569,1,nao,veiculo,28600.0,12,1
103664,44,2919.88,0.1,538,1,nao,pessoal,6200.0,12,1
103665,38,2694.12,3.4,720,0,sim,pessoal,5700.0,12,0
103666,21,3396.61,5.0,611,0,nao,educacao,15700.0,24,0
103667,40,2432.18,2.5,738,0,sim,pessoal,1600.0,36,0
103668,27,5368.32,3.6,754,2,nao,pessoal,29200.0,36,0
103669,19,4070.57,3.0,599,1,nao,veiculo,41700.0,48,0
103670,42,6971.17,0.3,763,4,nao,educacao,41000.0,36,0
103671,46,2136.93,6.5,658,1,nao,veiculo,4000.0,12,1
103672,46,1561.37,4.0,675,1,sim,reforma,3500.0,36,0
103673,47,4008.76,1.3,355,0,nao,negocio,14600.0,24,1
103674,18,13790.22,2.0,514,2,nao,negocio,60100.0,12,1
103675,24,6123.98,8.0,521,0,nao,veiculo,56500.0,48,0
103676,64,3054.81,16.8,599,1,sim,pessoal,27400.0,24,0
103677,27,4013.78,,655,0,nao,veiculo,12300.0,48,0
103678,47,5995.19,5.7,660,1,nao,negocio,15300.0,36,0
103679,32,1596.2,2.9,677,0,nao,reforma,3500.0,60,0
103680,41,7998.93,2.5,551,1,nao,negocio,41200.0,24,1
103681,32,3089.95,0.1,730,0,nao,veiculo,20700.0,48,0
103682,47,3822.52,11.0,875,2,nao,pessoal,13900.0,36,0
103683,42,3858.14,0.6,594,3,nao,veiculo,13500.0,48,1
103684,35,6594.61,3.6,554,1,nao,negocio,82000.0,24,1
103685,27,2097.83,11.0,551,1,nao,pessoal,11000.0,36,0
103686,43,1505.67,4.0,651,0,nao,reforma,1500.0,36,1
103687,25,3695.41,0.1,572,1,nao,veiculo,12700.0,12,0
103688,45,1412.0,12.8,415,0,sim,veiculo,5600.0,12,0
103689,72,3511.54,0.7,451,0,sim,veiculo,10500.0,60,0
103690,56,7960.11,6.3,773,2,sim,veiculo,59400.0,36,0
103691,49,5640.52,1.3,807,3,sim,negocio,16200.0,36,0
103692,39,6532.25,3.3,848,0,nao,pessoal,12700.0,48,0
103693,18,3938.55,,669,1,nao,educacao,9000.0,12,1
103694,24,11490.05,,511,1,nao,pessoal,60300.0,24,1
103695,55,2998.55,1.0,583,2,nao,pessoal,4700.0,48,0
103696,31,4165.09,2.6,446,2,nao,pessoal,10800.0,48,1
103697,32,2662.52,4.6,441,0,nao,pessoal,15500.0,36,0
103698,38,6160.91,2.8,673,1,nao,veiculo,9500.0,36,0
103699,27,3072.18,1.1,710,1,nao,pessoal,5800.0,36,0
103700,25,7963.19,9.0,895,0,nao,pessoal,10100.0,48,0
103701,39,2749.74,15.5,629,1,sim,negocio,5600.0,36,0
103702,29,7072.83,13.0,463,0,nao,reforma,18100.0,36,1
103703,31,4636.65,1.6,624,0,nao,negocio,14100.0,12,1
103704,31,3286.79,3.7,603,0,sim,educacao,6600.0,24,0
103705,46,5358.15,14.8,576,2,nao,veiculo,14900.0,48,0
103706,37,4154.01,21.0,685,0,sim,veiculo,26200.0,24,0
103707,38,4427.16,0.7,482,0,sim,negocio,18900.0,48,0
103708,47,3585.88,,657,1,sim,veiculo,45200.0,48,0
103709,38,2474.68,1.0,725,0,nao,veiculo,5800.0,24,0
103710,37,2992.44,6.3,825,1,sim,pessoal,8000.0,48,0
103711,46,1575.46,3.0,680,1,sim,pessoal,6000.0,12,0
103712,48,6451.13,16.0,776,0,sim,educacao,16600.0,24,0
103713,38,1845.3,0.5,582,0,nao,pessoal,6400.0,36,0
103714,41,3341.12,2.4,600,1,nao,pessoal,3700.0,48,0
103715,31,4778.8,5.0,815,1,nao,reforma,13400.0,24,0
103716,30,5242.52,2.7,462,3,nao,educacao,31100.0,24,1
103717,49,1545.61,4.0,588,1,sim,negocio,17000.0,60,0
103718,45,3740.2,1.2,787,0,nao,reforma,31200.0,60,0
103719,45,5065.82,10.2,613,2,sim,pessoal,19100.0,60,0
103720,43,3961.73,10.8,603,0,sim,veiculo,18500.0,12,0
103721,41,7887.31,0.4,606,3,nao,pessoal,33700.0,48,1
103722,48,2583.61,6.8,655,2,sim,pessoal,6500.0,48,0
103723,51,1412.0,4.3,781,3,sim,negocio,2800.0,24,0
103724,51,6471.07,3.4,760,0,sim,educacao,26300.0,24,0
103725,39,2740.28,7.5,641,3,sim,pessoal,9000.0,12,0
103726,57,1575.33,14.4,782,1,nao,veiculo,9100.0,60,0
103727,43,,5.5,684,1,sim,negocio,3000.0,36,0
103728,48,7988.39,0.7,752,0,sim,veiculo,25200.0,12,0
103729,43,1921.84,0.4,506,0,sim,pessoal,13900.0,24,0
103730,43,13913.66,5.7,866,0,sim,pessoal,68800.0,60,0
103731,31,2110.51,4.6,669,0,nao,veiculo,4100.0,36,1
103732,48,4259.02,2.2,300,2,sim,veiculo,6800.0,60,1
103733,74,2119.41,1.7,856,1,sim,reforma,7200.0,12,0
103734,36,3638.32,3.2,641,2,nao,pessoal,20400.0,60,0
103735,41,3498.91,0.9,589,1,sim,veiculo,16700.0,24,0
103736,35,1548.88,2.8,561,3,nao,pessoal,5800.0,24,0
103737,34,16427.15,,697,0,nao,pessoal,84500.0,60,0
103738,59,3155.75,1.2,525,0,sim,pessoal,12900.0,24,0
103739,32,2581.28,2.3,565,0,sim,veiculo,12900.0,36,0
103740,34,5916.24,0.8,568,0,nao,veiculo,36300.0,24,0
103741,21,7936.53,5.0,602,0,nao,pessoal,21300.0,48,0
103742,31,6217.11,1.6,573,1,nao,negocio,12800.0,24,0
103743,19,1467.94,3.0,751,1,nao,pessoal,8000.0,36,0
103744,48,4566.89,,675,0,nao,educacao,11800.0,12,0
103745,74,1472.42,3.1,691,2,sim,negocio,1600.0,60,0
103746,36,5839.09,20.0,719,2,nao,pessoal,48100.0,60,0
103747,20,1412.0,4.0,628,3,nao,pessoal,5800.0,60,0
103748,51,2664.19,9.3,507,1,sim,pessoal,10600.0,60,0
103749,31,3340.11,0.2,875,2,nao,negocio,10500.0,36,0
103750,56,5293.16,2.1,761,0,sim,veiculo,30600.0,12,0
103751,37,3116.98,9.8,850,2,sim,pessoal,5100.0,12,0
103752,32,7812.58,2.2,774,4,nao,pessoal,27400.0,48,0
103753,38,5418.21,0.7,580,0,sim,pessoal,22500.0,36,0
103754,49,5847.85,0.6,335,0,sim,veiculo,28500.0,24,1
103755,37,1829.8,3.4,480,1,sim,reforma,2300.0,12,0
103756,34,8840.85,4.1,723,2,nao,veiculo,44200.0,60,0
103757,38,2340.34,2.5,627,1,sim,pessoal,6400.0,12,0
103758,25,8045.5,8.0,585,2,nao,educacao,19000.0,24,0
103759,45,11963.54,,316,0,sim,negocio,16400.0,48,0
103760,19,3767.72,1.6,638,1,nao,veiculo,50300.0,36,0
103761,35,6198.84,4.8,499,1,nao,reforma,20100.0,12,0
103762,49,1412.0,0.8,546,1,nao,negocio,5700.0,36,1
103763,44,3496.18,19.6,751,1,nao,veiculo,6500.0,24,0
103764,47,7366.74,9.9,506,6,sim,pessoal,10300.0,24,0
103765,39,6122.29,11.4,519,3,sim,veiculo,34900.0,36,0
103766,54,2118.72,13.7,664,0,sim,pessoal,3300.0,60,0
103767,51,3525.82,2.5,753,2,sim,pessoal,27000.0,48,0
103768,45,1412.0,,588,1,sim,educacao,14600.0,24,0
103769,51,5200.77,,831,3,sim,negocio,11400.0,24,0
103770,49,1455.93,10.6,474,4,nao,reforma,3900.0,36,0
103771,35,6543.8,12.2,451,0,nao,negocio,5000.0,12,0
103772,24,5849.15,1.4,440,0,nao,negocio,7200.0,12,0
103773,45,3030.58,0.3,425,0,sim,reforma,15500.0,24,1
103774,47,5352.08,1.0,684,0,sim,negocio,39800.0,12,0
103775,53,3677.59,1.2,513,0,sim,negocio,8100.0,36,0
103776,29,3726.2,7.8,457,0,sim,pessoal,8900.0,12,1
103777,29,1735.59,13.0,689,1,nao,negocio,2400.0,24,0
103778,46,5599.33,3.1,747,0,sim,negocio,9900.0,12,0
103779,39,1493.02,3.5,777,0,nao,pessoal,11600.0,36,0
103780,18,1412.0,0.2,754,0,nao,reforma,6000.0,24,0
103781,45,3678.84,9.3,521,3,sim,pessoal,4400.0,12,0
103782,18,2492.87,2.0,676,2,nao,veiculo,12300.0,24,0
103783,29,3789.02,9.3,705,0,nao,reforma,55000.0,12,1
103784,56,2899.19,5.2,578,3,sim,pessoal,8000.0,60,0
103785,62,11690.68,1.7,661,3,sim,reforma,27400.0,24,0
103786,25,3379.74,7.2,477,0,nao,veiculo,16800.0,48,0
103787,36,4041.93,1.8,558,1,nao,pessoal,25900.0,48,1
103788,41,4197.51,1.6,688,0,nao,reforma,24100.0,36,0
103789,61,7194.1,3.3,836,2,sim,negocio,20800.0,36,0
103790,34,4766.16,4.4,790,1,nao,pessoal,13000.0,36,0
103791,34,4427.52,,726,0,nao,veiculo,5500.0,36,0
103792,59,6211.81,2.3,650,0,sim,pessoal,10400.0,24,0
103793,36,,8.9,630,1,sim,pessoal,6100.0,12,0
103794,49,1535.27,2.7,452,1,nao,veiculo,3900.0,24,1
103795,22,2846.4,6.0,531,2,nao,pessoal,11500.0,36,1
103796,38,3265.01,1.7,536,1,nao,reforma,9900.0,12,0
103797,20,3967.25,4.0,715,2,nao,pessoal,14400.0,60,0
103798,27,3213.18,0.0,763,0,nao,educacao,11400.0,12,0
103799,50,5706.96,7.0,736,1,sim,pessoal,31300.0,24,0
103800,39,1855.92,5.2,794,0,sim,negocio,10800.0,48,0
103801,36,3535.05,6.0,649,0,nao,veiculo,12200.0,60,0
103802,31,1600.29,0.0,512,2,nao,pessoal,5000.0,36,1
103803,37,4451.09,,634,2,sim,pessoal,15200.0,36,0
103804,44,1412.0,7.5,546,0,nao,veiculo,3100.0,24,0
103805,52,5019.01,3.8,726,1,sim,negocio,33700.0,60,0
103806,18,1412.0,2.0,593,0,nao,veiculo,3500.0,36,0
103807,30,2675.65,3.7,627,0,nao,veiculo,8500.0,12,0
103808,42,6229.61,9.7,730,1,nao,educacao,24200.0,48,1
103809,39,4172.5,3.9,544,4,nao,pessoal,17600.0,12,1
103810,45,1591.29,1.9,765,1,sim,reforma,6500.0,36,0
103811,43,2659.81,1.4,465,2,nao,pessoal,8600.0,36,1
103812,36,,20.0,680,3,sim,educacao,14600.0,48,0
103813,34,1412.0,3.8,628,1,sim,negocio,5200.0,60,0
103814,37,3838.54,7.9,748,1,sim,pessoal,11600.0,24,0
103815,54,5639.67,16.5,461,2,sim,pessoal,58000.0,48,1
103816,31,,5.2,441,0,nao,reforma,9400.0,48,1
103817,39,5128.95,2.7,738,0,sim,reforma,52700.0,24,1
103818,42,3783.14,,589,0,nao,reforma,4000.0,36,0
103819,59,3565.47,4.7,628,1,nao,veiculo,9800.0,60,0
103820,36,1970.82,,554,2,sim,pessoal,2500.0,36,0
103821,52,3253.13,3.9,759,0,nao,reforma,5000.0,36,0
103822,55,2003.55,8.3,679,1,sim,pessoal,9200.0,36,0
103823,39,2313.16,2.9,671,1,nao,veiculo,9600.0,60,0
103824,37,3778.35,7.7,488,4,nao,pessoal,9200.0,24,1
103825,36,3332.9,12.5,705,1,nao,pessoal,31100.0,24,1
103826,37,19413.69,5.1,511,1,sim,educacao,134200.0,48,0
103827,50,1976.79,17.4,554,1,sim,veiculo,6700.0,12,0
103828,43,3594.01,,463,1,sim,veiculo,4200.0,60,0
103829,43,1759.48,17.7,620,1,sim,negocio,10900.0,24,0
103830,26,2533.66,7.4,778,2,nao,veiculo,6600.0,12,0
103831,28,2660.41,0.1,669,0,nao,educacao,11100.0,48,0
103832,66,6595.22,4.9,583,1,sim,negocio,37300.0,24,0
103833,38,2842.45,0.5,654,2,nao,reforma,7800.0,36,0
103834,31,3011.81,0.7,653,1,nao,pessoal,22700.0,36,0
103835,57,3270.64,0.5,649,1,sim,pessoal,9100.0,60,0
103836,43,1781.57,9.3,663,1,sim,veiculo,8600.0,24,0
103837,47,2807.03,10.0,505,2,nao,pessoal,15500.0,36,1
103838,38,2950.33,3.2,654,2,sim,pessoal,17900.0,60,0
103839,36,3703.36,3.5,412,3,sim,pessoal,36900.0,36,1
103840,38,4950.08,9.2,715,1,nao,pessoal,10600.0,12,0
103841,23,2645.64,1.4,497,0,nao,veiculo,4700.0,24,0
103842,39,3205.15,0.3,793,0,sim,pessoal,9300.0,36,0
103843,44,1510.55,1.7,322,1,sim,pessoal,32800.0,24,1
103844,62,5576.24,11.8,858,0,sim,reforma,43900.0,36,0
103845,41,2568.37,3.1,427,1,sim,negocio,6500.0,36,0
103846,18,4222.96,2.0,484,0,nao,reforma,12000.0,48,1
103847,39,7595.06,19.0,679,1,sim,negocio,26300.0,36,0
103848,73,3737.09,0.2,720,0,sim,pessoal,15400.0,48,0
103849,50,2360.42,5.5,603,0,sim,educacao,12100.0,24,0
103850,30,3273.79,8.8,756,2,nao,veiculo,17300.0,36,0
103851,47,4867.45,1.1,536,1,nao,veiculo,34900.0,60,0
103852,31,2812.94,6.5,588,1,nao,reforma,32700.0,48,0
103853,24,2237.99,2.2,601,3,nao,educacao,7200.0,24,1
103854,36,4848.06,6.2,570,1,sim,pessoal,14900.0,12,0
103855,41,4951.46,1.5,389,2,sim,veiculo,13900.0,48,1
103856,18,2314.42,2.0,637,3,nao,educacao,6900.0,36,1
103857,26,1412.0,10.0,625,1,nao,veiculo,6200.0,36,0
103858,40,4786.53,0.8,780,2,sim,pessoal,24500.0,12,0
103859,35,2304.18,13.4,473,1,nao,pessoal,22700.0,24,1
103860,45,4426.21,4.2,557,2,nao,pessoal,10100.0,24,0
103861,25,3362.22,1.0,796,0,nao,veiculo,14600.0,12,0
103862,49,1451.44,1.6,678,1,sim,veiculo,3100.0,24,0
103863,26,3279.01,10.0,711,1,nao,pessoal,14600.0,60,0
103864,60,5499.48,6.2,699,3,sim,educacao,95700.0,60,0
103865,19,4034.74,0.6,700,1,nao,reforma,13000.0,24,0
103866,27,3389.91,4.8,877,0,sim,pessoal,51700.0,24,0
103867,45,1412.0,8.4,652,2,sim,pessoal,3000.0,12,0
103868,60,8365.0,4.0,509,1,sim,negocio,22200.0,60,0
103869,44,4879.22,2.0,723,0,nao,negocio,13900.0,12,0
103870,47,2072.92,15.1,566,2,sim,negocio,8100.0,60,0
103871,40,,23.9,626,1,nao,reforma,7700.0,36,0
103872,28,3656.68,4.1,688,0,sim,negocio,20200.0,48,0
103873,34,5046.08,4.8,533,1,nao,pessoal,3400.0,24,1
103874,25,2365.73,1.5,574,1,nao,pessoal,4600.0,36,0
103875,25,4872.0,8.8,702,2,sim,pessoal,53100.0,12,1
103876,45,1467.61,5.5,569,1,sim,veiculo,2200.0,48,0
103877,27,1791.22,0.8,767,2,nao,pessoal,5100.0,36,0
103878,44,1412.0,4.9,512,1,sim,veiculo,7100.0,60,0
103879,24,1863.07,2.4,511,2,nao,pessoal,6300.0,36,0
103880,44,8920.62,2.0,888,2,sim,veiculo,18800.0,60,0
103881,34,10767.39,4.8,441,0,nao,negocio,49200.0,36,0
103882,57,4714.7,,637,2,sim,reforma,27200.0,36,0
103883,44,2739.53,12.4,881,2,nao,veiculo,6700.0,12,0
103884,55,3668.41,1.6,636,1,sim,pessoal,16400.0,12,0
103885,31,4340.99,8.9,815,0,nao,pessoal,25500.0,24,1
103886,41,1594.2,0.6,725,1,nao,veiculo,10700.0,12,0
103887,28,2350.21,8.3,639,0,nao,pessoal,10300.0,12,0
103888,35,7736.48,3.3,623,2,nao,educacao,75500.0,24,0
103889,37,2024.33,1.3,364,1,nao,negocio,7300.0,24,1
103890,31,2216.22,15.0,599,2,nao,pessoal,4300.0,48,0
103891,25,3116.53,2.9,670,2,sim,pessoal,9600.0,36,0
103892,23,3517.21,,670,3,nao,pessoal,25500.0,60,0
103893,18,1985.49,2.0,961,3,nao,educacao,4100.0,24,0
103894,27,3315.41,5.9,677,1,nao,pessoal,3000.0,12,1
103895,48,5672.04,5.5,722,2,sim,reforma,26200.0,60,0
103896,21,8605.79,5.0,791,0,nao,veiculo,23100.0,60,0
103897,24,2847.28,6.6,710,1,nao,veiculo,38400.0,24,1
103898,61,4050.94,3.1,629,1,sim,reforma,16600.0,12,0
103899,32,7848.63,4.9,629,2,nao,pessoal,57700.0,60,1
103900,44,2877.39,1.2,594,2,nao,educacao,7500.0,60,0
103901,48,1959.69,7.1,698,1,sim,pessoal,9800.0,60,0
103902,48,4659.09,4.0,618,1,sim,reforma,20400.0,24,0
103903,22,5364.4,2.9,721,2,nao,negocio,43000.0,12,1
103904,37,4388.35,8.2,509,1,nao,pessoal,17200.0,24,1
103905,21,2773.96,5.0,659,1,nao,veiculo,7100.0,36,0
103906,69,1868.33,7.1,842,0,sim,reforma,12200.0,12,0
103907,21,,2.1,611,1,sim,pessoal,6500.0,24,0
103908,27,6261.92,3.1,880,0,nao,veiculo,13400.0,60,0
103909,28,1633.32,11.8,661,0,sim,pessoal,5600.0,12,0
103910,22,2594.2,2.3,633,0,nao,educacao,7500.0,24,0
103911,56,3348.61,6.0,655,0,sim,veiculo,11800.0,36,0
103912,69,2823.35,3.4,600,1,sim,veiculo,6600.0,60,0
103913,34,,,383,1,nao,reforma,27300.0,60,0
103914,24,3894.69,3.5,754,0,nao,reforma,26500.0,24,0
103915,18,3552.58,1.9,925,3,nao,pessoal,20500.0,36,0
103916,37,2102.51,3.7,702,0,sim,pessoal,11400.0,60,0
103917,36,1438.13,,710,2,nao,pessoal,1700.0,36,0
103918,32,3913.97,4.6,616,1,sim,negocio,14700.0,24,0
103919,43,2914.85,2.3,791,1,nao,veiculo,17100.0,48,1
103920,45,10812.78,0.2,635,1,sim,pessoal,84600.0,36,0
103921,44,10972.62,8.3,675,3,sim,veiculo,34000.0,36,0
103922,36,10628.25,11.2,437,1,nao,veiculo,81300.0,36,0
103923,27,1894.95,0.6,571,1,nao,veiculo,8000.0,12,0
103924,48,5552.99,6.9,688,0,sim,veiculo,4100.0,48,0
103925,40,6012.39,,758,0,nao,pessoal,19800.0,24,0
103926,51,6288.71,0.8,762,1,nao,pessoal,13300.0,24,0
103927,49,3375.54,0.1,435,2,sim,educacao,8200.0,36,0
103928,23,6082.9,7.0,448,0,nao,reforma,40000.0,36,0
103929,23,3010.79,0.2,716,3,nao,reforma,12600.0,36,0
103930,31,3590.26,2.0,543,3,sim,pessoal,9200.0,60,1
103931,27,1412.0,11.0,756,0,nao,negocio,3300.0,60,0
103932,49,5847.97,0.4,428,2,nao,pessoal,26600.0,36,1
103933,44,3372.64,0.3,627,0,sim,reforma,10600.0,36,0
103934,53,5351.03,1.4,636,1,sim,reforma,28400.0,36,0
103935,45,4477.07,19.3,702,3,sim,pessoal,9500.0,24,0
103936,43,4252.85,7.1,506,0,nao,pessoal,11800.0,36,0
103937,54,4041.11,4.6,384,0,sim,reforma,7200.0,36,1
103938,46,,12.9,662,4,nao,veiculo,15400.0,60,0
103939,41,3375.77,1.6,708,0,sim,negocio,43600.0,48,0
103940,58,1861.35,6.7,771,1,sim,reforma,4200.0,24,0
103941,41,5149.7,3.4,593,1,nao,negocio,13600.0,60,0
103942,36,2278.88,,741,1,nao,reforma,4900.0,60,0
103943,30,1594.87,4.8,703,0,nao,veiculo,5000.0,24,0
103944,48,2313.93,8.9,812,1,nao,negocio,7800.0,60,0
103945,55,4842.81,4.1,633,1,sim,educacao,35200.0,36,0
103946,39,3491.64,2.6,415,2,nao,pessoal,9600.0,24,0
103947,56,,,631,0,sim,veiculo,5300.0,48,0
103948,18,2267.34,2.0,651,1,nao,pessoal,2600.0,12,1
103949,39,7004.36,2.1,707,0,nao,negocio,14600.0,48,0
103950,40,2905.44,2.6,441,0,nao,reforma,19500.0,60,0
103951,31,3054.92,2.7,599,2,nao,veiculo,6400.0,24,0
103952,69,7354.46,3.8,753,0,sim,negocio,40800.0,24,0
103953,39,5702.9,,626,1,sim,pessoal,11500.0,24,0
103954,35,6163.95,11.5,600,1,nao,veiculo,19400.0,36,0
103955,40,1412.0,4.6,888,2,sim,veiculo,13800.0,36,0
103956,18,7264.92,2.0,501,4,nao,pessoal,39800.0,48,0
103957,31,4748.3,5.1,800,0,nao,pessoal,5200.0,60,0
103958,52,16046.22,0.2,773,2,sim,veiculo,150000.0,36,0
103959,32,2203.31,1.9,611,4,nao,pessoal,4100.0,36,1
103960,30,1412.0,1.1,636,0,nao,negocio,15100.0,24,0
103961,56,,4.8,635,0,sim,pessoal,11100.0,36,0
103962,56,3561.59,17.0,664,1,sim,pessoal,6000.0,12,0
103963,46,5696.16,,563,2,sim,pessoal,15200.0,36,1
103964,35,6346.89,3.2,584,3,sim,veiculo,15000.0,36,0
103965,37,3429.33,4.7,594,1,nao,reforma,8600.0,36,0
103966,30,2894.3,2.4,598,3,nao,negocio,10500.0,12,1
103967,28,,5.7,600,1,nao,pessoal,20000.0,36,0
103968,27,2760.11,2.7,349,0,sim,pessoal,22700.0,48,0
103969,33,2845.02,3.3,653,4,sim,pessoal,11300.0,48,0
103970,28,5696.24,8.8,571,1,nao,veiculo,20900.0,36,0
103971,21,5850.42,4.0,397,2,nao,pessoal,13300.0,60,1
103972,43,6988.42,7.4,594,1,nao,pessoal,20700.0,48,0
103973,43,3509.76,4.6,590,2,sim,reforma,9100.0,48,0
103974,60,1412.0,1.5,806,0,sim,educacao,2200.0,48,0
103975,32,3122.79,2.5,570,2,nao,pessoal,50500.0,48,1
103976,44,2565.19,5.3,727,0,nao,veiculo,10400.0,60,0
103977,44,3623.99,3.2,820,1,nao,reforma,14800.0,12,0
103978,37,2487.5,0.4,558,0,sim,pessoal,18100.0,36,1
103979,49,4055.47,5.5,634,3,nao,reforma,3000.0,60,0
103980,49,2316.07,6.7,865,1,sim,pessoal,31100.0,12,0
103981,44,1924.24,1.4,670,2,nao,veiculo,4000.0,24,0
103982,37,,13.9,689,0,sim,veiculo,14500.0,36,0
103983,36,,4.0,587,0,sim,reforma,5300.0,36,0
103984,24,3052.56,0.7,729,0,nao,veiculo,19300.0,48,0
103985,30,5585.18,1.4,635,0,nao,educacao,70800.0,36,0
103986,33,5671.35,4.4,402,1,sim,pessoal,53100.0,24,0
103987,27,,0.7,594,0,sim,veiculo,12900.0,60,0
103988,45,4647.05,3.5,486,1,sim,negocio,5500.0,24,1
103989,54,6171.01,12.5,655,2,sim,veiculo,16800.0,60,0
103990,29,6941.65,13.0,521,0,sim,veiculo,16600.0,36,0
103991,43,4863.88,10.8,702,0,nao,reforma,6300.0,12,0
103992,28,1412.0,3.4,646,2,nao,negocio,7000.0,36,0
103993,36,,10.1,478,1,nao,reforma,9300.0,48,0
103994,32,4969.12,7.0,576,0,sim,reforma,23500.0,60,1
103995,47,2845.91,8.4,721,0,sim,educacao,15500.0,36,0
103996,32,8258.96,,789,1,nao,negocio,43600.0,60,0
103997,52,4002.47,1.4,523,1,nao,negocio,13500.0,24,0
103998,37,,7.1,497,2,sim,pessoal,35300.0,24,1
103999,32,6289.3,,894,1,sim,reforma,16400.0,36,0
104000,25,2797.98,8.0,639,0,nao,pessoal,6700.0,48,0
104001,43,4241.96,0.9,652,2,sim,veiculo,12900.0,12,0
104002,51,6794.95,3.3,544,0,sim,reforma,32800.0,12,0
104003,43,1713.13,0.9,668,1,nao,pessoal,9000.0,36,0
104004,67,3542.2,0.5,863,3,sim,reforma,10100.0,24,0
104005,57,6538.42,0.3,673,2,sim,pessoal,18900.0,48,0
104006,36,,12.2,778,1,nao,educacao,28200.0,24,1
104007,36,7969.88,5.4,644,1,nao,veiculo,12700.0,36,0
104008,46,1671.16,5.4,507,4,sim,pessoal,30400.0,36,0
104009,30,1412.0,14.0,551,2,nao,veiculo,4100.0,60,0
104010,54,6328.03,1.3,495,0,sim,reforma,19600.0,12,1
104011,44,6265.87,3.9,668,2,sim,reforma,27400.0,24,0
104012,43,3461.79,4.7,799,1,sim,educacao,16700.0,12,0
104013,48,5060.17,8.5,661,1,sim,educacao,12000.0,60,0
104014,61,6243.4,2.9,600,0,sim,pessoal,26800.0,12,0
104015,42,2433.86,4.8,537,1,nao,pessoal,4900.0,60,0
104016,39,2496.0,2.6,686,1,nao,pessoal,6100.0,36,0
104017,58,4599.79,13.1,479,1,sim,pessoal,6100.0,48,0
104018,52,6813.53,5.3,493,1,sim,veiculo,25900.0,24,1
104019,36,1872.66,14.8,757,1,nao,pessoal,5900.0,36,0
104020,40,3339.85,5.9,604,0,sim,veiculo,3500.0,60,0
104021,42,3329.34,,601,1,nao,veiculo,7700.0,12,0
104022,44,4897.87,7.3,618,2,sim,reforma,16800.0,36,1
104023,24,3037.43,1.2,734,1,nao,negocio,17800.0,60,0
104024,21,2167.12,1.7,662,1,nao,reforma,3500.0,12,0
104025,29,6482.15,2.3,543,2,nao,pessoal,18900.0,60,1
104026,28,2393.58,,548,1,nao,veiculo,4300.0,24,0
104027,32,2885.18,11.4,615,1,sim,pessoal,15600.0,24,0
104028,48,1691.91,6.1,679,0,sim,veiculo,4000.0,24,0
104029,38,2458.35,3.7,635,0,nao,veiculo,11700.0,48,1
104030,42,5057.87,1.3,624,5,nao,negocio,14300.0,12,1
104031,25,3690.63,3.8,646,1,nao,pessoal,4600.0,36,0
104032,34,,16.5,635,1,sim,pessoal,16200.0,48,0
104033,47,5440.25,,539,2,sim,pessoal,9400.0,12,0
104034,47,,2.1,784,1,sim,veiculo,86800.0,24,0
104035,31,2217.64,7.9,577,4,sim,negocio,23100.0,24,1
104036,42,1562.71,0.8,657,2,nao,veiculo,8000.0,12,0
104037,66,2325.32,6.9,372,0,sim,veiculo,5500.0,36,0
104038,40,2528.91,1.3,612,1,sim,pessoal,9000.0,36,0
104039,32,1982.5,0.1,497,1,nao,veiculo,8300.0,60,1
104040,38,3832.42,4.5,513,0,sim,pessoal,25700.0,48,1
104041,41,7500.53,8.1,955,1,nao,pessoal,23400.0,60,0
104042,38,8489.21,8.3,672,0,nao,reforma,38000.0,48,0
104043,40,4914.39,10.9,799,0,sim,pessoal,6300.0,60,0
104044,23,9773.16,4.0,751,1,nao,pessoal,39500.0,24,0
104045,28,2646.87,3.0,768,0,sim,pessoal,5500.0,24,0
104046,38,1483.05,6.6,614,1,sim,pessoal,5300.0,24,0
104047,38,6496.29,11.4,849,3,sim,reforma,12200.0,36,0
104048,33,1412.0,,750,0,nao,pessoal,6300.0,60,0
104049,38,2403.03,9.1,645,1,sim,reforma,12300.0,36,0
104050,41,5013.2,14.3,674,1,nao,veiculo,15300.0,60,0
104051,51,3917.1,9.9,622,1,sim,veiculo,8200.0,24,0
104052,39,3314.92,2.7,647,1,nao,pessoal,16400.0,36,0
104053,45,2054.89,8.8,634,0,sim,reforma,18300.0,48,0
104054,34,3451.43,2.8,690,1,nao,veiculo,38300.0,24,0
104055,47,6978.25,2.2,866,2,nao,reforma,31000.0,48,0
104056,45,3977.44,18.8,483,1,nao,veiculo,16500.0,36,1
104057,50,2624.89,5.2,789,1,nao,educacao,4200.0,24,0
104058,49,2065.41,,592,2,sim,veiculo,15900.0,36,0
104059,47,2574.12,4.1,805,1,sim,educacao,2200.0,36,0
104060,39,4568.75,3.6,597,1,nao,veiculo,32700.0,48,0
104061,43,4650.87,,694,2,sim,negocio,16500.0,36,0
104062,53,2668.14,9.3,619,2,sim,negocio,2200.0,48,0
104063,32,1412.0,6.6,415,1,nao,pessoal,6000.0,24,1
104064,32,4268.43,4.2,866,0,nao,reforma,13600.0,24,0
104065,42,2324.17,3.0,517,0,nao,pessoal,6200.0,12,1
104066,45,5746.79,2.6,651,1,nao,negocio,17100.0,36,0
104067,30,2179.89,0.4,503,0,nao,pessoal,7500.0,24,0
104068,39,2138.51,6.9,466,1,nao,veiculo,7400.0,36,1
104069,39,4005.63,5.7,613,0,sim,pessoal,5800.0,60,0
104070,18,10240.54,1.8,563,0,nao,negocio,45600.0,60,1
104071,37,5432.2,4.2,488,1,nao,negocio,15100.0,24,0
104072,38,3923.19,8.0,635,0,sim,veiculo,35600.0,48,0
104073,38,4434.22,3.1,447,1,nao,pessoal,26000.0,60,1
104074,57,1581.78,17.1,656,1,sim,reforma,9900.0,36,0
104075,25,1668.92,1.1,623,1,nao,pessoal,17800.0,24,0
104076,30,,2.0,318,0,nao,negocio,7700.0,24,1
104077,18,7250.35,2.0,572,1,nao,pessoal,23200.0,24,0
104078,34,8042.93,8.9,701,2,nao,veiculo,6100.0,60,0
104079,35,4361.45,5.9,502,0,nao,pessoal,17600.0,24,0
104080,34,3739.84,5.0,707,1,nao,negocio,37000.0,24,0
104081,53,1765.24,1.3,696,1,sim,veiculo,10600.0,48,0
104082,50,3673.14,,508,1,nao,negocio,9500.0,60,1
104083,41,10092.87,4.1,638,0,sim,pessoal,36600.0,24,0
104084,36,3822.54,,747,0,nao,veiculo,9600.0,48,0
104085,52,3037.72,0.6,526,0,sim,pessoal,12800.0,36,0
104086,40,1416.03,7.3,613,0,nao,educacao,3600.0,24,0
104087,30,7058.99,14.0,790,1,nao,pessoal,58600.0,36,0
104088,19,2734.54,3.0,529,0,sim,veiculo,10300.0,48,1
104089,35,1412.0,,700,0,nao,reforma,5800.0,12,0
104090,49,2467.31,4.1,500,1,nao,pessoal,5300.0,12,1
104091,67,2052.41,1.2,619,0,sim,educacao,5600.0,60,0
104092,41,3502.77,4.8,698,1,nao,educacao,6100.0,60,0
104093,31,3750.17,6.1,327,0,nao,veiculo,30700.0,36,1
104094,26,2377.81,1.2,571,0,sim,reforma,6100.0,12,0
104095,47,6160.51,3.7,696,2,nao,pessoal,23700.0,12,0
104096,19,2967.88,,669,2,nao,veiculo,4100.0,24,0
104097,47,7207.02,1.2,572,1,nao,educacao,12000.0,24,0
104098,50,3404.86,6.9,496,1,sim,pessoal,10300.0,48,0
104099,45,21001.33,4.5,722,0,nao,negocio,61000.0,12,0
104100,37,2637.71,0.7,598,0,nao,veiculo,10700.0,12,1
104101,47,,2.7,711,1,sim,pessoal,28600.0,48,1
104102,42,2165.47,2.8,689,2,nao,pessoal,2300.0,24,0
104103,31,2979.48,1.6,582,2,sim,veiculo,18800.0,24,0
104104,62,1609.49,4.7,779,2,sim,negocio,7600.0,36,0
104105,36,4181.4,0.3,563,2,nao,reforma,10100.0,12,0
104106,49,1438.44,16.4,795,2,nao,veiculo,3900.0,36,0
104107,18,3060.38,2.0,812,2,nao,negocio,21000.0,12,0
104108,55,1970.87,3.5,777,3,nao,pessoal,6600.0,24,0
104109,58,3360.03,2.1,617,0,sim,veiculo,9700.0,36,0
104110,40,5192.92,1.3,971,2,nao,educacao,9700.0,36,0
104111,47,14267.8,8.7,660,0,nao,veiculo,30200.0,24,0
104112,47,2220.84,3.8,671,1,nao,pessoal,3700.0,60,1
104113,32,3119.16,2.2,637,2,nao,educacao,18600.0,60,0
104114,47,2698.56,15.5,493,2,sim,pessoal,5900.0,36,0
104115,30,2047.68,7.4,808,1,nao,veiculo,3500.0,24,0
104116,33,2314.8,3.1,566,3,sim,negocio,9000.0,12,1
104117,54,6520.15,11.1,760,2,sim,pessoal,14000.0,60,0
104118,52,3168.41,7.3,791,0,sim,educacao,28100.0,12,0
104119,32,11673.97,4.3,718,0,nao,negocio,41900.0,24,0
104120,31,4206.18,10.8,550,2,sim,pessoal,16600.0,24,0
104121,32,1943.97,4.0,596,0,nao,pessoal,7700.0,24,0
104122,49,3352.77,2.3,300,0,nao,negocio,16500.0,12,1
104123,28,2071.69,8.7,625,2,nao,veiculo,11100.0,24,0
104124,44,6043.36,2.7,744,0,nao,pessoal,21500.0,48,0
104125,49,1665.53,6.2,609,0,sim,pessoal,3200.0,24,0
104126,39,1761.09,7.6,563,0,sim,pessoal,5600.0,48,0
104127,52,2993.1,31.9,601,1,nao,veiculo,10900.0,36,0
104128,36,5177.16,12.5,798,0,sim,educacao,6800.0,12,0
104129,37,7089.12,0.8,633,1,sim,veiculo,7000.0,60,0
104130,28,6880.42,0.6,882,2,nao,pessoal,11600.0,36,0
104131,52,5545.86,10.0,566,0,sim,negocio,6000.0,36,0
104132,31,3196.88,2.8,668,2,nao,veiculo,8400.0,24,0
104133,44,6025.3,0.1,584,3,sim,pessoal,13300.0,36,0
104134,39,1962.03,6.6,910,1,sim,negocio,7200.0,48,0
104135,27,1412.0,8.9,663,0,nao,veiculo,7600.0,60,0
104136,33,,1.1,917,2,nao,veiculo,18200.0,48,0
104137,57,2383.42,5.0,585,2,sim,educacao,10800.0,36,0
104138,42,3673.65,8.5,839,2,sim,pessoal,22700.0,60,0
104139,28,3438.98,1.3,655,0,nao,veiculo,9900.0,12,0
104140,44,4461.07,0.7,749,2,sim,negocio,3300.0,36,0
104141,38,6096.83,1.5,481,0,sim,pessoal,7500.0,48,0
104142,80,6548.94,7.1,685,1,sim,negocio,30900.0,24,0
104143,43,4285.87,0.2,501,1,sim,pessoal,16900.0,12,1
104144,35,2755.63,4.7,673,2,nao,negocio,14600.0,12,1
104145,57,4397.04,3.0,443,1,sim,veiculo,84700.0,24,1
104146,18,2017.19,2.0,628,3,nao,veiculo,8100.0,60,0
104147,41,3380.34,1.0,782,2,nao,veiculo,11200.0,48,0
104148,64,17490.48,2.6,711,1,sim,pessoal,75300.0,48,0
104149,39,4070.07,3.7,480,3,sim,pessoal,7000.0,60,1
104150,19,3640.58,0.2,393,1,nao,reforma,20000.0,24,1
104151,35,2383.91,0.5,705,1,nao,educacao,7500.0,48,0
104152,57,7262.34,17.8,846,1,sim,pessoal,69800.0,24,0
104153,45,5976.33,0.1,515,0,sim,educacao,8000.0,48,0
104154,30,5038.85,10.6,913,4,sim,pessoal,17700.0,48,0
104155,32,3813.05,5.8,639,2,nao,veiculo,9200.0,60,0
104156,33,6057.91,0.1,385,0,nao,veiculo,11200.0,48,0
104157,44,7833.03,1.5,437,4,sim,reforma,39800.0,12,1
104158,56,4842.18,14.9,740,0,sim,veiculo,14000.0,48,0
104159,53,3890.84,0.1,657,0,sim,pessoal,30300.0,12,1
104160,45,6434.48,6.0,833,2,nao,pessoal,16400.0,36,0
104161,24,1856.19,5.8,484,1,nao,veiculo,5100.0,24,0
104162,24,2056.32,8.0,655,1,nao,veiculo,24100.0,36,0
104163,46,,6.9,641,0,nao,pessoal,6000.0,48,0
104164,24,1412.0,7.9,621,1,nao,pessoal,3100.0,24,1
104165,37,5672.08,3.6,590,5,nao,pessoal,3100.0,24,0
104166,44,2291.76,3.1,593,0,sim,pessoal,6100.0,24,0
104167,26,2419.66,,663,0,nao,veiculo,12800.0,24,0
104168,28,2863.59,2.6,679,1,nao,negocio,12800.0,24,1
104169,39,3762.43,3.7,673,0,nao,pessoal,14400.0,48,0
104170,46,3291.25,,797,0,sim,pessoal,6800.0,48,0
104171,53,3993.26,2.0,484,1,sim,veiculo,12500.0,36,0
104172,47,3888.37,4.7,404,2,sim,reforma,10700.0,24,0
104173,41,2945.11,1.6,772,1,sim,reforma,10300.0,36,0
104174,31,2186.95,0.6,517,2,nao,pessoal,8500.0,60,0
104175,27,5760.72,2.2,591,2,nao,pessoal,16300.0,24,0
104176,34,,0.6,560,0,sim,negocio,5000.0,36,0
104177,45,3513.15,1.1,558,1,nao,veiculo,11600.0,36,0
104178,44,3007.26,,450,1,nao,educacao,7000.0,24,0
104179,18,3525.26,2.0,566,0,nao,veiculo,12900.0,24,0
104180,31,,0.2,724,2,nao,educacao,2400.0,48,1
104181,54,3148.04,24.3,639,3,sim,educacao,12300.0,24,0
104182,41,3559.84,0.9,706,1,nao,pessoal,6400.0,36,0
104183,23,5422.09,2.7,576,1,nao,pessoal,18700.0,24,0
104184,68,,0.8,757,0,sim,pessoal,23000.0,24,0
104185,40,1942.31,5.8,574,2,sim,educacao,3900.0,36,0
104186,45,3008.81,4.8,366,0,sim,pessoal,19600.0,24,1
104187,45,6404.4,6.1,681,0,sim,veiculo,65500.0,24,0
104188,36,1837.14,3.0,740,1,nao,veiculo,4400.0,36,0
104189,31,3204.36,,567,1,nao,reforma,10300.0,48,0
104190,65,4123.26,15.5,796,2,sim,veiculo,29900.0,60,0
104191,52,3351.74,11.7,529,3,nao,veiculo,4000.0,60,0
104192,50,18252.92,0.6,727,1,nao,pessoal,65200.0,36,0
104193,47,3202.02,6.8,867,3,nao,pessoal,9300.0,12,0
104194,28,4123.71,12.0,645,0,nao,pessoal,24800.0,24,0
104195,55,2718.81,9.2,611,2,nao,negocio,8200.0,12,0
104196,30,4416.71,0.1,626,1,sim,negocio,20300.0,24,1
104197,43,6215.25,8.6,852,1,sim,educacao,13300.0,12,0
104198,20,2087.15,2.6,692,0,nao,pessoal,12900.0,48,0
104199,18,,2.0,919,2,nao,pessoal,4900.0,36,0
104200,44,2378.62,1.4,676,0,sim,veiculo,14000.0,12,0
104201,30,,0.1,555,0,nao,pessoal,6500.0,36,1
104202,18,,,564,1,nao,negocio,4200.0,60,0
104203,46,2931.68,4.0,648,0,sim,educacao,10700.0,12,0
104204,65,1412.0,0.3,375,2,sim,negocio,7100.0,12,1
104205,57,10941.99,2.3,578,2,sim,negocio,18300.0,36,0
104206,37,2314.57,6.6,581,3,nao,veiculo,4900.0,12,0
104207,40,3252.07,7.9,671,0,sim,pessoal,12000.0,12,1
104208,51,10218.09,17.3,892,2,nao,educacao,26300.0,36,0
104209,53,3833.21,9.8,647,2,sim,veiculo,16300.0,36,0
104210,36,3250.48,1.6,390,1,sim,negocio,10000.0,60,1
104211,40,1895.16,7.2,521,0,nao,pessoal,3000.0,12,0
104212,44,1583.7,5.3,674,1,sim,veiculo,22400.0,60,0
104213,47,,3.1,652,1,nao,veiculo,10500.0,12,1
104214,38,4443.89,10.4,851,2,sim,pessoal,16800.0,24,0
104215,39,4355.74,3.0,765,0,sim,veiculo,44200.0,12,0
104216,57,,6.3,761,0,sim,pessoal,18700.0,24,0
104217,55,4190.43,1.6,612,0,sim,veiculo,20400.0,60,0
104218,46,1447.46,6.5,783,2,nao,veiculo,9600.0,12,0
104219,61,5337.48,3.6,524,2,sim,pessoal,26000.0,24,1
104220,35,3840.21,2.9,766,1,sim,educacao,18700.0,36,0
104221,59,12270.22,3.6,603,1,sim,pessoal,60400.0,12,0
104222,47,4034.56,5.0,452,0,sim,reforma,12800.0,36,1
104223,79,2467.47,13.0,717,0,sim,pessoal,16500.0,60,0
104224,26,3049.72,5.8,822,0,nao,reforma,16000.0,12,0
104225,32,2829.08,6.0,587,1,nao,veiculo,2500.0,12,0
104226,45,4996.54,0.6,843,2,sim,educacao,29100.0,36,0
104227,45,3992.62,10.3,425,1,nao,veiculo,8700.0,60,0
104228,63,2072.37,8.1,484,0,sim,veiculo,8400.0,60,0
104229,32,1412.0,0.2,621,0,nao,reforma,1800.0,60,1
104230,51,4788.71,16.6,592,0,nao,veiculo,11800.0,36,1
104231,54,8867.34,2.3,553,0,sim,veiculo,24900.0,36,0
104232,48,4241.11,0.4,657,1,nao,veiculo,20500.0,48,0
104233,28,5036.42,12.0,571,0,nao,reforma,12400.0,48,0
104234,57,7233.38,,593,0,nao,reforma,6900.0,24,0
104235,55,4798.95,4.9,676,1,sim,negocio,12500.0,48,0
104236,47,2567.2,,553,0,sim,pessoal,7200.0,48,0
104237,42,4239.83,2.0,626,0,nao,pessoal,21700.0,60,0
104238,43,7477.98,10.9,556,2,nao,veiculo,28600.0,48,0
104239,39,4927.82,6.3,483,1,nao,reforma,10900.0,48,0
104240,48,6127.08,5.9,739,2,nao,pessoal,25300.0,60,0
104241,40,2887.52,5.8,862,1,nao,pessoal,30400.0,24,0
104242,30,2956.01,4.7,778,2,nao,negocio,20900.0,36,0
104243,27,2977.11,9.1,683,1,nao,pessoal,3300.0,60,0
104244,31,3252.84,1.2,557,0,nao,veiculo,50300.0,36,0
104245,43,7318.83,3.6,603,0,nao,pessoal,52100.0,60,0
104246,40,1412.0,3.3,777,1,nao,pessoal,12800.0,12,0
104247,43,3915.21,3.7,343,2,sim,pessoal,5500.0,24,0
104248,46,3805.9,8.1,593,1,nao,pessoal,10400.0,24,0
104249,32,1593.47,6.4,735,0,sim,veiculo,7900.0,12,0
104250,58,5996.25,,492,0,sim,pessoal,10700.0,36,0
104251,37,,5.0,695,1,nao,veiculo,11600.0,36,0
104252,35,2887.49,8.7,689,0,nao,pessoal,26900.0,24,1
104253,46,10991.33,14.7,451,0,nao,negocio,31500.0,48,1
104254,18,,1.7,651,3,nao,pessoal,47500.0,48,0
104255,31,4589.33,10.0,560,1,nao,pessoal,24500.0,12,0
104256,52,5109.43,2.8,694,1,sim,educacao,5900.0,36,0
104257,19,2595.9,3.0,727,0,nao,educacao,5400.0,48,1
104258,53,,6.2,692,1,sim,veiculo,84700.0,12,0
104259,58,6442.09,1.8,649,1,sim,pessoal,12100.0,48,0
104260,36,2354.63,6.7,678,1,nao,educacao,15700.0,36,0
104261,44,1801.95,3.1,487,0,nao,reforma,9100.0,48,0
104262,53,5659.99,2.2,636,3,sim,veiculo,23900.0,24,0
104263,34,3366.93,5.7,536,1,nao,veiculo,8300.0,48,0
104264,50,1888.43,3.4,774,3,sim,pessoal,7900.0,24,1
104265,32,4288.61,0.8,729,0,nao,pessoal,41200.0,60,0
104266,34,2994.47,13.8,728,3,nao,pessoal,8300.0,24,0
104267,30,4423.8,3.8,863,2,nao,pessoal,22300.0,24,0
104268,44,4962.35,1.5,597,0,sim,negocio,57900.0,48,0
104269,54,2965.71,1.7,569,2,nao,educacao,12100.0,24,0
104270,38,5155.42,3.6,594,1,nao,pessoal,13400.0,24,0
104271,25,2352.83,9.0,432,0,nao,pessoal,6100.0,12,1
104272,27,2504.7,5.3,442,0,nao,veiculo,2500.0,60,0
104273,45,2935.59,0.2,721,4,nao,veiculo,5000.0,36,0
104274,62,7719.1,0.5,459,2,sim,educacao,33100.0,24,1
104275,45,3371.45,9.0,500,1,sim,negocio,21100.0,24,1
104276,35,7475.26,1.9,627,0,nao,veiculo,20300.0,36,1
104277,49,10939.62,10.0,586,1,sim,pessoal,68000.0,36,0
104278,37,2396.68,1.5,755,1,nao,negocio,14300.0,12,0
104279,35,1412.0,8.9,648,1,sim,veiculo,3100.0,12,0
104280,28,5719.39,2.2,536,3,nao,veiculo,14000.0,36,0
104281,57,3433.49,4.2,766,0,sim,reforma,5400.0,24,0
104282,18,1738.84,2.0,735,1,nao,veiculo,9500.0,60,0
104283,50,2997.76,4.1,457,1,sim,pessoal,10500.0,24,0
104284,34,2763.74,6.6,673,2,nao,reforma,16500.0,24,0
104285,35,7172.19,0.3,547,1,sim,pessoal,24200.0,12,0
104286,60,4524.98,2.2,544,3,sim,pessoal,9000.0,48,0
104287,31,6778.43,0.4,883,3,nao,veiculo,37900.0,24,1
104288,32,,,656,1,nao,pessoal,4700.0,24,0
104289,38,,3.6,612,1,sim,educacao,8800.0,12,0
104290,45,3173.9,8.3,651,3,sim,negocio,7000.0,12,0
104291,35,4785.74,,754,0,nao,negocio,41800.0,24,1
104292,21,4594.55,0.5,549,0,nao,pessoal,45900.0,24,1
104293,30,5716.57,4.0,571,1,nao,negocio,25800.0,48,1
104294,55,3588.79,4.0,725,0,sim,pessoal,8900.0,12,0
104295,41,4146.96,2.7,443,2,sim,veiculo,40800.0,24,1
104296,45,,5.0,769,0,sim,pessoal,12500.0,60,0
104297,37,2913.04,1.7,431,1,nao,educacao,4400.0,48,1
104298,32,1814.89,14.4,608,2,nao,pessoal,1900.0,60,0
104299,60,2659.7,1.4,432,1,sim,reforma,9900.0,12,0
104300,38,3188.07,,503,1,nao,educacao,4000.0,36,1
104301,35,5057.99,15.6,809,2,nao,veiculo,41500.0,24,0
104302,53,8282.12,2.0,776,1,sim,educacao,20500.0,60,0
104303,31,1587.15,6.4,790,0,nao,pessoal,2600.0,60,0
104304,33,2469.51,1.5,452,1,nao,pessoal,16900.0,36,1
104305,40,3058.65,10.6,503,1,nao,veiculo,18100.0,24,0
104306,40,5765.5,1.0,684,2,sim,reforma,54700.0,36,0
104307,43,2879.49,4.8,733,2,nao,pessoal,3600.0,60,0
104308,65,3271.7,8.9,536,2,sim,educacao,3600.0,36,0
104309,44,1790.2,3.0,565,0,sim,pessoal,16000.0,48,0
104310,18,3652.8,,493,1,nao,reforma,2400.0,48,1
104311,44,3561.4,20.9,856,0,sim,pessoal,6000.0,12,0
104312,40,2598.86,1.5,578,0,nao,veiculo,9400.0,48,0
104313,41,3265.07,9.3,644,1,nao,veiculo,5100.0,24,1
104314,43,7155.78,21.4,651,1,sim,veiculo,28400.0,60,0
104315,40,2142.79,3.8,784,1,nao,pessoal,3800.0,24,0
104316,39,2317.63,0.6,516,0,sim,veiculo,17600.0,36,1
104317,47,8000.65,3.1,792,1,sim,pessoal,43100.0,24,0
104318,33,3575.97,0.5,474,2,sim,pessoal,14800.0,12,1
104319,29,4714.79,9.9,792,2,nao,pessoal,13300.0,48,1
104320,76,5168.72,7.2,417,1,sim,negocio,9700.0,48,0
104321,31,3281.6,2.6,626,2,nao,pessoal,10600.0,60,0
104322,41,3109.46,1.0,851,3,nao,veiculo,5200.0,36,1
104323,22,4689.12,6.0,731,1,nao,pessoal,51800.0,24,0
104324,41,7137.04,2.3,695,0,nao,reforma,30300.0,24,0
104325,29,5921.82,10.2,504,3,nao,pessoal,12300.0,24,1
104326,35,1830.79,7.8,544,2,nao,pessoal,16400.0,24,1
104327,53,8494.02,12.1,815,2,sim,negocio,28900.0,36,0
104328,46,3265.5,5.0,701,1,sim,negocio,26500.0,24,0
104329,47,2652.54,7.7,756,1,nao,pessoal,21100.0,60,1
104330,19,,2.7,650,3,nao,reforma,11800.0,12,1
104331,62,,6.4,603,2,sim,negocio,10700.0,48,0
104332,26,,10.0,740,1,nao,negocio,10400.0,36,0
104333,58,3600.95,2.8,674,0,sim,pessoal,108600.0,36,1
104334,52,6569.11,0.7,618,1,sim,educacao,16500.0,36,0
104335,47,4339.28,0.5,456,1,nao,pessoal,13000.0,60,1
104336,30,2410.9,13.0,764,0,nao,reforma,6400.0,48,0
104337,42,2579.73,,697,5,nao,veiculo,5100.0,24,0
104338,34,4350.8,11.2,561,1,nao,reforma,23200.0,24,0
104339,40,3558.77,2.8,793,1,nao,negocio,5600.0,60,0
104340,37,1688.52,2.9,672,1,nao,pessoal,3600.0,36,0
104341,18,4461.83,2.0,674,1,nao,pessoal,18800.0,48,0
104342,53,3182.0,12.3,755,2,sim,veiculo,9600.0,24,0
104343,39,8838.54,8.8,727,1,nao,veiculo,34100.0,48,0
104344,34,1604.94,4.9,678,1,sim,veiculo,5500.0,36,0
104345,33,3105.49,1.7,615,1,sim,educacao,5400.0,36,0
104346,44,2648.35,1.5,898,2,sim,reforma,22300.0,60,0
104347,29,1907.62,11.2,545,0,nao,educacao,13300.0,36,0
104348,18,2142.31,0.9,737,0,nao,pessoal,4200.0,24,0
104349,45,,2.3,629,0,sim,pessoal,48500.0,36,0
104350,46,4302.21,3.9,699,2,nao,negocio,11200.0,12,0
104351,38,2355.01,3.6,800,1,nao,veiculo,15800.0,24,0
104352,26,1412.0,10.0,599,2,nao,reforma,8300.0,36,1
104353,41,1461.21,,718,0,sim,pessoal,10900.0,12,0
104354,22,2209.65,6.0,675,4,nao,reforma,4400.0,36,0
104355,28,2272.44,2.4,557,1,nao,pessoal,3500.0,36,0
104356,31,,7.0,804,1,nao,educacao,3400.0,24,0
104357,50,1412.0,10.1,732,1,sim,pessoal,24600.0,24,0
104358,36,3381.13,0.8,584,3,sim,pessoal,20400.0,48,0
104359,35,6184.25,0.9,783,1,nao,pessoal,45700.0,60,0
104360,63,10117.07,15.2,532,0,sim,pessoal,15000.0,24,0
104361,44,1412.0,5.2,636,3,nao,negocio,7200.0,24,0
104362,44,2504.67,4.3,584,1,nao,veiculo,3100.0,60,0
104363,36,2222.89,1.4,738,0,nao,veiculo,10200.0,60,0
104364,33,,1.0,578,3,nao,pessoal,13200.0,60,1
104365,18,1431.53,2.0,739,1,nao,veiculo,4200.0,12,0
104366,52,10453.18,10.9,717,1,sim,pessoal,26400.0,60,0
104367,45,4029.31,8.1,591,1,sim,reforma,28600.0,60,1
104368,38,3401.62,1.1,878,0,nao,negocio,8700.0,24,0
104369,38,8740.58,6.0,543,1,nao,pessoal,68900.0,36,1
104370,49,,0.4,457,0,sim,educacao,13800.0,24,0
104371,21,3646.63,5.0,751,2,nao,negocio,16000.0,36,0
104372,33,2269.64,4.3,361,0,nao,negocio,11100.0,36,1
104373,26,1475.76,0.9,834,3,nao,reforma,6800.0,12,0
104374,61,2962.29,5.3,653,2,nao,negocio,11900.0,60,0
104375,51,13797.65,3.0,454,1,sim,veiculo,150000.0,60,1
104376,18,,2.0,517,0,nao,veiculo,27300.0,60,0
104377,22,3451.75,6.0,428,0,nao,reforma,2600.0,12,0
104378,38,2127.57,10.6,690,0,nao,pessoal,6600.0,48,0
104379,34,5731.16,10.2,468,1,nao,pessoal,48900.0,60,1
104380,24,1446.38,8.0,705,0,nao,veiculo,3100.0,12,0
104381,63,1750.29,2.7,600,0,sim,pessoal,6100.0,36,0
104382,44,2862.04,23.9,578,2,nao,veiculo,10500.0,24,0
104383,46,11649.3,3.3,706,3,nao,educacao,106000.0,48,0
104384,32,9622.28,16.0,721,2,nao,reforma,18000.0,36,0
104385,49,3200.46,2.6,789,3,sim,reforma,6500.0,60,0
104386,35,2425.28,1.4,558,1,nao,reforma,11500.0,36,0
104387,37,1459.62,4.4,636,2,sim,pessoal,6300.0,48,1
104388,47,4194.19,0.0,557,1,sim,pessoal,20100.0,24,1
104389,20,3152.78,4.0,661,0,nao,pessoal,13400.0,36,0
104390,59,6397.56,11.5,539,0,sim,negocio,20900.0,60,1
104391,42,6283.92,0.3,585,0,sim,negocio,30800.0,48,0
104392,55,3717.6,11.2,586,1,nao,veiculo,14700.0,60,0
104393,27,4314.87,,678,0,nao,veiculo,13000.0,36,0
104394,29,2218.85,2.8,640,0,nao,negocio,7500.0,36,0
104395,26,4213.62,10.0,706,0,nao,pessoal,10700.0,60,0
104396,43,2912.74,0.2,626,2,sim,pessoal,6700.0,24,0
104397,41,4848.72,5.8,565,2,nao,reforma,23700.0,48,0
104398,34,4275.52,3.8,665,1,nao,veiculo,6800.0,48,0
104399,28,3344.19,6.0,521,0,nao,negocio,17700.0,60,1
104400,25,4789.67,9.0,714,0,nao,educacao,14300.0,36,0
104401,39,1552.3,7.9,603,2,nao,negocio,5100.0,36,1
104402,34,1932.91,1.4,667,0,sim,reforma,6100.0,12,0
104403,32,2920.36,1.4,669,1,nao,negocio,13800.0,60,0
104404,59,1873.61,6.6,848,1,sim,reforma,15900.0,24,0
104405,39,2943.74,5.9,690,0,nao,veiculo,30400.0,36,1
104406,55,3372.37,1.4,650,1,sim,veiculo,22100.0,24,0
104407,34,7135.32,,550,1,nao,negocio,26200.0,36,1
104408,43,4163.96,13.5,744,2,sim,pessoal,23500.0,24,0
104409,39,6485.98,0.1,605,0,sim,veiculo,6700.0,36,0
104410,20,3404.5,1.4,442,2,nao,veiculo,17200.0,48,1
104411,57,3086.52,2.5,615,0,sim,reforma,13600.0,36,1
104412,38,3917.79,3.7,665,1,nao,reforma,5400.0,12,0
104413,49,6126.72,,534,0,nao,veiculo,15100.0,60,1
104414,31,6450.36,1.6,625,1,nao,reforma,26700.0,36,0
104415,38,3384.52,1.0,631,1,sim,veiculo,14900.0,24,0
104416,30,1412.0,5.9,633,0,nao,pessoal,8800.0,24,0
104417,55,1611.02,8.4,801,1,sim,reforma,15400.0,60,0
104418,44,3252.41,5.3,469,2,nao,pessoal,10400.0,60,1
104419,44,,1.2,904,3,sim,educacao,2500.0,60,0
104420,56,11122.49,7.1,636,1,sim,negocio,63700.0,60,0
104421,54,5754.46,0.1,715,0,nao,pessoal,43600.0,36,0
104422,49,2891.74,,657,0,sim,pessoal,21700.0,36,0
104423,23,1634.99,,416,4,nao,pessoal,7600.0,60,1
104424,32,5963.78,1.6,503,1,nao,educacao,69300.0,24,0
104425,28,1745.22,0.4,572,1,nao,pessoal,5200.0,48,0
104426,49,,2.4,769,0,sim,veiculo,21400.0,36,0
104427,42,2498.86,5.9,460,1,sim,veiculo,4400.0,24,0
104428,23,3204.92,7.0,529,0,nao,educacao,2900.0,24,0
104429,38,5121.37,1.7,661,2,sim,reforma,8800.0,24,0
104430,22,5719.37,5.4,701,1,nao,veiculo,14200.0,12,0
104431,39,6541.66,0.5,698,0,sim,veiculo,22900.0,36,0
104432,20,2885.23,4.0,512,1,nao,educacao,5800.0,24,1
104433,46,6969.64,4.7,432,2,sim,veiculo,26300.0,12,0
104434,45,2719.93,4.4,710,2,sim,veiculo,14000.0,24,0
104435,63,1522.24,3.3,826,1,sim,pessoal,6600.0,36,0
104436,50,,10.4,595,2,nao,pessoal,9200.0,60,0
104437,35,2255.36,13.6,491,1,nao,veiculo,16200.0,36,1
104438,50,2927.27,,584,1,sim,veiculo,6300.0,36,0
104439,23,1775.86,2.5,691,1,nao,reforma,5400.0,48,0
104440,28,2498.7,0.1,610,2,nao,negocio,6300.0,48,1
104441,44,5473.58,,823,0,nao,pessoal,28300.0,60,0
104442,18,7192.3,1.7,760,1,nao,veiculo,19500.0,36,0
104443,40,1441.75,0.5,664,2,sim,educacao,6400.0,36,0
104444,28,,0.5,386,1,nao,pessoal,9100.0,60,1
104445,41,2436.88,7.7,550,1,sim,veiculo,6300.0,36,0
104446,27,,2.9,569,3,sim,veiculo,6500.0,36,0
104447,45,3514.63,7.2,543,0,nao,veiculo,10700.0,48,0
104448,40,2500.62,3.1,665,0,nao,pessoal,5400.0,24,1
104449,57,6146.39,3.4,667,1,sim,pessoal,14600.0,48,0
104450,40,6301.66,5.1,422,3,sim,pessoal,5000.0,48,0
104451,31,3311.65,0.5,745,1,nao,negocio,4400.0,36,0
104452,37,2296.66,7.2,642,2,sim,pessoal,13000.0,24,0
104453,24,3541.15,0.6,686,0,nao,pessoal,7100.0,36,0
104454,45,3460.31,0.7,737,0,nao,reforma,24200.0,60,1
104455,47,3519.18,0.7,540,1,sim,negocio,8000.0,36,1
104456,70,3126.27,5.5,804,2,sim,pessoal,14600.0,60,0
104457,33,5704.76,1.6,622,0,sim,reforma,17200.0,12,0
104458,37,4128.08,,837,2,nao,pessoal,21300.0,48,0
104459,33,6062.95,4.0,524,1,nao,pessoal,18200.0,24,0
104460,43,8028.94,3.2,827,4,nao,negocio,31900.0,36,0
104461,45,5063.69,,522,2,nao,reforma,37100.0,60,1
104462,39,2786.8,0.2,971,1,sim,veiculo,12900.0,36,0
104463,53,7343.69,3.2,516,2,nao,pessoal,17000.0,36,1
104464,33,4431.22,7.7,777,1,nao,veiculo,5000.0,60,0
104465,52,17348.63,2.1,593,0,sim,pessoal,56900.0,36,0
104466,46,4715.4,2.4,733,1,sim,veiculo,21400.0,36,0
104467,40,5465.89,3.2,635,1,sim,reforma,21000.0,24,0
104468,36,4171.89,3.4,498,1,sim,veiculo,8600.0,36,0
104469,69,3924.18,1.5,300,0,sim,reforma,15000.0,48,0
104470,30,2865.66,3.4,966,3,nao,pessoal,14900.0,36,0
104471,44,4575.69,11.8,649,2,nao,educacao,37000.0,24,0
104472,31,4456.72,1.1,300,1,nao,negocio,13600.0,12,1
104473,61,7819.14,4.7,679,1,sim,negocio,119500.0,24,1
104474,51,,11.6,730,0,nao,pessoal,41100.0,60,0
104475,32,,16.0,547,0,nao,pessoal,10200.0,60,1
104476,46,3321.8,6.3,548,1,sim,veiculo,13600.0,36,0
104477,43,1859.78,3.2,637,1,nao,veiculo,15000.0,60,0
104478,34,8657.26,0.4,796,0,nao,negocio,17000.0,12,0
104479,49,3046.0,0.0,653,0,sim,veiculo,6600.0,60,0
104480,45,6697.6,1.6,830,0,sim,veiculo,10800.0,24,0
104481,43,4482.48,2.7,787,1,nao,pessoal,13500.0,24,0
104482,39,4351.45,16.0,610,1,nao,negocio,9100.0,24,1
104483,45,3687.91,4.0,436,0,nao,pessoal,10400.0,36,0
104484,43,2496.24,4.8,611,3,sim,negocio,8600.0,36,0
104485,41,2210.72,5.5,708,0,nao,negocio,3400.0,12,0
104486,32,,1.3,648,0,nao,pessoal,69600.0,24,1
104487,60,4412.05,0.5,722,2,sim,educacao,31600.0,48,0
104488,27,5901.16,,752,0,sim,pessoal,15700.0,48,0
104489,45,8426.28,14.1,709,0,sim,pessoal,71800.0,24,0
104490,36,2836.78,0.7,604,1,nao,veiculo,12500.0,24,0
104491,61,5230.93,1.9,708,2,sim,negocio,35400.0,48,0
104492,29,3343.76,2.3,931,0,sim,veiculo,5200.0,36,0
104493,31,,6.3,446,0,nao,pessoal,5100.0,36,1
104494,28,2907.71,5.0,703,1,sim,veiculo,14800.0,36,0
104495,44,5376.58,6.3,878,2,sim,veiculo,17100.0,36,0
104496,24,2319.45,6.0,487,1,nao,pessoal,7300.0,36,1
104497,34,2903.94,6.0,770,0,sim,pessoal,9500.0,48,0
104498,18,2545.35,0.8,788,1,sim,pessoal,11100.0,60,0
104499,43,12297.72,,448,0,nao,veiculo,46000.0,36,0
104500,34,1412.0,8.1,733,2,nao,reforma,12600.0,24,0
104501,22,3911.0,,605,1,nao,reforma,7600.0,60,0
104502,53,3605.01,8.9,632,1,sim,pessoal,13400.0,12,0
104503,24,2145.64,8.0,598,2,nao,educacao,11500.0,60,0
104504,50,3556.69,15.8,811,1,nao,veiculo,5900.0,36,0
104505,32,4890.51,12.2,625,1,nao,pessoal,13900.0,48,0
104506,59,6172.78,3.9,580,0,nao,negocio,24000.0,36,0
104507,49,4543.89,1.9,582,0,nao,reforma,39200.0,24,1
104508,28,5873.14,2.0,596,1,nao,veiculo,22300.0,24,1
104509,29,6554.81,13.0,500,2,sim,pessoal,36200.0,12,0
104510,47,6295.22,11.6,579,1,nao,pessoal,36100.0,24,0
104511,37,2664.38,3.6,655,2,nao,veiculo,1800.0,24,0
104512,38,4777.54,,693,1,sim,negocio,17500.0,36,0
104513,55,5453.31,,797,0,sim,reforma,14700.0,60,0
104514,31,,5.8,671,1,nao,pessoal,18400.0,12,0
104515,41,1588.55,16.4,578,1,sim,reforma,8500.0,48,0
104516,51,1412.0,1.9,509,0,nao,pessoal,8400.0,24,0
104517,50,,7.8,678,0,sim,pessoal,20600.0,36,0
104518,38,4288.36,4.8,625,1,sim,educacao,16000.0,36,1
104519,37,1878.36,4.7,629,2,sim,veiculo,10900.0,48,0
104520,19,5052.21,3.0,674,3,nao,reforma,17500.0,12,1
104521,27,3455.52,11.0,708,1,nao,pessoal,26100.0,12,0
104522,44,8175.34,7.2,675,0,nao,pessoal,15100.0,24,0
104523,38,4462.81,2.9,618,1,sim,veiculo,29100.0,60,0
104524,41,2094.95,4.6,536,0,nao,veiculo,5900.0,24,0
104525,52,5331.95,0.1,560,0,sim,veiculo,28100.0,36,0
104526,26,4533.57,6.9,750,0,nao,reforma,6200.0,24,0
104527,37,2662.29,13.0,585,1,sim,reforma,11000.0,36,1
104528,42,1722.8,3.5,465,2,sim,reforma,5500.0,36,1
104529,32,3580.14,10.1,791,0,nao,pessoal,12200.0,24,0
104530,57,2389.77,0.7,517,1,sim,veiculo,2900.0,24,1
104531,51,7676.39,7.4,645,0,sim,veiculo,27400.0,24,0
104532,43,3077.53,1.3,704,1,nao,veiculo,11600.0,24,0
104533,62,10699.45,0.3,640,2,sim,pessoal,12900.0,36,0
104534,22,1412.0,2.6,318,0,nao,negocio,2500.0,48,1
104535,40,4010.58,4.1,691,0,nao,pessoal,15400.0,24,0
104536,44,8542.8,3.9,812,0,nao,negocio,38200.0,24,0
104537,29,1999.05,13.0,742,1,nao,educacao,6800.0,24,0
104538,44,3565.71,3.5,364,0,sim,veiculo,12800.0,48,1
104539,27,2546.15,1.1,917,0,nao,pessoal,9100.0,24,0
104540,48,2787.4,1.9,468,0,nao,veiculo,7000.0,60,1
104541,53,4740.79,4.8,500,1,sim,pessoal,14900.0,24,1
104542,43,1888.14,5.7,742,2,nao,negocio,2900.0,24,0
104543,18,2634.22,0.9,699,1,sim,pessoal,6500.0,24,0
104544,28,4276.69,4.8,650,1,nao,veiculo,14600.0,36,0
104545,47,,2.8,566,1,nao,reforma,26200.0,36,1
104546,40,2148.32,1.3,813,2,nao,pessoal,7000.0,24,0
104547,18,4934.35,2.0,635,1,nao,veiculo,59500.0,60,1
104548,55,6192.28,2.9,436,0,sim,reforma,69000.0,48,1
104549,42,2147.82,,800,0,nao,pessoal,7800.0,60,0
104550,30,1621.54,14.0,669,2,nao,pessoal,4400.0,60,0
104551,52,2454.94,2.0,785,3,sim,veiculo,33500.0,36,0
104552,32,4572.87,0.1,714,1,nao,veiculo,25000.0,48,0
104553,32,3942.46,14.1,951,0,nao,veiculo,18000.0,36,0
104554,44,6010.26,6.0,600,1,nao,pessoal,13600.0,36,1
104555,61,3463.5,1.9,642,4,sim,veiculo,9400.0,48,0
104556,59,2491.93,1.0,734,1,sim,pessoal,4800.0,36,0
104557,44,6451.35,6.3,601,1,nao,pessoal,55100.0,36,0
104558,46,2932.57,1.3,744,2,nao,veiculo,13900.0,12,0
104559,49,4545.22,3.1,300,1,sim,veiculo,13200.0,60,1
104560,25,1412.0,3.2,631,0,sim,veiculo,3700.0,12,0
104561,48,2967.7,18.7,627,1,nao,pessoal,5700.0,12,0
104562,31,5829.51,2.8,622,1,nao,reforma,19600.0,12,0
104563,44,2624.71,5.3,526,0,nao,pessoal,10200.0,36,0
104564,37,5631.38,6.7,758,2,nao,pessoal,5000.0,24,0
104565,46,1412.0,9.6,574,0,nao,educacao,2800.0,60,0
104566,41,2768.62,2.6,666,3,nao,negocio,6500.0,36,0
104567,18,,0.8,635,3,nao,negocio,17100.0,48,0
104568,42,,2.1,705,1,sim,veiculo,24900.0,12,0
104569,48,2134.43,16.8,826,2,sim,pessoal,2500.0,36,0
104570,45,5689.96,,665,2,sim,educacao,10300.0,36,0
104571,39,6584.83,9.2,749,0,nao,reforma,64900.0,24,0
104572,60,2786.66,0.2,659,1,sim,negocio,7800.0,24,0
104573,44,3169.22,24.4,574,0,nao,veiculo,5900.0,48,0
104574,45,4252.69,4.8,622,1,sim,veiculo,5500.0,48,0
104575,53,1834.63,7.1,603,0,sim,pessoal,6500.0,60,0
104576,44,3030.16,2.0,714,1,sim,pessoal,11500.0,36,0
104577,29,6581.1,13.0,654,1,nao,reforma,30000.0,24,0
104578,18,3732.5,0.5,537,1,nao,negocio,67100.0,60,1
104579,34,3185.21,,611,1,nao,veiculo,5300.0,60,0
104580,49,4365.2,19.3,442,1,sim,pessoal,12200.0,36,0
104581,36,4894.61,0.3,616,0,nao,veiculo,20400.0,12,0
104582,50,6337.52,0.1,640,1,nao,pessoal,17100.0,24,0
104583,42,2804.08,2.1,875,1,nao,negocio,2800.0,48,0
104584,55,9638.43,4.0,815,1,sim,pessoal,45800.0,12,0
104585,36,7334.78,4.3,506,1,nao,pessoal,17600.0,24,1
104586,46,5770.55,17.0,666,2,nao,veiculo,10700.0,24,0
104587,46,2500.89,0.3,669,0,sim,veiculo,5100.0,48,0
104588,58,2364.43,15.3,610,1,sim,reforma,21000.0,36,0
104589,20,2409.81,4.0,618,1,sim,veiculo,18400.0,36,0
104590,34,3590.0,1.7,594,2,sim,negocio,6500.0,48,1
104591,50,1566.73,19.9,883,2,sim,veiculo,1900.0,48,0
104592,59,5439.8,13.5,586,0,nao,pessoal,32600.0,24,0
104593,43,,2.2,684,1,nao,pessoal,94100.0,24,0
104594,36,,1.0,311,0,nao,veiculo,69300.0,24,1
104595,49,2828.21,3.9,747,1,nao,veiculo,4200.0,24,0
104596,50,2677.11,4.3,794,2,sim,veiculo,21200.0,12,0
104597,36,4193.58,6.9,503,2,sim,pessoal,14600.0,36,0
104598,44,3577.29,0.5,573,0,sim,pessoal,3900.0,24,0
104599,54,5287.44,0.6,699,1,nao,pessoal,11000.0,48,0
104600,63,5769.63,8.8,643,0,sim,reforma,12600.0,12,1
104601,49,7478.37,22.3,701,1,sim,reforma,34800.0,60,0
104602,41,2020.5,3.1,603,0,nao,pessoal,3100.0,12,0
104603,39,4159.3,15.0,882,0,nao,veiculo,25600.0,24,0
104604,47,3289.95,0.3,553,0,sim,negocio,15300.0,48,1
104605,39,3487.58,5.6,990,1,nao,pessoal,22500.0,60,0
104606,42,6125.92,1.9,801,0,sim,pessoal,14400.0,12,0
104607,27,5427.46,11.0,748,4,nao,veiculo,24100.0,60,0
104608,56,8942.41,9.2,505,1,sim,pessoal,16800.0,48,1
104609,26,3963.08,2.4,758,2,sim,pessoal,20800.0,36,0
104610,35,3307.68,,719,0,nao,negocio,10000.0,36,0
104611,41,3277.01,7.1,364,2,sim,educacao,10600.0,24,1
104612,64,1596.07,1.2,457,2,sim,reforma,5500.0,24,1
104613,35,7341.99,2.9,686,1,nao,negocio,9000.0,12,0
104614,32,,16.0,623,1,nao,pessoal,20300.0,12,1
104615,33,4530.37,17.0,573,2,sim,negocio,16700.0,36,0
104616,60,6020.13,,780,0,sim,negocio,43100.0,12,0
104617,18,1412.0,2.0,525,3,nao,veiculo,9700.0,12,1
104618,28,1937.78,3.1,581,1,nao,negocio,4200.0,12,1
104619,73,9703.85,6.8,556,1,sim,educacao,28900.0,36,0
104620,47,4713.94,0.1,706,0,nao,pessoal,6500.0,48,0
104621,27,2309.27,1.7,416,1,nao,pessoal,16900.0,48,1
104622,39,3434.82,23.0,575,1,sim,reforma,14600.0,60,0
104623,41,6844.49,0.2,416,2,sim,veiculo,27000.0,60,0
104624,50,6927.75,3.3,599,0,sim,veiculo,20500.0,24,0
104625,62,1850.24,5.6,734,0,sim,pessoal,3600.0,24,0
104626,45,9665.02,3.2,736,3,sim,pessoal,73000.0,36,0
104627,34,5906.85,,545,1,nao,pessoal,68900.0,12,1
104628,49,3772.03,5.0,709,0,nao,veiculo,29200.0,24,0
104629,32,,16.0,616,1,nao,pessoal,5600.0,60,0
104630,28,5749.35,4.7,817,1,nao,pessoal,25400.0,36,0
104631,19,3693.38,3.0,623,1,nao,negocio,24600.0,36,1
104632,21,1412.0,2.0,300,0,nao,veiculo,5200.0,48,0
104633,29,2871.11,5.6,756,0,nao,negocio,32300.0,60,0
104634,26,17502.49,10.0,580,1,nao,pessoal,129600.0,60,0
104635,44,3927.48,24.0,604,1,nao,veiculo,73100.0,60,0
104636,26,2085.2,4.4,684,0,nao,reforma,8200.0,24,0
104637,18,,2.0,455,1,sim,negocio,1300.0,36,1
104638,27,8422.5,4.9,650,2,nao,reforma,30800.0,12,1
104639,34,5534.48,3.9,709,1,sim,negocio,15400.0,60,0
104640,33,7438.37,1.0,687,5,nao,pessoal,28900.0,24,1
104641,58,4750.09,1.0,562,0,sim,pessoal,48500.0,24,1
104642,33,6836.47,16.3,769,2,nao,negocio,17300.0,60,0
104643,51,2598.89,7.2,510,1,sim,veiculo,5500.0,36,0
104644,40,4072.36,0.1,559,0,nao,pessoal,9700.0,24,0
104645,39,4311.71,4.8,622,1,nao,pessoal,55000.0,12,0
104646,30,7067.31,2.3,678,1,nao,educacao,18800.0,36,1
104647,39,4387.76,6.7,598,2,sim,pessoal,17900.0,36,1
104648,31,2372.0,9.2,800,0,sim,veiculo,25100.0,48,0
104649,42,3944.59,7.7,678,0,nao,pessoal,20600.0,24,0
104650,37,1430.97,2.3,650,2,nao,pessoal,1300.0,48,0
104651,29,1412.0,8.1,674,2,nao,veiculo,3700.0,24,0
104652,52,6546.3,22.4,735,0,sim,pessoal,15500.0,60,0
104653,45,3201.27,20.5,671,2,sim,reforma,3900.0,48,0
104654,35,3043.4,1.1,405,1,nao,pessoal,8000.0,60,1
104655,42,6014.21,10.3,782,2,nao,educacao,4100.0,12,0
104656,39,7939.19,4.6,656,2,nao,veiculo,33800.0,60,0
104657,30,4433.11,0.0,729,2,nao,pessoal,15600.0,60,0
104658,41,,5.7,587,0,nao,reforma,24900.0,36,0
104659,33,4522.38,6.7,403,0,nao,veiculo,5300.0,60,1
104660,29,3851.87,4.9,344,2,sim,pessoal,31100.0,48,0
104661,21,3339.6,5.0,517,1,nao,pessoal,8300.0,60,0
104662,36,1753.5,0.3,707,0,nao,veiculo,11900.0,48,0
104663,47,6797.69,3.1,809,0,nao,pessoal,22100.0,60,0
104664,32,1412.0,2.3,679,0,nao,reforma,11900.0,24,1
104665,70,3001.83,0.8,503,1,sim,veiculo,14900.0,24,0
104666,51,4196.59,0.6,538,0,sim,pessoal,15700.0,36,0
104667,56,2683.96,0.5,817,2,sim,pessoal,5700.0,48,0
104668,50,3232.31,15.6,470,0,sim,pessoal,24700.0,24,0
104669,62,11396.63,6.0,913,2,sim,pessoal,35300.0,36,0
104670,31,6140.95,1.4,884,0,nao,veiculo,13200.0,24,0
104671,18,1920.17,2.0,918,4,nao,pessoal,6100.0,60,1
104672,35,2714.19,7.1,689,0,nao,veiculo,9200.0,48,0
104673,47,1990.59,29.3,596,2,sim,pessoal,11800.0,12,0
104674,42,5611.68,1.6,686,0,sim,negocio,6300.0,12,0
104675,43,3355.88,7.5,758,0,nao,veiculo,49100.0,60,0
104676,56,1412.0,1.0,555,4,sim,educacao,6500.0,24,1
104677,45,4158.22,0.1,497,1,sim,veiculo,14400.0,36,0
104678,50,,4.3,603,0,sim,pessoal,24100.0,60,0
104679,29,5540.41,1.4,540,4,nao,veiculo,7700.0,60,1
104680,27,,9.2,801,0,nao,veiculo,11500.0,12,0
104681,59,3376.0,0.3,560,0,sim,reforma,17500.0,36,0
104682,41,11228.54,5.7,652,1,nao,negocio,32900.0,60,1
104683,33,3442.45,14.4,768,1,nao,pessoal,16500.0,24,0
104684,33,5095.3,0.8,806,2,sim,pessoal,28700.0,48,1
104685,32,2518.07,2.3,667,1,nao,reforma,5700.0,48,0
104686,31,4890.12,6.5,690,2,nao,pessoal,36200.0,12,1
104687,25,1412.0,2.7,508,2,sim,educacao,4800.0,24,0
104688,22,,6.0,773,3,nao,reforma,25300.0,24,1
104689,38,1872.8,0.6,804,1,nao,educacao,14400.0,12,0
104690,33,2459.17,3.6,397,0,nao,pessoal,11000.0,12,1
104691,53,8243.46,0.3,869,2,sim,pessoal,17700.0,24,0
104692,44,2779.15,,549,2,nao,veiculo,9100.0,36,1
104693,43,5715.11,2.7,717,1,sim,pessoal,36600.0,60,0
104694,31,,9.6,650,1,nao,educacao,19300.0,60,0
104695,39,3626.57,4.3,632,0,sim,veiculo,16500.0,60,0
104696,44,6722.74,4.3,613,1,nao,veiculo,32700.0,48,0
104697,49,5493.53,2.3,511,0,sim,pessoal,18000.0,12,1
104698,39,3925.51,1.8,708,0,nao,veiculo,8400.0,36,0
104699,53,6260.97,,603,0,sim,pessoal,57100.0,48,0
104700,40,10244.74,2.8,470,1,sim,veiculo,47700.0,60,1
104701,50,2918.77,1.6,505,0,sim,pessoal,8500.0,36,0
104702,34,2048.63,11.8,472,4,sim,reforma,4500.0,48,0
104703,18,1599.62,,572,1,nao,educacao,9600.0,60,1
104704,43,6652.61,10.5,703,0,nao,pessoal,22300.0,36,0
104705,49,7634.11,5.8,548,3,sim,pessoal,48000.0,48,0
104706,47,2990.42,6.6,767,0,sim,reforma,6000.0,60,0
104707,45,1412.0,5.4,625,0,sim,reforma,5900.0,48,0
104708,36,2453.51,2.7,602,1,nao,pessoal,6400.0,12,0
104709,30,4465.82,1.2,642,2,nao,pessoal,44400.0,60,1
104710,47,3873.22,10.1,821,1,sim,reforma,16900.0,60,1
104711,45,4344.23,7.4,462,1,nao,veiculo,8400.0,24,0
104712,33,2572.1,2.1,855,2,nao,veiculo,15800.0,60,0
104713,53,,2.9,765,0,sim,pessoal,53100.0,12,0
104714,29,3939.67,12.2,637,1,nao,reforma,11300.0,60,0
104715,33,4735.63,2.3,794,1,nao,pessoal,10200.0,60,0
104716,60,4522.87,3.8,598,0,sim,veiculo,4200.0,24,0
104717,50,5529.32,5.4,677,1,sim,reforma,37500.0,60,0
104718,36,4576.12,,570,0,sim,veiculo,5600.0,12,0
104719,43,2310.89,3.3,766,2,sim,pessoal,7900.0,60,0
104720,42,4675.28,5.4,548,0,sim,pessoal,5800.0,36,0
104721,18,4327.32,2.0,633,0,nao,reforma,44600.0,36,1
104722,29,6157.48,6.2,728,0,nao,negocio,48000.0,60,0
104723,39,4628.88,16.1,776,2,nao,negocio,19400.0,12,0
104724,36,2091.22,20.0,533,0,nao,educacao,13700.0,36,0
104725,43,,0.2,738,2,sim,reforma,8000.0,48,0
104726,54,3261.97,7.1,512,1,sim,negocio,7000.0,12,0
104727,36,3946.55,2.0,360,0,nao,veiculo,5100.0,12,1
104728,27,2971.37,4.5,543,2,nao,negocio,16700.0,36,0
104729,44,2097.76,,749,2,nao,veiculo,4000.0,24,0
104730,36,1910.36,3.2,638,3,nao,veiculo,30400.0,36,1
104731,38,1412.0,2.3,570,0,nao,pessoal,2500.0,36,0
104732,36,1412.0,,647,1,sim,veiculo,9100.0,24,0
104733,67,3854.27,9.7,643,2,sim,pessoal,29000.0,24,0
104734,18,10031.66,0.2,721,3,nao,veiculo,15700.0,24,0
104735,35,9440.26,0.1,430,1,nao,veiculo,25200.0,24,1
104736,40,,,627,0,nao,negocio,6600.0,48,0
104737,31,3633.56,2.8,656,2,nao,educacao,102800.0,12,1
104738,51,1851.77,5.4,463,3,sim,pessoal,5600.0,60,0
104739,50,2013.76,1.7,461,0,nao,reforma,3600.0,12,1
104740,39,1905.69,4.9,593,2,sim,veiculo,9000.0,24,1
104741,37,3178.32,2.3,641,1,sim,pessoal,5900.0,60,0
104742,39,3330.44,2.6,642,5,nao,negocio,11200.0,12,0
104743,39,4231.02,,568,1,sim,pessoal,11300.0,36,0
104744,39,5302.75,7.4,562,1,nao,educacao,25300.0,24,0
104745,38,3024.36,0.7,589,1,nao,pessoal,7600.0,60,0
104746,43,3927.43,11.6,679,0,nao,negocio,9100.0,24,1
104747,49,2247.63,2.7,802,4,nao,reforma,15000.0,12,0
104748,25,1476.97,1.8,351,0,nao,veiculo,6100.0,36,0
104749,27,1412.0,7.6,721,2,nao,pessoal,5000.0,24,0
104750,19,,3.0,626,0,nao,pessoal,4500.0,60,0
104751,50,3441.17,0.1,708,0,nao,pessoal,17500.0,60,0
104752,43,,11.3,794,1,nao,educacao,3700.0,48,0
104753,46,3840.4,,542,0,sim,reforma,15900.0,12,0
104754,23,1514.5,5.6,763,1,nao,pessoal,1800.0,48,0
104755,61,10328.12,12.5,477,1,sim,veiculo,42700.0,12,0
104756,33,2494.8,6.2,657,0,nao,pessoal,9800.0,12,0
104757,42,5539.66,17.5,608,0,sim,reforma,16900.0,24,0
104758,50,7542.78,1.9,646,1,sim,pessoal,15500.0,36,0
104759,28,1904.41,9.4,511,1,nao,educacao,13400.0,36,0
104760,33,3576.51,6.6,697,1,nao,reforma,8000.0,48,0
104761,42,5162.97,26.0,846,2,nao,pessoal,31200.0,36,0
104762,74,4415.9,1.0,514,1,sim,pessoal,29000.0,24,0
104763,44,4747.07,3.3,665,2,nao,veiculo,10100.0,12,0
104764,59,1994.44,6.5,751,1,nao,negocio,10900.0,36,1
104765,54,5620.28,4.0,601,2,sim,pessoal,15200.0,48,0
104766,44,2978.84,0.4,817,0,sim,veiculo,15300.0,24,0
104767,28,3902.35,2.4,584,0,nao,veiculo,7800.0,36,0
104768,53,6873.38,4.0,625,0,sim,pessoal,22500.0,60,0
104769,22,4287.63,,511,1,nao,pessoal,15700.0,24,0
104770,59,5020.14,4.8,656,0,sim,veiculo,17300.0,60,0
104771,42,5420.97,6.5,640,0,nao,pessoal,23800.0,60,0
104772,18,4088.78,2.0,723,0,nao,reforma,8800.0,60,0
104773,36,8094.31,3.0,557,1,nao,negocio,20300.0,12,0
104774,48,3984.67,3.7,551,0,sim,negocio,21400.0,12,0
104775,37,3937.53,11.6,700,0,nao,veiculo,10800.0,48,0
104776,49,6849.06,12.7,822,2,sim,pessoal,17800.0,24,0
104777,30,2522.93,1.4,722,0,nao,veiculo,5300.0,24,0
104778,24,1464.33,,880,0,nao,pessoal,3900.0,36,0
104779,39,4829.45,0.2,712,1,sim,veiculo,9100.0,36,0
104780,40,3325.05,6.7,708,1,nao,pessoal,18000.0,24,0
104781,36,1830.33,2.0,728,0,sim,pessoal,4900.0,12,0
104782,55,5457.33,3.3,833,1,sim,pessoal,10000.0,48,0
104783,30,7259.11,0.1,801,0,sim,pessoal,22500.0,36,0
104784,44,1588.14,2.0,499,1,nao,reforma,2400.0,24,0
104785,41,6608.07,3.4,744,2,nao,negocio,13800.0,60,0
104786,21,1412.0,0.3,674,0,nao,reforma,11100.0,48,1
104787,24,2448.9,4.0,615,0,nao,pessoal,4500.0,36,0
104788,40,10248.0,5.9,410,1,sim,veiculo,32900.0,24,1
104789,64,3459.36,2.2,440,2,sim,reforma,45500.0,48,0
104790,47,4221.75,0.9,593,1,nao,negocio,17200.0,48,1
104791,19,4323.58,0.8,450,0,nao,reforma,11100.0,60,0
104792,18,1412.0,2.0,595,3,nao,pessoal,1500.0,12,1
104793,49,4267.92,,733,0,sim,reforma,16500.0,36,0
104794,39,3814.36,6.7,564,3,sim,pessoal,8400.0,24,0
104795,54,11541.37,17.1,651,1,sim,veiculo,56500.0,60,0
104796,29,1653.15,8.8,501,0,nao,negocio,3900.0,12,0
104797,44,3155.28,1.8,679,1,nao,negocio,13000.0,36,0
104798,50,2486.97,11.1,706,0,sim,pessoal,20700.0,48,0
104799,35,1989.39,1.5,455,0,sim,reforma,10400.0,48,0
104800,35,6532.74,6.6,542,1,nao,pessoal,10400.0,36,0
104801,40,3778.99,4.1,475,2,nao,pessoal,14000.0,36,0
104802,47,2960.1,2.1,706,1,sim,negocio,18500.0,60,0
104803,40,2801.02,14.2,661,1,nao,educacao,3900.0,36,0
104804,52,3040.09,1.8,634,2,nao,pessoal,29300.0,36,1
104805,34,2675.51,2.2,623,0,nao,educacao,10200.0,60,0
104806,24,1522.5,5.6,682,1,nao,pessoal,7500.0,36,0
104807,64,3594.34,14.0,685,1,sim,veiculo,10200.0,36,0
104808,33,2815.1,6.2,576,1,nao,negocio,10100.0,24,0
104809,33,2260.92,0.0,557,1,sim,educacao,4600.0,24,0
104810,39,4009.76,,632,2,nao,veiculo,35500.0,36,1
104811,41,4297.15,15.5,615,0,sim,veiculo,44100.0,24,0
104812,35,2587.26,2.7,908,1,nao,reforma,32800.0,12,0
104813,40,3440.18,,590,1,nao,negocio,4200.0,36,0
104814,40,12207.39,1.3,678,2,sim,pessoal,52100.0,48,0
104815,42,12223.28,1.5,701,1,nao,pessoal,55400.0,12,0
104816,18,1568.11,2.0,822,0,nao,veiculo,3600.0,36,0
104817,63,2506.07,2.4,535,3,sim,veiculo,11000.0,24,0
104818,38,2032.59,13.9,814,0,nao,pessoal,3000.0,12,0
104819,47,7186.21,22.3,621,1,sim,reforma,60800.0,12,0
104820,23,2417.54,4.1,965,3,nao,pessoal,3400.0,48,0
104821,34,3961.22,1.9,687,2,nao,negocio,16100.0,36,0
104822,32,10161.15,,480,0,nao,pessoal,57100.0,60,0
104823,58,4120.22,0.7,614,2,nao,educacao,10100.0,48,0
104824,33,5058.13,4.6,814,1,nao,negocio,40300.0,60,0
104825,49,5461.4,6.2,651,3,nao,veiculo,6400.0,24,0
104826,32,2451.55,0.1,632,1,nao,pessoal,8400.0,36,0
104827,35,6292.09,8.8,733,3,sim,negocio,8000.0,36,0
104828,37,2254.76,3.6,595,0,nao,veiculo,5000.0,36,0
104829,55,8658.97,19.1,613,0,nao,veiculo,22500.0,60,0
104830,18,2026.93,2.0,517,1,sim,pessoal,5100.0,36,0
104831,24,2346.48,8.0,865,0,nao,pessoal,17600.0,24,0
104832,18,1538.72,2.0,481,1,nao,veiculo,2700.0,48,1
104833,27,1911.54,7.6,662,1,nao,reforma,2600.0,24,0
104834,30,2612.78,1.6,702,0,nao,negocio,7100.0,12,0
104835,21,1412.0,5.0,638,0,nao,veiculo,5300.0,36,0
104836,31,,0.0,477,0,sim,pessoal,13900.0,12,1
104837,18,,2.0,510,1,nao,veiculo,14800.0,48,1
104838,28,4972.32,0.8,708,2,nao,pessoal,4800.0,36,0
104839,54,5229.42,8.3,539,2,sim,pessoal,50400.0,60,1
104840,45,2665.67,1.8,371,0,sim,veiculo,5700.0,36,0
104841,42,2959.15,,690,2,nao,pessoal,8800.0,24,1
104842,28,2830.18,4.2,527,2,nao,pessoal,10000.0,36,0
104843,22,6720.51,4.5,722,1,nao,pessoal,6400.0,48,0
104844,26,1995.07,4.3,614,1,nao,pessoal,5400.0,24,1
104845,39,2478.34,1.1,608,2,nao,educacao,15700.0,24,0
104846,50,2227.63,6.7,647,0,nao,veiculo,11400.0,24,0
104847,51,1834.07,5.8,492,1,sim,negocio,4800.0,24,0
104848,48,4806.82,12.3,533,0,nao,negocio,19100.0,60,0
104849,31,3741.04,10.6,606,0,nao,negocio,17300.0,36,0
104850,40,7540.72,19.2,491,0,sim,pessoal,22600.0,36,0
104851,36,6305.43,9.0,733,2,nao,pessoal,29700.0,12,0
104852,38,13604.46,2.4,600,0,nao,veiculo,29500.0,36,0
104853,64,3979.0,3.4,452,1,sim,veiculo,7900.0,48,1
104854,19,2462.6,0.5,567,1,nao,pessoal,7200.0,24,1
104855,37,1759.89,17.1,653,3,sim,pessoal,1400.0,60,0
104856,55,6078.63,,582,1,sim,reforma,32200.0,24,0
104857,22,3167.94,6.0,692,4,nao,reforma,11700.0,24,1
104858,32,4847.37,12.2,715,1,nao,veiculo,14800.0,60,0
104859,34,1855.61,4.0,952,4,nao,pessoal,10500.0,36,0
104860,37,,5.0,790,2,nao,veiculo,19300.0,36,0
104861,21,3275.58,3.3,427,0,nao,reforma,21700.0,60,1
104862,47,4337.31,0.2,593,1,nao,reforma,39200.0,60,0
104863,48,2788.17,10.7,605,3,sim,educacao,11900.0,60,0
104864,46,7647.7,5.1,715,1,sim,veiculo,17400.0,48,0
104865,30,10204.24,3.3,519,1,nao,veiculo,55200.0,36,0
104866,41,2044.85,1.5,571,2,sim,pessoal,4700.0,36,0
104867,29,4848.09,2.0,478,5,nao,pessoal,10700.0,24,0
104868,36,1412.0,1.0,562,1,sim,veiculo,4100.0,24,0
104869,66,5985.84,11.1,567,0,sim,negocio,42000.0,60,0
104870,41,1412.0,0.2,599,1,sim,reforma,7800.0,12,1
104871,26,2349.53,0.4,486,0,nao,veiculo,14000.0,60,0
104872,42,1849.55,1.0,768,1,nao,pessoal,7000.0,24,1
104873,24,2710.71,4.3,701,0,nao,veiculo,13400.0,24,0
104874,26,4974.3,4.2,452,1,nao,pessoal,25000.0,12,1
104875,28,1412.0,4.4,643,1,nao,pessoal,3300.0,24,1
104876,35,,0.3,437,2,sim,veiculo,14400.0,12,1
104877,51,3124.61,3.0,814,0,sim,pessoal,10900.0,24,0
104878,47,9586.55,18.4,850,1,sim,pessoal,26300.0,48,0
104879,46,5041.71,2.3,633,1,sim,pessoal,14200.0,36,0
104880,27,1663.27,4.8,529,0,nao,pessoal,4200.0,12,0
104881,34,2679.2,3.8,554,0,nao,veiculo,7900.0,24,0
104882,43,9060.56,11.9,581,0,sim,reforma,31600.0,12,0
104883,32,5018.55,7.1,626,0,nao,pessoal,26200.0,60,0
104884,37,2171.35,1.7,818,0,sim,pessoal,18800.0,60,0
104885,45,3396.58,3.3,764,2,sim,veiculo,16700.0,24,0
104886,36,3124.66,,766,0,nao,pessoal,11700.0,24,0
104887,43,,2.2,662,0,sim,educacao,3000.0,12,0
104888,59,1617.76,13.3,490,1,sim,educacao,24200.0,48,0
104889,38,2507.51,,540,2,nao,reforma,5700.0,12,0
104890,54,8897.06,1.5,648,3,sim,reforma,20800.0,48,0
104891,47,3258.13,0.0,484,0,nao,reforma,24300.0,24,1
104892,22,2804.15,3.2,680,1,nao,veiculo,5100.0,48,0
104893,27,3433.37,0.5,745,1,nao,reforma,15000.0,24,0
104894,30,11191.02,,711,0,nao,veiculo,29700.0,12,0
104895,30,3320.17,1.6,706,2,nao,veiculo,10000.0,24,0
104896,39,6720.25,3.5,397,0,nao,educacao,24200.0,48,0
104897,47,2891.53,1.5,813,1,sim,educacao,4900.0,48,0
104898,55,3593.02,4.7,436,0,nao,veiculo,11700.0,36,0
104899,44,3918.96,9.6,620,1,sim,negocio,25400.0,24,0
104900,35,,2.4,720,0,sim,veiculo,7700.0,36,0
104901,18,2503.21,1.4,687,1,nao,veiculo,71500.0,12,0
104902,41,6137.65,0.6,474,2,nao,veiculo,22700.0,36,0
104903,40,2397.91,1.5,497,0,sim,educacao,4100.0,48,0
104904,42,3808.19,16.2,677,2,sim,negocio,9700.0,12,0
104905,65,6119.41,0.6,706,1,nao,reforma,6700.0,60,0
104906,55,2633.21,2.7,496,0,sim,pessoal,17600.0,60,1
104907,49,7492.87,0.1,691,1,sim,veiculo,68700.0,60,0
104908,28,3351.7,,443,1,sim,pessoal,19500.0,12,1
104909,34,3170.58,1.2,721,2,nao,reforma,6700.0,60,0
104910,39,1412.0,9.3,525,0,nao,negocio,2900.0,12,0
104911,31,2724.48,4.6,650,2,nao,negocio,14800.0,24,1
104912,46,4877.59,6.4,629,3,sim,veiculo,12500.0,36,0
104913,44,10164.11,8.6,791,1,sim,pessoal,21200.0,24,0
104914,27,4343.11,6.6,671,0,nao,veiculo,8500.0,24,0
104915,54,,12.2,562,0,nao,pessoal,82700.0,60,1
104916,41,1936.74,1.8,687,2,nao,negocio,5100.0,24,0
104917,19,2650.52,3.0,919,1,nao,pessoal,15300.0,36,0
104918,39,7205.66,8.8,736,1,nao,educacao,35100.0,60,0
104919,43,2362.73,1.9,632,0,sim,veiculo,5000.0,24,0
104920,52,7046.52,6.9,532,1,sim,reforma,25300.0,60,0
104921,36,5322.6,8.7,560,2,nao,negocio,10200.0,60,1
104922,50,4819.93,4.2,728,1,sim,veiculo,40200.0,24,0
104923,42,3178.21,4.0,525,0,nao,reforma,6400.0,36,0
104924,24,,2.1,640,0,nao,pessoal,7700.0,12,0
104925,23,7991.66,0.3,827,2,nao,pessoal,20800.0,60,0
104926,53,5866.08,,660,1,sim,veiculo,11800.0,12,0
104927,54,4997.81,1.0,500,1,sim,veiculo,33400.0,36,0
104928,44,3101.41,17.1,923,0,nao,reforma,7900.0,48,0
104929,58,4231.22,18.2,869,0,sim,veiculo,4900.0,48,0
104930,53,4536.95,6.0,705,1,sim,pessoal,20500.0,48,0
104931,48,5058.73,7.2,806,1,nao,educacao,11600.0,12,0
104932,29,4885.29,3.6,605,0,nao,educacao,18800.0,48,0
104933,61,2694.74,0.7,734,2,sim,negocio,15800.0,48,0
104934,46,1774.73,14.2,585,1,nao,pessoal,7700.0,36,0
104935,35,3680.72,1.3,464,1,nao,pessoal,22000.0,48,0
104936,32,1412.0,0.0,977,1,nao,pessoal,2300.0,12,0
104937,43,3222.18,15.6,457,2,sim,negocio,23100.0,24,1
104938,20,2179.56,4.0,679,1,nao,veiculo,6400.0,12,0
104939,48,5320.91,0.3,677,1,sim,negocio,7900.0,24,0
104940,29,9706.24,9.7,707,3,nao,negocio,7800.0,24,0
104941,44,1412.0,,628,1,nao,pessoal,4100.0,24,0
104942,34,12128.19,9.6,630,0,nao,veiculo,26500.0,36,0
104943,37,3165.11,2.0,658,2,nao,veiculo,7000.0,36,0
104944,31,4051.39,4.7,702,1,nao,veiculo,17300.0,36,0
104945,38,1671.67,8.5,640,0,sim,negocio,16400.0,60,0
104946,63,7170.25,1.8,631,1,sim,pessoal,14600.0,24,1
104947,57,4239.61,5.2,468,0,sim,educacao,15700.0,36,0
104948,44,3762.62,5.2,902,0,sim,pessoal,9400.0,12,0
104949,40,1412.0,9.4,710,1,nao,reforma,2700.0,48,0
104950,50,4315.66,1.6,667,2,nao,pessoal,8200.0,36,0
104951,54,,17.3,559,3,sim,veiculo,61900.0,12,1
104952,30,2901.36,0.0,510,0,nao,reforma,10200.0,24,0
104953,39,7023.53,0.3,752,0,nao,veiculo,21900.0,24,0
104954,18,5221.12,2.0,619,3,nao,negocio,12100.0,36,1
104955,53,2912.64,2.6,721,2,sim,reforma,10600.0,12,0
104956,65,9963.96,1.3,464,0,sim,pessoal,23800.0,48,0
104957,41,3861.0,18.2,841,0,nao,veiculo,43000.0,24,0
104958,18,2877.67,0.7,757,1,nao,pessoal,11700.0,60,0
104959,47,4242.8,9.7,629,2,sim,pessoal,16100.0,24,0
104960,29,3388.76,6.3,701,3,nao,pessoal,12700.0,24,1
104961,32,1412.0,1.1,736,2,nao,pessoal,10800.0,60,0
104962,48,3666.2,2.2,466,1,sim,negocio,12700.0,24,1
104963,43,1818.3,0.3,858,0,sim,negocio,4800.0,60,0
104964,34,8492.77,1.4,703,1,nao,pessoal,32700.0,24,0
104965,32,8105.85,9.6,548,2,sim,educacao,45600.0,36,0
104966,42,6084.05,7.8,497,0,nao,pessoal,43300.0,60,1
104967,35,3082.06,0.3,768,0,nao,veiculo,12300.0,24,0
104968,27,1825.48,7.1,667,0,nao,pessoal,7300.0,12,0
104969,36,2476.8,0.2,703,0,sim,pessoal,15700.0,24,0
104970,44,11329.12,0.7,643,1,nao,veiculo,7700.0,24,0
104971,38,2487.49,0.4,510,2,sim,reforma,9200.0,36,0
104972,23,1412.0,,706,1,nao,veiculo,3500.0,48,0
104973,52,7302.76,0.5,614,0,sim,educacao,26500.0,12,0
104974,18,6391.03,1.0,637,0,nao,pessoal,27700.0,36,0
104975,35,,4.4,949,0,sim,veiculo,64700.0,48,0
104976,33,6071.78,7.8,753,2,nao,pessoal,9300.0,60,0
104977,42,7373.85,,760,3,sim,pessoal,16800.0,60,0
104978,47,4136.7,1.1,994,1,sim,pessoal,8500.0,60,0
104979,54,1412.0,38.0,690,1,sim,pessoal,3400.0,12,0
104980,31,3397.7,1.0,656,0,nao,educacao,5200.0,24,0
104981,47,5655.62,2.9,552,3,sim,veiculo,71400.0,48,0
104982,42,3534.97,1.3,581,0,sim,reforma,20900.0,24,0
104983,19,2572.94,1.6,374,0,nao,pessoal,5700.0,24,1
104984,63,2438.53,4.2,743,4,sim,pessoal,8600.0,60,0
104985,23,1734.96,7.0,475,1,nao,veiculo,4700.0,36,1
104986,45,10811.8,16.0,757,0,sim,pessoal,41600.0,24,0
104987,45,11029.21,3.4,634,1,nao,pessoal,24400.0,36,1
104988,43,,1.7,657,2,nao,pessoal,5400.0,24,0
104989,34,4053.45,,634,2,sim,negocio,10100.0,12,0
104990,50,2416.18,5.6,820,2,sim,veiculo,19400.0,60,0
104991,21,4166.4,0.4,797,0,nao,pessoal,6000.0,24,0
104992,39,9691.63,12.5,636,0,sim,veiculo,65500.0,36,0
104993,33,1479.17,0.3,523,0,nao,negocio,7200.0,12,1
104994,32,4372.68,6.3,760,1,nao,pessoal,12000.0,12,0
104995,45,5291.59,29.0,513,1,sim,pessoal,29000.0,12,0
104996,53,5539.17,2.1,438,0,sim,negocio,22000.0,12,0
104997,36,8777.45,8.8,705,1,nao,negocio,8500.0,48,0
104998,49,12569.64,8.5,798,1,sim,veiculo,34500.0,12,0
104999,41,3312.15,,587,0,sim,pessoal,9300.0,36,0
105000,29,4723.67,,693,4,nao,pessoal,39300.0,48,1
105001,37,3768.61,3.5,586,0,nao,negocio,10400.0,24,1
105002,36,2511.73,3.1,734,3,nao,reforma,7700.0,24,0
105003,32,3932.15,3.7,782,1,nao,veiculo,6900.0,24,0
105004,45,5691.54,14.4,606,1,sim,pessoal,19200.0,24,0
105005,43,4337.87,1.2,506,1,sim,pessoal,7400.0,24,0
105006,21,1802.16,5.0,451,1,sim,reforma,12100.0,24,0
105007,20,,4.0,760,0,nao,reforma,6100.0,24,0
105008,45,,3.5,492,1,nao,veiculo,5200.0,24,0
105009,30,2078.8,14.0,688,0,sim,veiculo,15200.0,24,0
105010,44,4624.51,9.7,741,3,sim,educacao,7400.0,36,0
105011,49,5162.58,17.5,575,1,sim,reforma,21100.0,12,0
105012,25,5302.61,,618,1,nao,pessoal,7600.0,36,0
105013,23,1878.08,6.0,770,2,nao,negocio,7800.0,60,0
105014,60,3016.35,4.4,535,2,sim,pessoal,20000.0,48,0
105015,44,9151.67,16.9,522,2,sim,veiculo,21700.0,24,0
105016,35,3210.04,3.4,610,2,nao,pessoal,5500.0,36,0
105017,29,3316.51,8.1,806,0,nao,reforma,5800.0,60,0
105018,34,3153.22,7.6,849,2,nao,veiculo,10700.0,48,0
105019,26,5848.09,1.4,627,2,nao,pessoal,65100.0,36,1
105020,51,7894.42,,547,0,sim,veiculo,52400.0,36,0
105021,31,6172.04,2.2,778,1,nao,veiculo,43600.0,60,0
105022,53,4205.0,9.6,423,1,nao,veiculo,7700.0,24,0
105023,35,2174.75,14.6,672,0,nao,pessoal,14700.0,36,1
105024,27,9162.5,0.1,634,1,nao,pessoal,58000.0,24,1
105025,35,5627.84,5.5,808,2,sim,negocio,23700.0,36,0
105026,18,2178.11,2.0,821,0,nao,pessoal,5200.0,12,0
105027,39,8057.12,,517,0,nao,veiculo,50500.0,48,0
105028,38,2711.22,4.3,662,1,nao,pessoal,6300.0,24,0
105029,50,9002.91,26.0,566,0,sim,educacao,46700.0,36,0
105030,18,,,602,0,nao,veiculo,17600.0,60,0
105031,54,2496.39,25.6,720,1,sim,reforma,4800.0,24,1
105032,50,5706.63,0.4,596,1,sim,reforma,15700.0,24,0
105033,55,6371.7,3.9,665,1,sim,veiculo,72600.0,36,0
105034,39,15512.66,3.3,764,0,nao,negocio,27000.0,36,0
105035,52,2754.94,5.0,837,1,sim,reforma,17500.0,24,0
105036,22,6525.95,6.0,678,2,nao,reforma,37800.0,48,1
105037,49,4141.32,1.3,655,2,sim,reforma,13000.0,36,0
105038,31,1690.48,0.4,496,1,nao,veiculo,4200.0,12,0
105039,20,2699.82,1.1,846,0,nao,reforma,4500.0,36,0
105040,27,3182.31,4.0,704,1,nao,reforma,24100.0,24,0
105041,40,2080.08,1.6,658,1,nao,negocio,3600.0,24,0
105042,30,3922.89,11.2,651,0,nao,negocio,2600.0,60,0
105043,45,6662.21,2.2,687,2,sim,veiculo,28000.0,36,0
105044,18,3191.94,2.0,740,2,nao,reforma,5000.0,12,0
105045,18,2078.41,2.0,756,2,nao,pessoal,6800.0,24,0
105046,56,3819.05,3.4,849,2,nao,educacao,6000.0,36,0
105047,51,4133.66,2.8,672,1,sim,reforma,10200.0,36,0
105048,27,3581.49,0.2,868,2,nao,negocio,13100.0,12,0
105049,40,6856.56,11.2,778,0,nao,reforma,28200.0,24,0
105050,52,4812.56,2.8,632,1,nao,reforma,37600.0,48,0
105051,45,1818.79,4.1,423,3,nao,pessoal,6400.0,12,1
105052,42,2794.99,1.3,651,0,sim,reforma,10400.0,24,0
105053,53,4540.21,,843,1,sim,veiculo,13800.0,60,0
105054,31,6209.21,2.1,539,0,nao,veiculo,37800.0,48,0
105055,40,7603.54,7.3,651,0,sim,pessoal,13500.0,24,0
105056,40,9883.58,0.0,661,2,sim,pessoal,26600.0,24,0
105057,37,3865.98,4.9,762,3,nao,educacao,13500.0,36,1
105058,35,5347.21,13.5,590,0,nao,veiculo,10900.0,36,0
105059,41,,3.6,527,0,sim,pessoal,13700.0,24,0
105060,40,4717.28,8.6,714,2,nao,educacao,20000.0,48,1
105061,27,1759.2,5.7,543,0,nao,pessoal,3000.0,12,0
105062,50,4003.88,3.1,401,2,nao,pessoal,17900.0,24,0
105063,28,17043.9,5.4,879,3,sim,pessoal,130900.0,36,0
105064,37,,,761,3,nao,pessoal,9700.0,48,0
105065,36,2211.21,,885,0,nao,educacao,17500.0,48,0
105066,44,4870.55,3.2,754,0,sim,reforma,19900.0,24,0
105067,18,2106.92,2.0,728,0,nao,reforma,8300.0,24,0
105068,51,2443.06,0.8,688,1,nao,veiculo,17500.0,12,0
105069,32,10772.18,5.1,616,2,sim,veiculo,42600.0,12,0
105070,55,7451.45,24.8,707,0,sim,reforma,33000.0,36,0
105071,34,4198.7,5.6,568,0,nao,reforma,15500.0,36,0
105072,39,2968.19,0.6,501,0,nao,veiculo,3600.0,60,0
105073,63,3492.88,1.5,597,1,sim,veiculo,15600.0,60,0
105074,37,8404.3,6.7,808,0,nao,pessoal,34200.0,36,0
105075,55,4905.12,2.2,480,0,sim,pessoal,13700.0,60,0
105076,40,1412.0,1.5,482,3,nao,pessoal,1100.0,12,1
105077,45,14897.19,7.2,717,0,nao,reforma,75700.0,60,0
105078,41,4164.92,7.2,586,1,sim,pessoal,8700.0,24,0
105079,50,5005.39,,703,0,nao,reforma,8900.0,36,0
105080,32,6159.05,1.1,769,2,nao,veiculo,10400.0,12,0
105081,28,4159.33,4.4,700,1,nao,veiculo,4500.0,36,0
105082,32,5109.18,1.3,558,0,sim,reforma,23600.0,48,0
105083,41,2983.11,5.9,807,0,nao,pessoal,42900.0,24,0
105084,37,1829.4,3.8,736,0,sim,negocio,4500.0,60,1
105085,49,4785.56,2.7,643,2,sim,pessoal,27400.0,60,0
105086,56,9107.06,7.6,637,2,sim,educacao,30100.0,36,0
105087,28,2254.86,8.5,689,0,nao,pessoal,9300.0,24,0
105088,31,2241.96,1.7,599,0,sim,veiculo,7500.0,48,0
105089,23,5891.44,1.8,428,1,nao,veiculo,33000.0,24,1
105090,64,3222.56,,738,0,sim,pessoal,5500.0,24,0
105091,44,3105.32,,730,1,sim,pessoal,11500.0,24,0
105092,46,3238.29,9.0,341,1,nao,veiculo,22400.0,36,0
105093,24,2944.85,1.1,706,2,nao,educacao,15700.0,24,0
105094,40,1567.21,0.1,868,0,nao,veiculo,6700.0,24,0
105095,46,2955.42,21.3,493,2,sim,pessoal,11000.0,24,0
105096,37,4084.01,3.0,630,1,nao,pessoal,11500.0,48,1
105097,53,4685.36,0.0,616,0,nao,negocio,13300.0,60,0
105098,68,7834.66,11.8,856,1,sim,pessoal,10800.0,60,0
105099,29,8971.08,0.7,786,1,nao,reforma,42500.0,24,0
105100,28,7398.28,10.7,526,1,nao,pessoal,58700.0,60,0
105101,29,5394.6,5.0,684,2,nao,veiculo,22500.0,36,1
105102,59,3818.5,5.9,939,0,sim,veiculo,13500.0,24,0
105103,53,2941.66,11.5,559,2,sim,negocio,14700.0,24,1
105104,38,3675.97,2.7,639,1,nao,veiculo,3600.0,24,0
105105,40,5139.04,0.1,707,0,sim,pessoal,13300.0,36,0
105106,30,5192.42,2.8,561,0,nao,reforma,17400.0,60,0
105107,51,5837.83,1.8,869,0,nao,pessoal,7300.0,36,0
105108,35,3287.44,5.2,579,1,nao,negocio,12700.0,12,0
105109,37,5546.42,8.2,459,0,sim,pessoal,6400.0,48,0
105110,47,8038.67,10.4,572,2,nao,negocio,42600.0,48,0
105111,38,5906.61,6.7,725,0,nao,educacao,23700.0,36,0
105112,37,3535.2,,536,0,nao,pessoal,11000.0,36,0
105113,40,2354.15,11.9,679,1,sim,negocio,13000.0,48,0
105114,50,2585.71,,713,0,sim,negocio,9900.0,12,0
105115,60,2849.07,0.3,483,3,sim,educacao,13300.0,36,1
105116,47,4628.24,12.7,567,1,nao,veiculo,19200.0,60,1
105117,50,5515.45,6.1,685,1,sim,reforma,11500.0,48,0
105118,38,1671.95,3.9,731,4,sim,pessoal,15000.0,24,0
105119,32,2567.78,16.0,570,1,sim,negocio,19000.0,60,1
105120,48,4641.28,1.0,660,1,sim,pessoal,21000.0,24,0
105121,42,2321.65,5.4,603,0,nao,reforma,8900.0,36,0
105122,23,3821.29,,735,0,nao,educacao,21000.0,36,0
105123,36,3002.82,,708,1,nao,negocio,22400.0,12,1
105124,39,2473.35,4.2,591,1,sim,educacao,27100.0,12,0
105125,34,3575.1,1.7,702,1,sim,educacao,9000.0,36,0
105126,58,5141.86,1.8,586,0,sim,reforma,33700.0,24,0
105127,46,2493.25,8.1,699,1,nao,veiculo,8300.0,36,0
105128,56,3626.34,4.6,701,1,nao,pessoal,4800.0,48,0
105129,43,4979.33,3.6,948,2,sim,negocio,28800.0,36,0
105130,41,2476.54,22.0,596,1,sim,veiculo,20900.0,60,0
105131,29,1412.0,0.8,622,1,nao,educacao,8900.0,60,0
105132,40,1599.49,0.3,556,0,nao,veiculo,5100.0,60,1
105133,40,2959.06,16.1,506,0,sim,veiculo,13100.0,24,0
105134,24,1477.97,1.3,581,1,nao,veiculo,7900.0,12,0
105135,34,2867.62,6.4,726,1,sim,negocio,14200.0,48,0
105136,36,8884.91,13.3,736,4,sim,pessoal,65100.0,60,0
105137,45,1843.06,3.6,678,0,nao,veiculo,11400.0,48,0
105138,46,3403.63,2.5,602,0,nao,pessoal,8400.0,48,0
105139,33,11082.06,,576,1,nao,veiculo,39400.0,60,0
105140,46,4976.6,0.7,521,2,sim,veiculo,12900.0,36,0
105141,38,2973.49,1.4,568,3,sim,pessoal,11500.0,36,1
105142,18,2568.53,2.0,472,0,sim,reforma,2900.0,24,1
105143,34,4396.81,4.3,817,1,sim,educacao,48900.0,48,0
105144,53,10531.13,2.7,879,2,sim,educacao,23100.0,24,0
105145,20,2153.75,2.3,388,0,nao,reforma,5500.0,24,1
105146,41,2482.65,0.3,678,0,sim,pessoal,9100.0,24,1
105147,59,1941.22,8.5,675,1,sim,reforma,3000.0,36,0
105148,31,3541.21,0.9,667,0,nao,reforma,10100.0,36,0
105149,40,1718.88,,563,1,sim,educacao,6700.0,60,0
105150,24,2364.85,0.3,773,1,nao,reforma,22300.0,60,0
105151,60,2514.03,6.0,693,1,sim,reforma,9600.0,24,0
105152,39,,1.3,774,1,sim,reforma,18200.0,24,0
105153,41,2847.37,0.7,544,2,sim,negocio,5100.0,24,1
105154,56,5155.03,0.8,460,2,sim,veiculo,65100.0,24,1
105155,48,1680.23,6.0,697,0,sim,pessoal,6200.0,48,0
105156,29,3506.68,11.9,515,2,sim,educacao,12900.0,36,0
105157,32,1748.05,16.0,777,0,nao,reforma,2700.0,12,0
105158,46,3146.12,14.7,364,0,sim,reforma,15100.0,36,1
105159,33,11573.54,7.0,579,1,nao,pessoal,28500.0,60,0
105160,18,4675.4,2.0,560,3,nao,pessoal,39600.0,12,1
105161,39,3430.92,13.5,597,1,sim,educacao,15900.0,60,0
105162,22,17241.28,6.0,674,0,nao,pessoal,65000.0,24,0
105163,59,2505.07,7.3,692,1,sim,veiculo,4000.0,24,0
105164,42,7228.08,6.8,723,0,sim,veiculo,23900.0,24,0
105165,29,1412.0,5.9,738,3,nao,pessoal,4300.0,12,1
105166,32,2962.64,10.7,618,2,nao,veiculo,11200.0,12,1
105167,18,1412.0,0.5,914,1,nao,pessoal,1500.0,24,0
105168,27,3661.06,0.7,820,2,sim,pessoal,7400.0,12,0
105169,52,4273.55,10.7,599,1,sim,negocio,11100.0,36,0
105170,67,3498.89,6.8,622,3,sim,veiculo,16500.0,12,1
105171,49,7479.05,2.3,597,1,sim,negocio,8200.0,12,0
105172,39,2695.41,7.3,687,2,sim,veiculo,21600.0,36,1
105173,35,4206.05,,514,1,nao,educacao,31000.0,36,0
105174,29,5122.52,0.4,537,0,nao,pessoal,9900.0,48,0
105175,65,1832.88,3.3,358,3,sim,pessoal,28200.0,36,1
105176,38,2411.76,4.5,588,1,sim,pessoal,9700.0,60,0
105177,65,4268.6,,778,1,sim,pessoal,14000.0,12,0
105178,57,5860.56,13.2,620,1,sim,negocio,29300.0,48,0
105179,19,6210.17,,627,0,nao,veiculo,27900.0,36,0
105180,32,3008.69,5.6,676,1,nao,veiculo,11300.0,60,0
105181,32,2846.76,0.4,510,1,nao,veiculo,5200.0,24,0
105182,39,2278.52,2.0,643,0,sim,pessoal,6100.0,60,0
105183,39,4414.73,2.3,756,2,nao,negocio,19100.0,60,0
105184,76,3519.25,25.0,680,0,sim,reforma,20300.0,24,0
105185,27,2733.37,4.2,767,3,nao,pessoal,22700.0,36,0
105186,43,3656.24,2.1,804,3,nao,veiculo,9700.0,24,0
105187,47,5442.18,1.7,726,0,sim,pessoal,20000.0,12,0
105188,40,2731.21,0.2,547,1,nao,reforma,6400.0,24,0
105189,41,,2.5,595,3,sim,veiculo,16600.0,36,0
105190,27,4029.73,2.3,891,1,nao,negocio,11700.0,36,0
105191,41,1412.0,2.9,681,2,nao,negocio,3500.0,24,0
105192,46,2852.66,3.4,664,1,sim,pessoal,10400.0,24,0
105193,44,2066.18,,528,1,sim,pessoal,2700.0,24,0
105194,47,7787.94,1.4,628,0,sim,negocio,37700.0,24,0
105195,57,3251.6,0.9,733,1,sim,veiculo,9500.0,36,0
105196,51,3044.29,1.9,642,0,nao,veiculo,56100.0,24,1
105197,41,3666.62,18.9,572,1,nao,veiculo,8900.0,60,1
105198,26,2260.29,9.8,603,0,nao,veiculo,6700.0,48,0
105199,33,2748.63,2.3,795,1,nao,reforma,17700.0,60,0
105200,37,3795.4,8.4,727,1,sim,negocio,21200.0,24,0
105201,43,3052.47,0.8,709,1,sim,reforma,19900.0,24,0
105202,34,2741.93,2.4,697,1,nao,pessoal,8100.0,12,0
105203,29,1871.53,11.5,486,0,nao,pessoal,3300.0,24,1
105204,26,1662.57,1.7,675,1,nao,negocio,28800.0,60,0
105205,20,2981.8,4.0,779,3,nao,veiculo,14200.0,36,0
105206,37,4258.89,5.2,606,1,nao,veiculo,17100.0,60,0
105207,22,,,767,2,nao,pessoal,8000.0,60,0
105208,28,4890.77,6.1,711,2,nao,negocio,7800.0,24,0
105209,35,5349.38,,748,2,nao,veiculo,14200.0,36,0
105210,24,5216.76,5.4,647,0,nao,negocio,9800.0,24,0
105211,45,4639.45,5.6,755,0,sim,pessoal,17900.0,48,0
105212,49,5823.32,8.3,450,2,sim,pessoal,8900.0,36,0
105213,33,11408.11,2.6,644,2,nao,pessoal,59800.0,12,1
105214,35,2977.01,4.7,733,1,nao,veiculo,21200.0,60,0
105215,46,2237.02,2.0,679,0,nao,negocio,15600.0,48,0
105216,31,1439.12,3.1,782,0,nao,veiculo,6600.0,60,0
105217,31,8787.99,7.5,620,2,nao,educacao,34500.0,24,1
105218,54,10962.66,3.3,569,1,sim,educacao,29900.0,48,0
105219,51,2492.11,0.1,427,0,nao,pessoal,11400.0,36,0
105220,47,2693.27,0.2,605,3,nao,veiculo,8800.0,12,1
105221,51,3467.61,17.6,707,0,sim,negocio,4000.0,24,0
105222,18,5490.18,2.0,739,1,nao,reforma,13300.0,24,0
105223,56,2041.42,6.2,458,0,sim,pessoal,11500.0,24,1
105224,45,1412.0,10.7,793,2,sim,negocio,2500.0,36,0
105225,52,13650.75,4.1,513,1,nao,veiculo,24000.0,60,0
105226,45,4671.42,1.1,624,1,nao,negocio,14500.0,60,0
105227,41,4835.29,8.3,566,3,nao,reforma,4600.0,24,0
105228,37,3214.17,6.1,694,2,sim,veiculo,17400.0,48,1
105229,44,5028.42,10.3,652,0,nao,veiculo,25900.0,12,0
105230,36,1546.24,18.2,728,2,nao,negocio,9600.0,24,0
105231,50,2609.49,0.4,880,2,sim,negocio,10400.0,60,1
105232,21,3100.22,0.2,692,1,nao,veiculo,6500.0,60,0
105233,34,1412.0,18.0,565,1,nao,pessoal,2400.0,60,1
105234,65,,,700,2,sim,pessoal,17100.0,36,0
105235,32,2773.05,16.0,893,0,sim,pessoal,14900.0,48,0
105236,37,3046.21,0.7,725,1,sim,pessoal,5500.0,24,0
105237,29,2409.08,8.9,763,1,nao,veiculo,4000.0,48,0
105238,44,2250.57,16.8,433,1,sim,pessoal,7800.0,24,0
105239,31,1412.0,15.0,690,4,sim,veiculo,5400.0,12,0
105240,38,,11.0,605,1,nao,negocio,24200.0,60,0
105241,50,3513.43,12.6,552,0,nao,pessoal,18300.0,24,0
105242,32,1590.16,7.6,637,0,nao,reforma,5300.0,60,0
105243,49,4245.54,0.9,654,0,sim,pessoal,27700.0,12,0
105244,50,3523.44,6.6,559,3,sim,reforma,10000.0,60,0
105245,53,,3.7,665,3,sim,negocio,9400.0,60,0
105246,42,1412.0,2.8,617,1,nao,pessoal,8200.0,12,0
105247,79,6032.63,,731,0,sim,educacao,37500.0,24,0
105248,53,2103.25,1.0,670,0,nao,pessoal,13300.0,60,1
105249,44,4029.82,8.5,689,0,sim,veiculo,12700.0,12,0
105250,29,2091.31,0.3,767,3,nao,pessoal,7600.0,24,1
105251,39,2973.25,11.5,712,1,nao,veiculo,6200.0,24,0
105252,57,7810.14,0.3,639,1,nao,pessoal,46900.0,12,0
105253,61,5551.41,2.8,369,4,nao,reforma,13600.0,12,0
105254,58,7715.13,3.7,707,1,nao,pessoal,8100.0,24,0
105255,49,4919.4,9.9,521,1,sim,educacao,13200.0,24,0
105256,25,3847.19,,629,4,nao,pessoal,8100.0,60,0
105257,46,1492.79,19.5,688,0,sim,pessoal,1000.0,12,0
105258,25,2598.22,1.7,813,1,sim,veiculo,6400.0,12,0
105259,22,,2.1,880,2,nao,reforma,14700.0,60,0
105260,43,7546.54,1.4,520,0,sim,negocio,33900.0,48,0
105261,46,3009.73,1.8,469,0,sim,educacao,13500.0,36,0
105262,51,4793.85,10.1,682,1,sim,veiculo,39500.0,24,0
105263,46,4501.64,3.8,672,1,sim,negocio,11100.0,24,0
105264,46,7515.73,,484,2,sim,pessoal,13200.0,60,1
105265,28,2991.64,2.0,638,1,nao,negocio,14100.0,60,0
105266,39,5805.11,0.9,718,0,sim,veiculo,25200.0,24,0
105267,22,1412.0,4.6,480,1,nao,pessoal,2300.0,36,0
105268,18,1412.0,,511,3,nao,veiculo,4400.0,48,0
105269,49,1412.0,,556,2,sim,veiculo,6800.0,60,0
105270,31,5155.47,2.6,612,4,nao,veiculo,21300.0,12,0
105271,50,6002.51,2.9,730,3,sim,pessoal,32600.0,60,0
105272,53,6786.37,9.7,598,1,nao,veiculo,15900.0,60,1
105273,33,2363.19,4.3,647,0,nao,veiculo,3500.0,36,0
105274,47,2947.13,0.8,932,3,nao,reforma,6000.0,36,0
105275,32,3169.78,2.6,516,1,nao,negocio,18600.0,36,1
105276,18,6194.45,2.0,555,1,nao,negocio,40400.0,60,1
105277,41,9560.3,5.2,728,3,sim,veiculo,30300.0,36,0
105278,34,5372.67,18.0,768,1,nao,veiculo,46600.0,60,0
105279,35,4215.7,0.4,694,2,sim,reforma,13400.0,60,0
105280,64,8637.58,6.4,875,0,sim,educacao,22200.0,48,0
105281,22,2578.42,6.0,681,2,nao,reforma,3900.0,12,0
105282,45,3172.88,0.7,383,3,nao,reforma,10600.0,36,0
105283,28,2999.42,12.0,653,1,nao,veiculo,19800.0,24,0
105284,51,2419.03,2.3,566,2,sim,negocio,18100.0,12,1
105285,44,,0.2,820,1,sim,reforma,23500.0,36,0
105286,45,2127.79,12.3,765,1,nao,pessoal,10000.0,36,1
105287,29,5732.17,8.3,433,1,nao,veiculo,52300.0,12,1
105288,31,4512.24,1.5,816,1,sim,pessoal,8800.0,36,0
105289,51,9096.78,3.7,762,1,sim,pessoal,64800.0,24,0
105290,61,1691.4,1.6,598,0,sim,reforma,7000.0,60,1
105291,46,11315.91,,630,0,sim,reforma,44900.0,48,0
105292,29,,4.7,821,0,sim,negocio,2100.0,12,0
105293,44,2013.46,1.2,384,0,nao,negocio,8600.0,60,0
105294,69,2945.3,3.8,698,1,sim,veiculo,20600.0,12,0
105295,41,7731.17,10.2,782,0,nao,pessoal,7500.0,12,0
105296,58,4691.38,1.3,628,1,sim,pessoal,26500.0,24,0
105297,31,,3.2,724,2,nao,negocio,2600.0,24,0
105298,39,2380.98,2.7,653,0,sim,veiculo,3600.0,60,0
105299,47,1885.17,14.9,538,1,nao,pessoal,6200.0,60,0
105300,45,7334.59,0.2,535,1,sim,reforma,66400.0,48,1
105301,31,5191.47,9.7,733,2,nao,pessoal,16800.0,24,0
105302,30,6951.67,1.4,557,2,nao,reforma,32300.0,24,1
105303,52,5154.71,0.2,442,0,sim,negocio,10500.0,24,1
105304,54,1412.0,2.6,656,1,sim,reforma,4400.0,12,0
105305,58,2089.95,3.6,573,1,sim,veiculo,7100.0,60,0
105306,62,5351.31,14.5,484,0,sim,pessoal,49800.0,24,0
105307,42,3107.32,,649,1,sim,pessoal,6900.0,24,0
105308,36,2615.02,20.0,740,0,sim,pessoal,6200.0,48,0
105309,56,2258.92,7.5,643,0,sim,veiculo,15100.0,36,0
105310,49,6907.78,0.6,501,0,sim,pessoal,20800.0,60,1
105311,28,4138.31,10.7,703,0,nao,veiculo,15500.0,60,1
105312,28,4242.01,4.2,775,0,sim,veiculo,19300.0,36,0
105313,46,2806.1,19.4,928,2,sim,veiculo,6700.0,60,0
105314,38,4010.6,0.8,827,0,nao,pessoal,4100.0,60,0
105315,40,1784.3,14.6,509,0,nao,veiculo,11900.0,60,0
105316,53,3858.41,0.4,752,1,sim,reforma,14500.0,60,0
105317,49,1412.0,2.3,673,1,sim,pessoal,2300.0,36,0
105318,56,1749.27,1.2,490,1,sim,veiculo,9800.0,12,0
105319,18,2345.15,2.0,677,0,nao,reforma,27400.0,60,1
105320,43,14216.28,5.1,889,2,nao,reforma,101800.0,24,0
105321,48,1507.98,4.3,795,1,nao,negocio,18400.0,60,0
105322,22,1497.68,1.6,508,0,nao,educacao,2500.0,36,0
105323,32,3817.0,0.3,642,2,nao,reforma,15500.0,36,0
105324,30,8743.55,7.4,704,1,nao,negocio,37900.0,60,1
105325,40,,6.1,415,2,sim,negocio,13600.0,24,1
105326,60,6097.26,43.2,420,2,sim,educacao,17500.0,12,0
105327,64,3441.75,2.8,660,1,sim,reforma,2000.0,48,1
105328,30,2495.01,7.1,662,2,sim,educacao,24100.0,24,0
105329,46,4159.84,2.7,401,1,nao,pessoal,5500.0,60,0
105330,47,2797.5,4.9,690,5,sim,negocio,16800.0,60,0
105331,45,5859.15,6.3,781,1,nao,pessoal,20600.0,24,0
105332,45,1626.14,5.2,612,2,nao,pessoal,5600.0,48,0
105333,44,,7.6,648,0,nao,pessoal,19600.0,12,0
105334,60,4234.58,15.4,714,0,nao,educacao,16700.0,48,0
105335,53,3682.4,3.4,697,0,sim,veiculo,18900.0,36,0
105336,27,1412.0,1.1,423,1,nao,reforma,8700.0,24,0
105337,50,2417.61,4.6,522,0,sim,veiculo,7800.0,60,0
105338,51,8011.83,6.3,589,1,sim,veiculo,13600.0,36,0
105339,44,3470.14,1.7,528,1,nao,negocio,5800.0,60,1
105340,54,4829.68,3.0,831,1,nao,veiculo,31500.0,36,1
105341,42,2347.52,,722,3,nao,reforma,7000.0,60,0
105342,42,3747.63,,496,0,sim,negocio,7100.0,48,0
105343,41,1770.62,7.3,612,3,sim,pessoal,4000.0,48,0
105344,18,2958.12,0.7,787,4,nao,veiculo,9800.0,12,0
105345,39,4514.56,5.3,556,0,nao,pessoal,7300.0,48,0
105346,32,4041.35,5.5,751,2,sim,veiculo,13900.0,36,0
105347,26,1907.85,8.4,820,0,nao,educacao,14200.0,48,0
105348,57,3433.34,2.8,798,1,sim,pessoal,11200.0,60,0
105349,46,5342.71,2.3,663,2,nao,pessoal,6500.0,48,0
105350,40,,6.5,803,1,nao,reforma,19500.0,36,1
105351,33,2928.65,7.4,572,2,nao,reforma,20000.0,60,0
105352,44,11087.63,11.6,963,0,sim,veiculo,78000.0,48,0
105353,52,2456.21,,671,1,nao,veiculo,8900.0,48,0
105354,30,5985.64,5.8,789,1,nao,pessoal,84900.0,60,0
105355,40,1973.33,1.6,593,0,nao,pessoal,10700.0,12,0
105356,50,5940.49,1.1,705,0,nao,veiculo,125000.0,36,1
105357,18,4133.41,2.0,711,2,nao,reforma,32600.0,12,1
105358,39,2780.85,8.8,519,1,nao,negocio,20000.0,48,1
105359,35,1798.84,0.3,515,3,nao,veiculo,4300.0,36,1
105360,38,1412.0,1.4,613,2,nao,pessoal,2800.0,48,0
105361,34,2475.44,4.1,784,1,nao,pessoal,9300.0,12,0
105362,42,5086.17,5.5,402,0,nao,educacao,15900.0,36,0
105363,63,2290.95,0.9,593,2,sim,reforma,5800.0,12,1
105364,36,3750.76,10.6,810,1,nao,educacao,12100.0,24,0
105365,44,1727.87,10.4,480,1,sim,veiculo,5400.0,36,0
105366,64,3643.79,3.1,803,2,sim,pessoal,8700.0,48,0
105367,33,1825.19,11.3,493,1,nao,negocio,9500.0,36,0
105368,62,3970.02,4.7,521,1,sim,pessoal,8900.0,48,0
105369,40,2826.97,,621,1,nao,pessoal,9600.0,24,0
105370,61,2153.21,,884,1,sim,veiculo,3600.0,36,0
105371,49,2855.06,2.7,557,0,sim,reforma,10600.0,24,0
105372,44,2328.3,3.8,415,1,nao,veiculo,9200.0,24,1
105373,39,1787.46,4.6,458,0,nao,reforma,3500.0,60,1
105374,33,6221.87,9.2,761,0,nao,veiculo,22700.0,60,0
105375,41,3089.22,1.6,464,4,nao,educacao,10200.0,24,0
105376,51,1412.0,1.1,794,1,sim,educacao,3700.0,24,0
105377,40,2643.21,,649,2,sim,reforma,7100.0,48,0
105378,36,5881.01,3.0,636,1,nao,pessoal,26900.0,60,0
105379,37,,1.8,679,1,sim,veiculo,8400.0,36,0
105380,52,9444.39,4.9,536,1,sim,educacao,58700.0,48,1
105381,55,2587.0,1.3,658,1,nao,pessoal,4900.0,12,0
105382,32,4468.77,11.1,485,2,nao,pessoal,14000.0,24,1
105383,32,5991.79,6.7,815,2,nao,negocio,14500.0,12,0
105384,45,5039.28,4.3,506,0,nao,educacao,18300.0,48,1
105385,58,1945.83,0.0,697,1,sim,negocio,8000.0,36,0
105386,54,2467.74,5.4,505,0,sim,veiculo,4200.0,48,0
105387,25,5888.51,8.2,571,2,nao,pessoal,29400.0,24,0
105388,37,,7.3,591,1,nao,pessoal,29600.0,12,1
105389,29,5578.74,2.0,1000,2,sim,reforma,21600.0,36,0
105390,37,2839.77,2.3,638,0,nao,educacao,5900.0,36,1
105391,59,4479.23,4.9,533,1,sim,veiculo,13200.0,36,0
105392,23,1412.0,3.0,582,1,nao,veiculo,4100.0,48,1
105393,21,2094.03,5.0,444,2,nao,educacao,4900.0,36,0
105394,30,2041.56,12.3,619,2,nao,pessoal,11000.0,60,1
105395,43,4358.61,5.7,881,0,sim,pessoal,5100.0,48,0
105396,47,4229.33,2.3,684,2,nao,negocio,17400.0,24,1
105397,45,5073.92,1.2,757,0,sim,veiculo,38500.0,60,0
105398,54,3164.12,1.3,522,1,sim,educacao,23100.0,36,1
105399,19,1703.83,3.0,614,2,sim,negocio,11000.0,36,0
105400,54,4582.12,20.3,667,2,sim,educacao,10800.0,48,0
105401,36,2018.52,0.8,546,1,nao,veiculo,16900.0,60,0
105402,49,,3.7,692,2,sim,reforma,32400.0,12,0
105403,24,2865.69,1.7,720,0,nao,reforma,23600.0,24,0
105404,40,3112.49,7.1,711,1,sim,negocio,20800.0,60,0
105405,43,4964.29,8.3,620,1,sim,pessoal,21000.0,36,0
105406,54,,0.0,782,2,sim,reforma,12000.0,60,0
105407,21,1412.0,5.0,607,2,nao,negocio,20400.0,24,1
105408,40,2077.18,4.1,595,1,sim,veiculo,2500.0,60,0
105409,27,5685.91,10.6,827,1,nao,reforma,17900.0,24,0
105410,46,4163.74,0.9,496,4,nao,pessoal,6300.0,60,1
105411,49,1626.8,15.0,419,3,sim,pessoal,6100.0,48,1
105412,55,5029.51,4.6,527,0,sim,pessoal,21800.0,60,0
105413,34,2552.67,0.8,690,4,nao,veiculo,6100.0,24,0
105414,51,2561.74,3.6,807,1,nao,pessoal,6400.0,24,0
105415,56,2207.77,21.3,554,0,nao,veiculo,3500.0,24,0
105416,20,,2.9,876,0,nao,veiculo,22900.0,60,0
105417,47,,,644,0,sim,pessoal,3700.0,24,0
105418,52,2614.36,23.5,625,1,sim,pessoal,11800.0,36,0
105419,37,3843.75,17.4,530,3,sim,reforma,9800.0,24,1
105420,25,7371.08,5.1,894,3,nao,veiculo,29900.0,48,0
105421,51,5619.73,4.1,620,1,sim,reforma,30700.0,48,0
105422,26,,,467,0,nao,educacao,9200.0,12,0
105423,38,8441.23,3.2,959,0,sim,educacao,33500.0,48,0
105424,40,1767.35,5.0,691,1,nao,reforma,5800.0,24,0
105425,49,4746.51,15.7,744,1,sim,reforma,22100.0,60,0
105426,32,4430.54,5.6,859,0,nao,veiculo,10800.0,60,0
105427,32,2086.79,1.7,720,1,nao,veiculo,6500.0,24,0
105428,41,5527.25,0.1,767,3,sim,pessoal,23800.0,24,0
105429,52,3123.71,4.7,647,0,sim,negocio,27500.0,36,0
105430,67,6073.83,6.9,735,2,sim,educacao,14700.0,60,1
105431,22,1412.0,6.0,636,0,nao,reforma,2900.0,60,0
105432,44,4679.35,2.6,637,2,nao,reforma,19400.0,36,0
105433,27,2533.48,6.1,656,3,nao,veiculo,18300.0,36,0
105434,52,7799.02,2.2,588,1,sim,pessoal,44400.0,24,0
105435,29,3184.04,4.6,706,1,nao,pessoal,11300.0,24,0
105436,32,6734.99,9.1,705,0,sim,pessoal,49200.0,60,0
105437,33,4534.65,7.3,746,0,nao,educacao,5400.0,60,0
105438,39,3432.63,3.7,723,1,nao,reforma,22000.0,36,0
105439,44,6002.29,5.7,900,0,sim,veiculo,17400.0,24,0
105440,46,6153.42,5.9,777,1,sim,pessoal,31400.0,36,0
105441,40,4827.6,1.9,613,0,nao,negocio,30900.0,36,0
105442,24,1412.0,1.7,699,3,nao,educacao,5600.0,48,1
105443,49,2389.46,,824,1,sim,educacao,8700.0,36,0
105444,39,7883.05,11.3,517,2,sim,veiculo,21800.0,48,0
105445,54,2076.93,7.2,902,1,sim,veiculo,20100.0,24,0
105446,32,5504.65,16.0,539,2,nao,veiculo,23700.0,36,0
105447,21,4315.38,5.0,757,1,nao,pessoal,17300.0,48,0
105448,40,2498.36,,641,1,nao,veiculo,21600.0,36,0
105449,56,1412.0,17.1,633,0,nao,veiculo,3700.0,48,0
105450,42,2784.87,8.0,471,1,sim,reforma,8400.0,60,0
105451,38,11414.59,1.7,758,1,sim,veiculo,70100.0,24,0
105452,30,2055.11,,473,1,sim,pessoal,20900.0,24,1
105453,61,2677.33,2.2,452,0,sim,veiculo,9600.0,12,0
105454,28,1860.25,0.4,791,1,nao,veiculo,8200.0,48,0
105455,31,6526.67,15.0,873,1,nao,reforma,8800.0,24,0
105456,47,3515.5,1.6,553,1,nao,negocio,26600.0,36,0
105457,18,1984.51,2.0,770,0,nao,pessoal,3600.0,12,0
105458,55,9016.64,0.5,744,1,sim,veiculo,22800.0,60,0
105459,47,5526.23,,628,3,sim,veiculo,21700.0,36,1
105460,51,2499.4,4.8,814,2,nao,reforma,5900.0,12,0
105461,47,2049.95,6.5,619,1,sim,negocio,2200.0,36,0
105462,38,6882.47,10.7,707,1,nao,veiculo,11500.0,24,0
105463,27,3207.48,0.6,477,4,nao,educacao,11900.0,60,1
105464,38,1552.7,0.1,483,1,nao,pessoal,13300.0,60,1
105465,28,1412.0,4.5,792,1,nao,negocio,11600.0,48,0
105466,46,2152.12,2.7,712,2,sim,educacao,9500.0,24,0
105467,50,2095.82,17.4,621,1,sim,pessoal,8100.0,60,0
105468,58,1412.0,6.7,888,1,nao,reforma,8000.0,24,0
105469,44,2125.9,1.4,887,3,sim,veiculo,16500.0,48,0
105470,51,2499.69,1.2,697,0,sim,negocio,9400.0,36,0
105471,36,2757.05,12.5,451,1,nao,pessoal,10600.0,36,1
105472,34,8809.51,0.4,625,0,nao,reforma,34800.0,24,0
105473,46,3433.27,,532,1,nao,veiculo,22000.0,24,0
105474,35,3204.6,16.9,652,1,nao,pessoal,4900.0,60,0
105475,43,5094.51,2.5,518,2,sim,educacao,18000.0,48,0
105476,27,2789.12,,484,3,nao,reforma,12400.0,60,0
105477,29,4065.04,,346,2,nao,veiculo,4600.0,48,1
105478,48,4737.55,9.1,662,2,nao,negocio,28700.0,12,0
105479,51,4433.04,4.4,341,0,sim,negocio,29600.0,12,1
105480,28,14745.5,5.5,598,0,nao,educacao,16100.0,48,0
105481,48,6701.3,9.8,730,1,nao,pessoal,18300.0,24,0
105482,34,1915.13,10.4,546,1,sim,negocio,5300.0,24,1
105483,40,4565.01,4.9,499,0,sim,pessoal,9400.0,36,0
105484,57,2681.04,0.9,631,2,sim,veiculo,6000.0,48,0
105485,50,5296.78,24.2,532,0,sim,negocio,13600.0,36,1
105486,50,1945.09,1.6,664,0,sim,pessoal,9800.0,24,0
105487,63,,1.0,506,1,sim,pessoal,16700.0,60,0
105488,32,4093.45,5.1,626,2,nao,negocio,20000.0,60,1
105489,28,5573.92,0.3,595,1,nao,pessoal,11300.0,48,1
105490,31,4411.52,4.0,639,0,sim,pessoal,24800.0,24,0
105491,37,5755.42,8.2,853,1,sim,pessoal,28900.0,48,0
105492,18,3439.13,2.0,666,1,nao,reforma,2100.0,36,0
105493,38,4002.25,20.1,706,1,sim,veiculo,29500.0,12,0
105494,33,2600.05,,559,3,sim,veiculo,9900.0,48,0
105495,49,6414.91,10.9,669,2,nao,negocio,24900.0,60,0
105496,44,6838.76,10.4,604,2,nao,educacao,8400.0,36,1
105497,33,3312.98,6.4,644,2,nao,reforma,30500.0,12,0
105498,47,,1.8,724,1,sim,pessoal,16100.0,24,0
105499,49,,,575,0,sim,negocio,54800.0,36,0
105500,31,3308.63,15.0,588,2,nao,pessoal,5200.0,48,0
105501,34,3619.58,5.5,577,0,nao,negocio,17200.0,24,0
105502,18,3654.44,2.0,574,2,nao,pessoal,17600.0,24,1
105503,27,3011.56,11.0,663,1,nao,educacao,9600.0,60,0
105504,31,2130.97,9.0,593,1,nao,negocio,3400.0,60,0
105505,41,4636.2,7.5,835,1,sim,pessoal,15600.0,60,0
105506,29,3193.21,0.4,988,2,nao,pessoal,6300.0,24,0
105507,34,9563.64,3.4,566,1,nao,pessoal,22000.0,60,1
105508,25,4773.65,3.8,678,1,nao,pessoal,33500.0,24,1
105509,42,2744.47,10.7,775,2,sim,veiculo,10100.0,36,0
105510,45,5874.61,0.0,605,0,sim,pessoal,19600.0,36,0
105511,45,,,511,2,nao,pessoal,8100.0,60,1
105512,40,7652.12,5.9,866,1,sim,veiculo,26100.0,24,0
105513,22,2224.29,,729,0,nao,pessoal,7100.0,60,0
105514,33,3805.06,0.8,681,2,nao,educacao,7400.0,60,0
105515,35,3327.61,0.9,829,5,nao,pessoal,22300.0,60,0
105516,35,3628.86,3.2,740,1,nao,pessoal,23700.0,24,1
105517,41,2314.41,7.1,634,0,nao,pessoal,5100.0,24,0
105518,57,5688.31,12.5,513,0,sim,pessoal,25200.0,24,0
105519,50,5215.01,0.9,576,0,sim,pessoal,6000.0,36,0
105520,28,6529.0,,797,2,nao,pessoal,27700.0,24,0
105521,48,4037.67,12.6,729,2,sim,pessoal,22600.0,36,1
105522,48,3237.08,3.0,616,1,sim,veiculo,5800.0,60,0
105523,30,5100.03,14.0,870,0,nao,veiculo,18000.0,60,0
105524,50,2677.41,8.9,620,2,sim,reforma,10100.0,36,0
105525,38,6610.94,11.2,768,1,nao,negocio,131000.0,36,0
105526,23,5460.3,4.5,669,2,sim,reforma,89900.0,36,1
105527,45,7855.08,0.3,891,2,nao,pessoal,33400.0,60,0
105528,43,4736.11,0.8,738,1,sim,veiculo,11100.0,12,0
105529,37,2753.31,5.7,646,1,nao,reforma,11200.0,24,0
105530,40,3954.49,6.5,617,0,sim,veiculo,27200.0,24,0
105531,31,4123.92,1.0,638,3,nao,pessoal,5300.0,48,1
105532,47,,0.5,546,1,sim,educacao,2900.0,24,0
105533,39,7665.04,0.9,462,1,nao,pessoal,13500.0,60,0
105534,42,,1.4,680,1,sim,pessoal,29000.0,60,0
105535,44,2382.62,28.0,571,1,nao,reforma,13600.0,60,0
105536,26,,,570,2,nao,negocio,40300.0,36,1
105537,29,3441.49,8.8,628,1,nao,negocio,23500.0,60,0
105538,18,1533.98,2.0,647,2,nao,negocio,4800.0,24,1
105539,47,2545.04,,641,1,nao,veiculo,7600.0,24,0
105540,25,7012.86,4.3,866,2,nao,veiculo,30900.0,36,0
105541,42,10390.02,2.4,726,0,sim,pessoal,101500.0,48,0
105542,44,6781.1,8.9,914,0,nao,veiculo,30400.0,12,0
105543,47,8301.23,17.8,583,2,sim,educacao,27400.0,36,0
105544,26,6123.21,9.5,742,0,nao,pessoal,27300.0,60,0
105545,39,5001.61,1.6,590,2,sim,pessoal,41100.0,12,0
105546,60,4966.1,2.0,567,4,sim,negocio,14000.0,12,1
105547,61,5576.64,1.9,919,0,sim,pessoal,14900.0,60,0
105548,52,6211.92,7.7,540,1,sim,pessoal,16400.0,60,1
105549,44,2588.41,4.8,350,0,sim,negocio,14800.0,12,1
105550,28,4816.07,12.0,548,1,sim,pessoal,10600.0,36,0
105551,49,9149.63,1.8,379,1,sim,educacao,47000.0,24,1
105552,38,3249.43,20.9,516,2,nao,pessoal,4700.0,24,0
105553,47,3382.1,,528,1,nao,pessoal,10100.0,12,1
105554,32,4403.24,0.0,645,3,nao,pessoal,14900.0,24,0
105555,38,2546.38,9.9,374,0,sim,pessoal,26100.0,48,0
105556,42,1845.69,11.7,795,0,nao,veiculo,11600.0,24,0
105557,43,7237.81,4.6,396,1,nao,reforma,20500.0,24,1
105558,46,3102.64,2.0,623,0,sim,veiculo,8000.0,24,0
105559,33,,0.2,598,2,nao,veiculo,8100.0,12,0
105560,24,2181.97,8.0,747,1,nao,pessoal,3900.0,36,0
105561,59,8363.5,1.5,686,1,sim,reforma,77200.0,48,1
105562,70,6625.38,2.9,794,1,sim,pessoal,14700.0,60,0
105563,45,,7.3,593,1,sim,pessoal,33900.0,24,0
105564,24,1594.97,1.3,580,0,nao,negocio,5900.0,24,0
105565,31,2764.76,0.1,694,4,nao,negocio,9200.0,48,0
105566,46,5440.44,1.2,774,2,sim,pessoal,20200.0,24,0
105567,56,4597.03,9.4,747,0,nao,pessoal,33300.0,36,0
105568,25,3285.34,2.9,682,1,nao,veiculo,6900.0,48,0
105569,39,4136.67,11.4,670,0,nao,veiculo,19600.0,36,0
105570,42,5780.22,0.8,635,1,sim,negocio,19800.0,24,0
105571,50,4049.68,4.9,693,0,sim,veiculo,18100.0,36,0
105572,36,4554.63,1.1,905,1,nao,pessoal,14100.0,36,0
105573,21,,2.0,608,2,nao,veiculo,4800.0,12,0
105574,47,16369.21,1.4,593,1,nao,pessoal,78500.0,24,0
105575,53,3545.0,8.5,583,0,sim,veiculo,5400.0,36,0
105576,39,4118.27,14.1,691,2,nao,veiculo,33300.0,12,0
105577,45,5372.07,2.1,364,2,sim,negocio,20100.0,24,1
105578,34,2769.86,18.0,622,0,nao,pessoal,7000.0,36,0
105579,30,3318.25,0.2,754,1,sim,reforma,14500.0,36,0
105580,52,4134.15,22.9,572,2,sim,pessoal,9500.0,12,0
105581,45,2379.61,12.7,664,0,sim,negocio,8700.0,60,1
105582,46,5060.68,5.2,914,0,nao,pessoal,18600.0,12,0
105583,58,1672.95,13.0,683,2,sim,pessoal,12500.0,60,0
105584,27,8333.15,3.3,349,1,nao,pessoal,34500.0,60,0
105585,33,5305.24,4.5,457,3,sim,educacao,9500.0,24,1
105586,42,5412.01,14.5,607,2,sim,pessoal,26800.0,12,0
105587,33,1412.0,0.7,536,1,nao,reforma,7600.0,12,0
105588,49,2652.72,,653,0,sim,pessoal,3500.0,60,0
105589,38,7815.61,2.4,602,1,nao,reforma,13400.0,60,0
105590,28,31581.27,4.5,792,1,nao,negocio,150000.0,36,0
105591,41,7265.19,2.1,498,0,nao,pessoal,20800.0,60,1
105592,42,6735.71,11.1,613,1,sim,reforma,19600.0,48,0
105593,51,5531.16,6.8,668,1,nao,veiculo,19000.0,36,0
105594,45,2468.31,,684,2,sim,veiculo,5900.0,60,0
105595,46,6873.15,16.1,659,0,sim,pessoal,8300.0,36,0
105596,44,2123.91,6.1,327,1,sim,pessoal,3800.0,36,1
105597,38,1870.42,7.5,651,0,sim,educacao,4500.0,48,0
105598,31,1660.84,15.0,620,1,nao,pessoal,4300.0,48,0
105599,43,,,752,1,sim,pessoal,14500.0,24,1
105600,36,3445.46,15.9,734,2,nao,pessoal,4900.0,36,0
105601,60,4380.37,0.6,671,1,sim,reforma,11000.0,24,0
105602,56,4109.04,4.2,681,0,sim,negocio,28100.0,12,0
105603,48,2185.92,6.8,816,4,sim,negocio,5100.0,24,0
105604,45,,7.2,790,2,nao,educacao,8500.0,36,0
105605,39,2617.51,3.3,676,1,sim,negocio,21800.0,24,1
105606,25,1428.42,9.0,919,1,sim,reforma,3300.0,24,0
105607,37,2726.62,5.4,558,1,nao,veiculo,59700.0,12,1
105608,41,2077.77,4.8,486,4,sim,veiculo,12400.0,60,0
105609,43,5289.88,9.7,639,3,sim,negocio,19400.0,48,0
105610,46,5719.09,1.0,591,2,sim,pessoal,17200.0,12,1
105611,51,2034.32,1.6,320,0,sim,veiculo,15900.0,48,0
105612,32,2877.99,3.3,555,2,sim,educacao,6600.0,36,0
105613,32,9403.41,4.4,685,3,nao,pessoal,25400.0,36,0
105614,57,2416.31,,632,0,sim,educacao,22200.0,60,0
105615,49,5186.84,6.8,539,1,sim,educacao,14500.0,36,0
105616,35,3723.98,4.2,646,2,nao,veiculo,9900.0,24,0
105617,39,6716.35,3.3,656,2,nao,educacao,15800.0,48,0
105618,39,4331.71,1.4,733,0,nao,pessoal,4800.0,24,0
105619,40,2937.58,4.2,557,2,sim,negocio,18900.0,60,0
105620,46,4124.71,2.3,754,0,sim,pessoal,14100.0,60,0
105621,70,4333.67,1.2,498,1,sim,pessoal,28800.0,24,0
105622,42,3620.72,0.3,575,0,nao,veiculo,11500.0,48,1
105623,48,1965.35,5.3,861,1,nao,reforma,5300.0,60,0
105624,20,5713.76,,507,2,nao,reforma,13400.0,60,0
105625,34,6241.8,10.0,554,1,nao,veiculo,32900.0,12,0
105626,55,2333.47,8.6,477,0,sim,educacao,5000.0,24,0
105627,45,3334.28,4.9,532,1,nao,reforma,14700.0,36,0
105628,18,2473.97,2.0,658,2,nao,negocio,8900.0,36,0
105629,48,2149.2,0.8,732,2,sim,pessoal,4000.0,24,0
105630,63,1484.27,0.6,638,1,sim,negocio,4000.0,12,0
105631,18,1936.33,0.5,598,4,nao,negocio,6800.0,36,1
105632,58,3406.35,,478,1,sim,negocio,9900.0,24,0
105633,18,1412.0,0.8,545,1,nao,veiculo,15400.0,36,0
105634,51,4567.65,4.4,439,0,sim,negocio,18400.0,24,1
105635,40,7059.47,3.7,736,1,nao,pessoal,22000.0,36,0
105636,18,4449.46,2.0,745,1,nao,pessoal,12500.0,36,0
105637,45,3669.22,5.1,635,2,sim,veiculo,11200.0,24,0
105638,54,1505.97,6.1,697,2,sim,negocio,3700.0,24,0
105639,44,5769.35,1.7,754,0,sim,negocio,12300.0,24,0
105640,47,4354.89,2.5,653,0,sim,veiculo,21800.0,24,0
105641,35,4437.75,8.9,821,0,nao,educacao,39100.0,12,0
105642,18,8121.18,2.0,507,0,nao,veiculo,21700.0,36,0
105643,48,2579.35,3.7,595,1,sim,pessoal,11700.0,36,1
105644,61,1412.0,15.8,579,2,sim,reforma,3300.0,24,1
105645,54,2321.61,1.0,724,1,sim,pessoal,8600.0,60,0
105646,18,3658.1,2.0,454,1,nao,reforma,5800.0,48,0
105647,22,3012.28,0.0,828,2,nao,pessoal,6300.0,60,0
105648,30,1693.05,2.1,713,1,nao,pessoal,3500.0,36,0
105649,21,1412.0,0.5,868,1,nao,reforma,4500.0,36,0
105650,41,3098.69,11.2,635,2,nao,veiculo,5400.0,48,1
105651,45,1982.39,1.0,568,2,nao,educacao,1800.0,36,1
105652,23,4007.98,0.3,725,0,nao,reforma,6200.0,48,0
105653,49,3271.31,16.4,774,1,nao,pessoal,10300.0,36,0
105654,47,,10.7,547,0,sim,educacao,6200.0,12,0
105655,33,,7.7,380,1,nao,pessoal,5600.0,60,0
105656,38,4206.8,5.7,403,0,nao,reforma,17300.0,24,1
105657,18,2866.39,2.0,674,1,nao,veiculo,6100.0,36,1
105658,36,3973.76,7.6,840,0,sim,pessoal,13300.0,24,0
105659,40,4111.84,3.3,471,0,nao,veiculo,51900.0,36,1
105660,42,3659.76,20.7,605,2,sim,negocio,10200.0,36,0
105661,45,2228.74,7.2,595,1,sim,pessoal,6900.0,36,0
105662,43,2576.33,2.8,890,0,nao,negocio,11300.0,12,0
105663,37,2895.93,7.1,934,0,nao,veiculo,6200.0,24,0
105664,43,11988.29,20.4,695,2,nao,pessoal,29400.0,24,1
105665,52,1973.49,1.6,757,0,sim,reforma,6500.0,36,0
105666,39,2924.19,0.3,753,2,sim,reforma,11500.0,24,0
105667,44,4108.14,5.7,474,3,sim,veiculo,8200.0,24,0
105668,38,3080.68,1.5,731,0,sim,pessoal,15100.0,12,0
105669,32,6116.09,9.0,507,1,sim,educacao,54100.0,48,0
105670,46,,9.5,618,1,sim,educacao,3700.0,12,0
105671,33,3014.89,8.6,788,3,nao,educacao,13300.0,24,0
105672,45,6157.69,1.7,651,1,sim,educacao,20400.0,36,0
105673,40,10081.38,11.9,783,0,sim,veiculo,29500.0,36,0
105674,36,7711.87,13.0,809,1,nao,veiculo,32800.0,12,0
105675,36,3298.53,16.5,412,1,nao,reforma,26400.0,48,0
105676,34,3378.72,8.1,357,0,nao,pessoal,13800.0,24,1
105677,20,2959.07,4.0,791,2,nao,reforma,18400.0,36,0
105678,45,4265.27,0.3,796,0,sim,pessoal,14600.0,24,0
105679,43,2415.8,19.7,673,1,nao,educacao,10500.0,36,0
105680,50,6936.44,3.3,691,2,nao,pessoal,17500.0,36,1
105681,34,3889.83,7.3,756,1,nao,educacao,13900.0,60,0
105682,63,,3.9,754,2,sim,pessoal,12000.0,24,0
105683,35,1746.52,2.6,600,2,nao,negocio,6500.0,24,1
105684,29,3375.68,13.0,764,0,nao,reforma,4400.0,24,0
105685,28,1412.0,2.9,595,1,nao,veiculo,2500.0,36,0
105686,19,2063.91,2.0,672,0,sim,pessoal,14700.0,12,0
105687,58,,4.4,666,0,sim,reforma,24600.0,60,0
105688,56,4852.57,0.5,528,2,sim,veiculo,6000.0,24,0
105689,47,11298.86,0.5,543,0,sim,educacao,28100.0,60,1
105690,29,4467.77,4.4,930,1,nao,educacao,10000.0,36,0
105691,62,9191.53,5.6,524,1,sim,reforma,37500.0,36,0
105692,36,5070.82,11.3,688,1,nao,pessoal,16900.0,48,1
105693,37,6680.26,3.8,715,1,nao,pessoal,35200.0,12,0
105694,57,,5.0,633,2,sim,veiculo,17900.0,36,0
105695,48,,13.2,727,0,nao,veiculo,11700.0,24,0
105696,66,2673.14,13.8,683,1,sim,reforma,7700.0,24,0
105697,43,5561.79,1.5,527,2,nao,veiculo,12500.0,48,0
105698,35,3506.9,5.2,710,1,sim,veiculo,16000.0,24,0
105699,33,3871.94,,569,1,nao,veiculo,11700.0,36,0
105700,18,2442.09,2.0,866,0,nao,veiculo,8000.0,24,0
105701,37,2592.02,3.3,696,0,sim,negocio,20200.0,60,0
105702,54,10105.52,1.2,549,1,nao,pessoal,36900.0,60,0
105703,47,2194.29,13.3,684,1,sim,pessoal,24700.0,12,0
105704,40,5432.04,1.3,520,1,sim,pessoal,4700.0,60,1
105705,28,4296.1,1.9,674,0,nao,pessoal,15000.0,24,1
105706,43,1615.45,0.4,611,0,sim,reforma,2900.0,36,0
105707,52,2624.09,3.8,533,1,sim,educacao,5300.0,60,0
105708,45,2732.39,10.0,531,1,sim,reforma,6500.0,24,0
105709,42,5194.63,0.2,957,2,nao,negocio,31600.0,48,0
105710,30,2700.03,0.3,652,1,nao,pessoal,7400.0,24,0
105711,50,3953.44,5.7,584,1,sim,pessoal,7000.0,60,0
105712,18,1412.0,0.9,561,1,nao,pessoal,7300.0,36,1
105713,45,14138.59,2.1,701,0,nao,reforma,24300.0,24,0
105714,71,4309.49,3.4,557,0,sim,veiculo,41100.0,12,0
105715,22,3905.32,2.5,498,0,nao,pessoal,6300.0,36,1
105716,37,2672.55,1.0,636,1,nao,pessoal,7900.0,48,0
105717,40,2600.89,0.1,635,0,sim,negocio,28900.0,48,1
105718,34,9941.4,8.8,586,1,nao,pessoal,28600.0,36,0
105719,52,1444.07,7.5,524,0,nao,pessoal,6500.0,36,0
105720,46,4634.52,6.5,589,0,nao,veiculo,15200.0,36,0
105721,42,1955.76,0.7,579,2,sim,veiculo,6800.0,12,1
105722,50,3316.5,0.5,561,0,nao,reforma,7100.0,24,0
105723,40,2621.76,0.7,676,1,sim,reforma,12000.0,24,0
105724,78,2409.39,19.9,929,2,sim,educacao,18700.0,48,0
105725,42,3882.96,0.7,813,2,sim,educacao,4200.0,36,0
105726,42,1412.0,7.4,892,0,sim,veiculo,2800.0,12,0
105727,19,2389.27,3.0,566,1,nao,negocio,6000.0,60,0
105728,33,3263.83,16.9,858,0,sim,reforma,6700.0,24,0
105729,54,1962.19,14.0,670,1,sim,negocio,10100.0,12,0
105730,24,7015.12,1.9,768,0,nao,veiculo,17100.0,36,0
105731,18,2019.13,2.0,700,0,nao,pessoal,7400.0,60,0
105732,40,3268.01,4.7,595,3,nao,reforma,28000.0,60,1
105733,56,2992.0,26.1,734,0,sim,negocio,3600.0,36,0
105734,41,3600.79,,703,2,sim,negocio,15200.0,48,0
105735,36,7301.76,1.5,410,1,nao,pessoal,23700.0,36,1
105736,18,10911.07,,624,4,nao,veiculo,35500.0,60,0
105737,45,5928.42,19.3,753,2,sim,negocio,12100.0,60,0
105738,48,7385.95,5.5,676,0,sim,veiculo,20600.0,24,0
105739,19,7304.88,,701,4,nao,veiculo,25400.0,36,0
105740,54,4751.88,3.5,542,1,sim,negocio,14900.0,24,0
105741,49,9729.01,0.3,673,0,sim,veiculo,51700.0,48,0
105742,54,6407.58,9.6,627,0,sim,pessoal,11600.0,12,0
105743,47,4349.14,1.0,614,4,sim,pessoal,6600.0,36,1
105744,48,4922.77,10.3,552,1,nao,veiculo,5200.0,60,0
105745,46,1460.09,,759,2,sim,veiculo,5600.0,36,0
105746,50,4866.27,8.7,685,0,sim,negocio,26800.0,12,0
105747,18,1412.0,2.0,672,0,nao,educacao,2400.0,12,0
105748,22,1412.0,2.5,907,2,nao,pessoal,2300.0,60,0
105749,31,3720.47,7.1,702,2,sim,educacao,40400.0,48,0
105750,38,1972.38,5.6,796,1,sim,pessoal,14900.0,48,0
105751,45,3918.64,9.0,675,1,sim,pessoal,30500.0,24,0
105752,44,4199.91,0.1,594,1,nao,veiculo,18100.0,36,0
105753,53,4582.93,5.1,502,0,sim,veiculo,24500.0,36,0
105754,54,2520.34,0.4,671,3,sim,pessoal,7400.0,48,0
105755,30,,4.5,300,0,nao,veiculo,8100.0,36,1
105756,43,3665.61,2.6,675,1,sim,negocio,5600.0,24,0
105757,30,4211.11,2.5,681,2,sim,reforma,14800.0,36,0
105758,38,1885.03,6.1,612,1,nao,pessoal,11500.0,48,0
105759,44,3528.39,2.7,628,2,nao,negocio,11200.0,12,1
105760,18,,2.0,477,0,nao,pessoal,25800.0,36,0
105761,69,7065.75,6.0,820,0,sim,pessoal,23400.0,24,0
105762,47,2591.59,0.7,596,1,nao,pessoal,10900.0,60,0
105763,33,2540.86,5.2,514,3,sim,pessoal,14100.0,24,1
105764,63,2405.8,0.5,711,2,nao,pessoal,18700.0,36,0
105765,36,2478.39,5.0,654,2,sim,pessoal,10300.0,36,0
105766,42,1764.06,5.8,593,0,sim,veiculo,19800.0,60,0
105767,34,3217.92,,580,3,sim,pessoal,9800.0,60,0
105768,60,5870.19,2.6,639,1,sim,pessoal,45500.0,12,0
105769,39,2390.92,2.6,815,2,nao,reforma,11900.0,12,0
105770,42,3622.88,8.2,701,1,nao,veiculo,4200.0,48,0
105771,54,3670.72,6.4,636,2,sim,reforma,30000.0,36,0
105772,47,7178.57,12.3,751,1,nao,pessoal,14500.0,36,0
105773,39,2630.25,4.2,644,0,nao,educacao,7900.0,36,0
105774,53,3020.11,1.7,692,2,sim,negocio,17800.0,48,0
105775,70,2602.18,,660,0,sim,pessoal,5800.0,48,0
105776,44,2081.92,2.1,717,0,sim,reforma,7000.0,36,0
105777,41,5038.28,12.3,582,2,nao,educacao,26200.0,24,0
105778,42,3535.28,8.1,492,2,sim,veiculo,7600.0,60,0
105779,56,4270.82,2.6,758,0,sim,pessoal,13000.0,36,0
105780,33,6914.45,11.0,836,5,nao,pessoal,19600.0,24,0
105781,37,7485.91,1.1,498,2,nao,reforma,46700.0,60,0
105782,22,1412.0,6.0,663,1,nao,veiculo,12700.0,48,0
105783,26,4478.36,0.7,582,1,nao,educacao,8100.0,36,0
105784,34,3930.77,13.0,755,1,nao,pessoal,14400.0,48,0
105785,39,2856.45,1.7,672,1,sim,pessoal,7300.0,24,0
105786,61,4962.39,8.2,1000,0,sim,veiculo,17700.0,36,0
105787,46,1538.43,0.6,601,3,sim,veiculo,15500.0,24,1
105788,29,7292.12,2.3,840,2,nao,reforma,32100.0,60,0
105789,31,4441.47,1.2,853,0,nao,pessoal,11100.0,12,0
105790,56,2574.88,14.0,709,0,sim,veiculo,4000.0,24,0
105791,54,3003.22,1.3,645,0,sim,educacao,19100.0,24,0
105792,40,1459.46,2.9,652,1,sim,negocio,3900.0,36,0
105793,35,2956.71,0.5,641,1,nao,negocio,6500.0,12,0
105794,53,3177.7,4.5,787,2,sim,veiculo,13300.0,36,0
105795,28,1553.59,,527,0,nao,negocio,7700.0,48,0
105796,45,6030.58,2.3,619,0,nao,veiculo,16900.0,12,0
105797,67,8363.69,27.4,603,1,sim,pessoal,16600.0,60,0
105798,42,3751.13,5.6,416,1,nao,negocio,29800.0,60,1
105799,31,2828.25,2.5,752,0,sim,pessoal,14900.0,12,0
105800,45,4997.3,7.7,778,0,sim,pessoal,31600.0,12,0
105801,34,3434.7,0.3,558,2,nao,pessoal,9700.0,36,0
105802,23,1659.87,,774,0,nao,veiculo,3500.0,24,0
105803,48,2835.48,4.8,434,1,nao,veiculo,7200.0,36,1
105804,53,3520.57,3.3,643,1,nao,reforma,4900.0,36,0
105805,36,4076.09,7.5,624,2,nao,pessoal,11700.0,36,0
105806,35,,2.4,651,0,nao,pessoal,8200.0,48,0
105807,28,3614.97,7.3,651,0,nao,pessoal,12100.0,60,0
105808,38,,12.2,630,3,nao,pessoal,5700.0,36,0
105809,33,4945.26,1.1,590,0,sim,pessoal,18300.0,12,0
105810,28,3226.06,2.9,626,1,nao,pessoal,7900.0,12,0
105811,63,16871.93,8.8,817,0,nao,negocio,28900.0,36,0
105812,46,3212.59,0.7,565,1,sim,educacao,4700.0,48,0
105813,47,4800.34,,933,4,sim,veiculo,18900.0,48,0
105814,51,19643.22,2.9,557,5,sim,veiculo,74600.0,36,1
105815,49,4564.12,1.8,671,1,sim,negocio,6900.0,36,0
105816,35,3385.69,3.6,714,2,nao,reforma,27900.0,60,0
105817,43,2237.29,8.3,602,1,sim,educacao,12900.0,24,0
105818,37,8338.84,9.4,820,1,nao,negocio,15800.0,24,0
105819,45,2079.55,19.4,711,1,sim,pessoal,8500.0,60,0
105820,44,4922.61,,613,2,nao,pessoal,15900.0,60,0
105821,35,,1.6,818,2,nao,pessoal,11100.0,12,0
105822,24,2750.17,1.2,508,0,nao,veiculo,10700.0,36,0
105823,42,1740.1,2.9,566,0,sim,negocio,9100.0,48,0
105824,38,7619.45,3.3,713,3,sim,pessoal,64800.0,24,0
105825,18,2403.27,2.0,744,1,nao,negocio,10100.0,12,0
105826,46,2038.02,3.1,682,1,nao,reforma,9800.0,12,0
105827,52,8253.53,0.9,623,0,nao,reforma,69600.0,36,0
105828,70,3140.51,1.8,607,2,sim,reforma,8000.0,24,0
105829,35,4224.03,0.1,787,2,sim,veiculo,8400.0,24,0
105830,34,5515.21,8.3,671,0,nao,reforma,28900.0,12,0
105831,27,4124.61,1.5,527,1,nao,educacao,6900.0,48,0
105832,43,1412.0,,519,2,nao,veiculo,3000.0,60,0
105833,42,5582.02,1.4,837,0,sim,pessoal,48200.0,48,0
105834,30,3126.13,4.7,547,1,nao,veiculo,3900.0,12,1
105835,38,3037.45,2.7,675,0,nao,veiculo,12700.0,60,0
105836,18,2636.96,2.0,816,1,nao,negocio,3900.0,60,0
105837,51,1709.4,3.4,710,1,sim,pessoal,7700.0,24,0
105838,31,3719.02,2.6,542,0,sim,pessoal,39100.0,60,0
105839,40,1758.36,4.8,508,1,sim,veiculo,3400.0,36,0
105840,23,2572.11,7.0,883,1,nao,educacao,2500.0,12,0
105841,33,3737.83,0.6,505,3,nao,veiculo,16200.0,36,1
105842,37,6495.43,2.5,568,0,nao,pessoal,15600.0,36,0
105843,40,2372.66,1.2,688,2,nao,reforma,7400.0,60,0
105844,46,8834.37,11.3,612,0,nao,veiculo,38500.0,24,0
105845,57,,2.5,715,1,sim,veiculo,34200.0,48,0
105846,49,3239.11,5.3,449,1,sim,veiculo,16000.0,48,0
105847,52,2252.07,2.1,613,0,sim,reforma,7800.0,12,0
105848,57,1873.04,1.1,728,2,nao,pessoal,8500.0,48,0
105849,47,4665.75,1.0,729,0,sim,pessoal,14600.0,36,1
105850,40,2482.56,4.4,566,2,sim,reforma,7100.0,24,0
105851,52,8014.94,1.7,507,0,sim,pessoal,27800.0,36,0
105852,53,2851.72,4.1,668,1,sim,pessoal,14100.0,60,0
105853,48,2473.94,6.7,469,1,sim,veiculo,5900.0,48,0
105854,23,3422.72,3.2,807,1,nao,reforma,13600.0,36,0
105855,30,2265.53,1.8,660,1,nao,educacao,6000.0,12,0
105856,37,3614.96,4.8,549,0,nao,educacao,8100.0,48,0
105857,49,7055.23,1.7,503,1,sim,pessoal,46400.0,48,1
105858,40,3972.02,8.7,558,0,nao,pessoal,17400.0,60,0
105859,54,4429.08,1.5,437,3,sim,negocio,19500.0,48,1
105860,56,4638.97,5.4,704,3,sim,pessoal,9200.0,12,0
105861,54,1633.06,7.7,536,1,sim,educacao,4900.0,60,0
105862,54,5140.61,35.8,692,1,sim,pessoal,25800.0,48,0
105863,28,,3.6,710,1,nao,veiculo,15400.0,12,0
105864,46,6497.19,11.5,766,3,nao,reforma,105900.0,48,0
105865,33,4786.29,2.2,673,1,nao,veiculo,19100.0,24,0
105866,20,2580.82,0.1,786,0,nao,veiculo,6100.0,36,0
105867,37,6348.35,0.2,820,1,nao,pessoal,17100.0,24,0
105868,56,3527.94,3.6,674,0,sim,pessoal,7400.0,48,0
105869,46,4554.94,4.3,681,0,sim,veiculo,10800.0,24,0
105870,64,3492.19,3.2,568,0,sim,educacao,13000.0,60,0
105871,42,4909.0,1.8,512,2,sim,veiculo,13000.0,12,0
105872,69,3368.92,,807,2,sim,veiculo,26300.0,12,0
105873,42,9423.98,0.9,719,1,sim,negocio,56000.0,12,0
105874,40,11294.86,13.5,729,2,sim,veiculo,66400.0,24,0
105875,25,5003.47,1.3,563,3,nao,veiculo,15100.0,48,0
105876,53,9673.35,13.9,851,1,nao,pessoal,58600.0,36,0
105877,34,1489.09,6.9,610,1,sim,educacao,9600.0,36,0
105878,32,1550.35,4.0,536,4,nao,pessoal,14100.0,60,1
105879,55,3472.25,0.2,565,2,sim,pessoal,8800.0,36,1
105880,54,4239.05,6.5,844,2,sim,pessoal,14900.0,36,1
105881,54,3716.0,6.1,496,1,sim,pessoal,8300.0,36,0
105882,36,1441.18,,542,0,sim,veiculo,24600.0,60,1
105883,39,6936.74,16.9,1000,0,sim,pessoal,21500.0,24,0
105884,39,12040.37,3.1,762,1,nao,veiculo,90600.0,24,0
105885,49,8298.03,0.1,545,1,sim,veiculo,31900.0,36,0
105886,59,7528.53,4.6,499,0,sim,pessoal,44700.0,48,0
105887,44,4407.42,6.4,423,1,sim,pessoal,15300.0,12,1
105888,64,2606.51,11.2,653,2,sim,pessoal,15900.0,60,0
105889,51,4312.65,8.8,735,2,sim,reforma,17800.0,24,1
105890,37,11455.29,6.2,837,1,sim,reforma,111500.0,36,0
105891,50,3414.63,2.1,394,1,sim,pessoal,14400.0,24,1
105892,60,3226.62,0.1,468,2,nao,pessoal,7300.0,60,1
105893,64,7619.25,1.9,624,1,sim,pessoal,36400.0,24,0
105894,54,7902.58,2.6,1000,2,sim,negocio,27800.0,24,0
105895,40,2336.03,2.6,755,1,nao,negocio,4500.0,12,0
105896,37,3116.04,6.9,688,2,nao,veiculo,13700.0,24,1
105897,47,,23.6,481,2,sim,negocio,7400.0,24,0
105898,60,4305.92,1.6,364,0,nao,pessoal,13100.0,12,0
105899,45,7218.77,29.0,645,0,sim,reforma,25900.0,36,0
105900,45,2528.03,12.9,627,0,nao,reforma,2600.0,36,0
105901,41,6857.4,0.7,605,0,nao,veiculo,18500.0,36,0
105902,36,3760.47,12.1,591,1,nao,reforma,22900.0,12,0
105903,38,13083.99,2.3,543,0,nao,veiculo,40800.0,24,1
105904,42,4537.89,7.0,513,2,sim,negocio,5100.0,60,0
105905,61,3928.89,6.0,821,5,sim,pessoal,13100.0,24,0
105906,37,4935.59,13.9,525,1,nao,pessoal,23100.0,48,0
105907,41,3128.59,,604,0,nao,veiculo,9200.0,12,1
105908,30,,4.1,635,2,nao,pessoal,4200.0,12,0
105909,49,3593.72,3.4,732,0,sim,pessoal,9600.0,60,0
105910,56,3599.16,,529,3,sim,pessoal,18300.0,36,0
105911,59,1726.14,3.7,767,0,sim,veiculo,3700.0,48,0
105912,42,3658.07,6.1,565,0,sim,reforma,17800.0,36,0
105913,47,1412.0,1.2,619,2,nao,veiculo,4200.0,48,0
105914,38,3006.44,0.7,854,1,sim,veiculo,22300.0,60,0
105915,46,4546.03,4.5,514,0,sim,pessoal,11900.0,12,0
105916,44,4105.27,15.1,734,0,sim,veiculo,7400.0,24,0
105917,41,3003.94,2.9,771,3,nao,pessoal,15200.0,60,0
105918,42,3633.01,3.6,680,1,nao,pessoal,17100.0,12,1
105919,45,2555.94,0.8,625,1,sim,veiculo,11500.0,24,0
105920,36,,2.0,916,0,sim,pessoal,20800.0,12,0
105921,37,3714.8,8.2,638,0,sim,pessoal,7100.0,36,0
105922,60,2525.71,14.5,667,0,sim,negocio,5500.0,36,0
105923,73,4801.34,3.5,596,2,sim,reforma,37100.0,24,1
105924,26,3620.99,0.3,660,3,nao,negocio,16500.0,12,0
105925,25,2823.7,1.0,765,2,nao,reforma,7500.0,36,1
105926,29,12353.22,0.4,604,1,nao,pessoal,15000.0,36,0
105927,39,3407.81,4.6,366,0,sim,reforma,5700.0,48,0
105928,51,3554.03,20.0,707,2,sim,negocio,7000.0,48,0
105929,47,3185.05,2.9,500,0,sim,negocio,8000.0,12,1
105930,42,2232.42,5.6,736,0,nao,veiculo,9400.0,36,0
105931,46,5798.04,0.3,640,1,sim,pessoal,8900.0,60,0
105932,32,2322.87,2.9,763,0,nao,reforma,5900.0,36,0
105933,37,2632.69,3.5,517,1,sim,pessoal,4300.0,60,0
105934,40,2769.77,2.8,570,0,sim,pessoal,7500.0,60,1
105935,21,1702.19,0.2,596,0,nao,pessoal,24900.0,24,1
105936,26,1412.0,7.3,447,0,nao,pessoal,10100.0,12,1
105937,27,2463.63,11.0,784,1,nao,veiculo,12200.0,12,0
105938,49,6631.35,5.7,429,2,nao,negocio,17000.0,12,1
105939,43,4290.54,4.3,783,0,nao,reforma,7900.0,48,0
105940,47,9479.21,1.8,695,0,sim,reforma,31500.0,12,0
105941,18,4231.88,2.0,614,5,nao,educacao,5800.0,60,0
105942,22,,5.7,685,0,nao,pessoal,20400.0,48,0
105943,48,11434.56,,681,3,sim,veiculo,35500.0,60,0
105944,18,2654.32,2.0,588,3,nao,reforma,9100.0,36,0
105945,55,4290.28,8.6,679,1,nao,pessoal,5500.0,24,0
105946,18,2782.4,1.1,735,3,nao,veiculo,10000.0,24,1
105947,50,9686.61,13.3,517,1,nao,reforma,29400.0,48,0
105948,29,3266.52,2.5,685,3,nao,educacao,6400.0,12,1
105949,53,2901.16,1.7,300,1,sim,veiculo,11600.0,60,0
105950,78,5725.23,12.9,389,1,sim,reforma,15800.0,12,0
105951,18,,,713,0,nao,reforma,7500.0,36,0
105952,48,5444.43,,586,1,sim,negocio,27600.0,24,1
105953,18,,2.0,529,1,nao,educacao,6400.0,36,1
105954,45,3544.81,0.7,633,0,nao,pessoal,13200.0,48,0
105955,38,4968.81,11.7,589,0,sim,reforma,18300.0,12,0
105956,42,1680.04,1.2,511,0,nao,negocio,12400.0,60,0
105957,29,3567.87,7.8,427,0,nao,veiculo,20700.0,36,1
105958,49,3180.23,,384,2,nao,educacao,9000.0,24,0
105959,23,14529.56,1.1,736,3,nao,veiculo,39400.0,60,0
105960,55,4514.82,4.5,585,1,sim,veiculo,17300.0,60,0
105961,35,2531.32,,766,0,nao,veiculo,4500.0,24,0
105962,23,1412.0,7.0,584,0,nao,veiculo,2800.0,12,0
105963,59,8496.34,18.8,686,1,sim,pessoal,22500.0,60,1
105964,39,3037.21,7.1,624,1,nao,educacao,2500.0,36,0
105965,63,2681.61,0.7,646,1,sim,veiculo,5200.0,36,0
105966,55,4985.96,4.1,652,2,sim,negocio,14300.0,12,0
105967,30,,,582,1,nao,pessoal,86400.0,36,0
105968,39,5218.08,12.5,480,3,sim,educacao,12400.0,24,1
105969,41,3807.13,1.8,740,3,nao,pessoal,19800.0,24,1
105970,58,4523.18,11.0,847,2,sim,educacao,14100.0,24,0
105971,45,4469.5,2.2,856,1,sim,negocio,20400.0,12,0
105972,42,4581.94,1.8,568,0,nao,educacao,8400.0,36,0
105973,38,4598.23,7.7,545,1,sim,veiculo,6400.0,36,0
105974,39,6722.13,,568,0,nao,pessoal,53800.0,48,0
105975,56,4274.6,2.4,617,2,sim,negocio,6700.0,12,0
105976,40,2376.33,5.0,633,0,sim,pessoal,20300.0,24,0
105977,35,3245.91,1.6,510,0,nao,pessoal,9100.0,48,0
105978,33,5192.11,10.0,448,0,nao,pessoal,11100.0,36,0
105979,33,1412.0,5.9,646,2,nao,reforma,3600.0,12,0
105980,23,1412.0,2.7,300,2,sim,educacao,12900.0,48,1
105981,31,5544.56,9.5,627,3,nao,educacao,12800.0,36,1
105982,58,9561.35,,517,1,sim,veiculo,26600.0,24,0
105983,38,1815.07,0.8,741,2,sim,reforma,11400.0,48,0
105984,48,4290.64,5.3,776,1,sim,negocio,20000.0,24,0
105985,18,2247.61,2.0,779,2,nao,reforma,27400.0,36,0
105986,47,3481.03,1.5,595,2,sim,veiculo,24500.0,60,0
105987,38,4306.07,6.3,492,0,nao,negocio,9900.0,12,0
105988,34,1705.15,2.4,534,2,sim,negocio,13000.0,36,1
105989,42,2071.21,10.5,677,0,nao,reforma,2300.0,12,0
105990,34,2941.86,7.2,426,1,sim,veiculo,16300.0,60,0
105991,18,2584.84,2.0,821,3,nao,negocio,6100.0,24,1
105992,51,2230.86,5.7,597,0,sim,educacao,11200.0,60,0
105993,43,5943.98,10.3,705,1,sim,pessoal,67600.0,24,0
105994,36,2826.33,0.7,408,0,nao,negocio,3600.0,60,1
105995,28,2553.29,1.8,520,1,sim,reforma,15500.0,48,0
105996,22,3467.21,3.3,392,0,nao,reforma,20100.0,24,1
105997,43,3586.49,0.1,773,0,nao,veiculo,18700.0,36,0
105998,59,6568.42,21.0,619,0,sim,pessoal,12800.0,24,0
105999,42,2278.97,5.3,714,1,sim,pessoal,7600.0,12,1
106000,23,1412.0,7.0,648,4,nao,pessoal,2800.0,24,0
